2026-08-18T20:26:48+00:0000001	8	DEBUG	0.36Mb	0.36Mb	
waInstaller::mkdir
{------------------------------------------------------------
array (
  'pathname' => 'wa-log/wa-installer',
  'mode' => 511,
)
}------------------------------------------------------------
2026-08-18T20:26:48+00:0000002	8	DEBUG	0.36Mb	0.36Mb	
waInstaller::protect
{------------------------------------------------------------
array (
  'path' => 'wa-log/wa-installer',
  'htaccess' => 'wa-log/.htaccess',
)
}------------------------------------------------------------
2026-08-18T20:26:48+00:0000003	8	DEBUG	0.36Mb	0.37Mb	
waInstaller::setState
{------------------------------------------------------------
array (
  'start_time' => 1787084808,
  'start_time_float' => 1787084808.627036,
  'elapsed_time' => 0.0,
  'stage' => false,
  'stage_name' => 'unkown_none',
  'state_heartbeat' => false,
  'thread_id' => '8',
  'chunk_id' => NULL,
  'stage_status' => 'none',
  'timestamp' => 1787084808,
  'timestamp_float' => 1787084808.627044,
  'stage_start_time' => 1787084808.627044,
  'stage_performance' => 0,
)
}------------------------------------------------------------
2026-08-18T20:26:48+00:0000004	8	DEBUG	0.40Mb	0.45Mb	
waInstaller::formatUpdateList tree
{------------------------------------------------------------
array (
  'targets' => 
  array (
    0 => 'wa-content/',
    1 => 'wa-system/',
    2 => 'wa-apps/blog/',
    3 => 'wa-apps/crm/',
    4 => 'wa-apps/files/',
    5 => 'wa-apps/hub/',
    6 => 'wa-apps/installer/',
    7 => 'wa-apps/mailer/',
    8 => 'wa-apps/photos/',
    9 => 'wa-apps/shop/',
    10 => 'wa-apps/site/',
    11 => 'wa-apps/tasks/',
    12 => 'wa-apps/team/',
    13 => 'wa-widgets/clock/',
    14 => 'wa-widgets/currencyquotes/',
    15 => 'wa-widgets/news/',
    16 => 'wa-widgets/weather/',
    17 => 'wa-plugins/shipping/courier/',
    18 => 'wa-plugins/shipping/sd/',
    19 => 'wa-plugins/shipping/worldwide/',
    20 => 'wa-plugins/sms/webasystsms/',
  ),
  'update_list' => 
  array (
    0 => 
    array (
      'source' => '/var/www/pharmab2b/httpdocs/wa-sources/wa-content.tar.gz',
      'target' => 'wa-content/',
      'slug' => 'wa-content',
      'extract_path' => 'wa-data/protected/wa-installer/8/update/wa-content/',
      'pass' => false,
      'skipped' => false,
      'dependent' => false,
    ),
    1 => 
    array (
      'source' => '/var/www/pharmab2b/httpdocs/wa-sources/wa-system.tar.gz',
      'target' => 'wa-system/',
      'slug' => 'wa-system',
      'extract_path' => 'wa-data/protected/wa-installer/8/update/wa-system/',
      'pass' => false,
      'skipped' => false,
      'dependent' => false,
    ),
    2 => 
    array (
      'source' => '/var/www/pharmab2b/httpdocs/wa-sources/wa-apps/blog.tar.gz',
      'target' => 'wa-apps/blog/',
      'slug' => 'wa-apps/blog',
      'extract_path' => 'wa-data/protected/wa-installer/8/update/wa-apps/blog/',
      'pass' => false,
      'skipped' => false,
      'dependent' => false,
    ),
    3 => 
    array (
      'source' => '/var/www/pharmab2b/httpdocs/wa-sources/wa-apps/crm.tar.gz',
      'target' => 'wa-apps/crm/',
      'slug' => 'wa-apps/crm',
      'extract_path' => 'wa-data/protected/wa-installer/8/update/wa-apps/crm/',
      'pass' => false,
      'skipped' => false,
      'dependent' => false,
    ),
    4 => 
    array (
      'source' => '/var/www/pharmab2b/httpdocs/wa-sources/wa-apps/files.tar.gz',
      'target' => 'wa-apps/files/',
      'slug' => 'wa-apps/files',
      'extract_path' => 'wa-data/protected/wa-installer/8/update/wa-apps/files/',
      'pass' => false,
      'skipped' => false,
      'dependent' => false,
    ),
    5 => 
    array (
      'source' => '/var/www/pharmab2b/httpdocs/wa-sources/wa-apps/hub.tar.gz',
      'target' => 'wa-apps/hub/',
      'slug' => 'wa-apps/hub',
      'extract_path' => 'wa-data/protected/wa-installer/8/update/wa-apps/hub/',
      'pass' => false,
      'skipped' => false,
      'dependent' => false,
    ),
    6 => 
    array (
      'source' => '/var/www/pharmab2b/httpdocs/wa-sources/wa-apps/installer.tar.gz',
      'target' => 'wa-apps/installer/',
      'slug' => 'wa-apps/installer',
      'extract_path' => 'wa-data/protected/wa-installer/8/update/wa-apps/installer/',
      'pass' => false,
      'skipped' => false,
      'dependent' => false,
    ),
    7 => 
    array (
      'source' => '/var/www/pharmab2b/httpdocs/wa-sources/wa-apps/mailer.tar.gz',
      'target' => 'wa-apps/mailer/',
      'slug' => 'wa-apps/mailer',
      'extract_path' => 'wa-data/protected/wa-installer/8/update/wa-apps/mailer/',
      'pass' => false,
      'skipped' => false,
      'dependent' => false,
    ),
    8 => 
    array (
      'source' => '/var/www/pharmab2b/httpdocs/wa-sources/wa-apps/photos.tar.gz',
      'target' => 'wa-apps/photos/',
      'slug' => 'wa-apps/photos',
      'extract_path' => 'wa-data/protected/wa-installer/8/update/wa-apps/photos/',
      'pass' => false,
      'skipped' => false,
      'dependent' => false,
    ),
    9 => 
    array (
      'source' => '/var/www/pharmab2b/httpdocs/wa-sources/wa-apps/shop.tar.gz',
      'target' => 'wa-apps/shop/',
      'slug' => 'wa-apps/shop',
      'extract_path' => 'wa-data/protected/wa-installer/8/update/wa-apps/shop/',
      'pass' => false,
      'skipped' => false,
      'dependent' => false,
    ),
    10 => 
    array (
      'source' => '/var/www/pharmab2b/httpdocs/wa-sources/wa-apps/site.tar.gz',
      'target' => 'wa-apps/site/',
      'slug' => 'wa-apps/site',
      'extract_path' => 'wa-data/protected/wa-installer/8/update/wa-apps/site/',
      'pass' => false,
      'skipped' => false,
      'dependent' => false,
    ),
    11 => 
    array (
      'source' => '/var/www/pharmab2b/httpdocs/wa-sources/wa-apps/tasks.tar.gz',
      'target' => 'wa-apps/tasks/',
      'slug' => 'wa-apps/tasks',
      'extract_path' => 'wa-data/protected/wa-installer/8/update/wa-apps/tasks/',
      'pass' => false,
      'skipped' => false,
      'dependent' => false,
    ),
    12 => 
    array (
      'source' => '/var/www/pharmab2b/httpdocs/wa-sources/wa-apps/team.tar.gz',
      'target' => 'wa-apps/team/',
      'slug' => 'wa-apps/team',
      'extract_path' => 'wa-data/protected/wa-installer/8/update/wa-apps/team/',
      'pass' => false,
      'skipped' => false,
      'dependent' => false,
    ),
    13 => 
    array (
      'source' => '/var/www/pharmab2b/httpdocs/wa-sources/wa-widgets/clock.tar.gz',
      'target' => 'wa-widgets/clock/',
      'slug' => 'wa-widgets/clock',
      'extract_path' => 'wa-data/protected/wa-installer/8/update/wa-widgets/clock/',
      'pass' => false,
      'skipped' => false,
      'dependent' => false,
    ),
    14 => 
    array (
      'source' => '/var/www/pharmab2b/httpdocs/wa-sources/wa-widgets/currencyquotes.tar.gz',
      'target' => 'wa-widgets/currencyquotes/',
      'slug' => 'wa-widgets/currencyquotes',
      'extract_path' => 'wa-data/protected/wa-installer/8/update/wa-widgets/currencyquotes/',
      'pass' => false,
      'skipped' => false,
      'dependent' => false,
    ),
    15 => 
    array (
      'source' => '/var/www/pharmab2b/httpdocs/wa-sources/wa-widgets/news.tar.gz',
      'target' => 'wa-widgets/news/',
      'slug' => 'wa-widgets/news',
      'extract_path' => 'wa-data/protected/wa-installer/8/update/wa-widgets/news/',
      'pass' => false,
      'skipped' => false,
      'dependent' => false,
    ),
    16 => 
    array (
      'source' => '/var/www/pharmab2b/httpdocs/wa-sources/wa-widgets/weather.tar.gz',
      'target' => 'wa-widgets/weather/',
      'slug' => 'wa-widgets/weather',
      'extract_path' => 'wa-data/protected/wa-installer/8/update/wa-widgets/weather/',
      'pass' => false,
      'skipped' => false,
      'dependent' => false,
    ),
    17 => 
    array (
      'source' => '/var/www/pharmab2b/httpdocs/wa-sources/wa-apps/shop/plugins/migrate.tar.gz',
      'target' => 'wa-apps/shop/plugins/migrate/',
      'slug' => 'wa-apps/shop/plugins/migrate',
      'extract_path' => 'wa-data/protected/wa-installer/8/update/wa-apps/shop/plugins/migrate/',
      'pass' => false,
      'skipped' => false,
      'dependent' => true,
    ),
    18 => 
    array (
      'source' => '/var/www/pharmab2b/httpdocs/wa-sources/wa-apps/shop/plugins/redirect.tar.gz',
      'target' => 'wa-apps/shop/plugins/redirect/',
      'slug' => 'wa-apps/shop/plugins/redirect',
      'extract_path' => 'wa-data/protected/wa-installer/8/update/wa-apps/shop/plugins/redirect/',
      'pass' => false,
      'skipped' => false,
      'dependent' => true,
    ),
    19 => 
    array (
      'source' => '/var/www/pharmab2b/httpdocs/wa-sources/wa-apps/blog/widgets/comments.tar.gz',
      'target' => 'wa-apps/blog/widgets/comments/',
      'slug' => 'wa-apps/blog/widgets/comments',
      'extract_path' => 'wa-data/protected/wa-installer/8/update/wa-apps/blog/widgets/comments/',
      'pass' => false,
      'skipped' => false,
      'dependent' => true,
    ),
    20 => 
    array (
      'source' => '/var/www/pharmab2b/httpdocs/wa-sources/wa-apps/blog/widgets/posts.tar.gz',
      'target' => 'wa-apps/blog/widgets/posts/',
      'slug' => 'wa-apps/blog/widgets/posts',
      'extract_path' => 'wa-data/protected/wa-installer/8/update/wa-apps/blog/widgets/posts/',
      'pass' => false,
      'skipped' => false,
      'dependent' => true,
    ),
    21 => 
    array (
      'source' => '/var/www/pharmab2b/httpdocs/wa-sources/wa-apps/files/widgets/uploaded.tar.gz',
      'target' => 'wa-apps/files/widgets/uploaded/',
      'slug' => 'wa-apps/files/widgets/uploaded',
      'extract_path' => 'wa-data/protected/wa-installer/8/update/wa-apps/files/widgets/uploaded/',
      'pass' => false,
      'skipped' => false,
      'dependent' => true,
    ),
    22 => 
    array (
      'source' => '/var/www/pharmab2b/httpdocs/wa-sources/wa-apps/hub/widgets/comments.tar.gz',
      'target' => 'wa-apps/hub/widgets/comments/',
      'slug' => 'wa-apps/hub/widgets/comments',
      'extract_path' => 'wa-data/protected/wa-installer/8/update/wa-apps/hub/widgets/comments/',
      'pass' => false,
      'skipped' => false,
      'dependent' => true,
    ),
    23 => 
    array (
      'source' => '/var/www/pharmab2b/httpdocs/wa-sources/wa-apps/photos/widgets/photos.tar.gz',
      'target' => 'wa-apps/photos/widgets/photos/',
      'slug' => 'wa-apps/photos/widgets/photos',
      'extract_path' => 'wa-data/protected/wa-installer/8/update/wa-apps/photos/widgets/photos/',
      'pass' => false,
      'skipped' => false,
      'dependent' => true,
    ),
    24 => 
    array (
      'source' => '/var/www/pharmab2b/httpdocs/wa-sources/wa-apps/shop/widgets/customers.tar.gz',
      'target' => 'wa-apps/shop/widgets/customers/',
      'slug' => 'wa-apps/shop/widgets/customers',
      'extract_path' => 'wa-data/protected/wa-installer/8/update/wa-apps/shop/widgets/customers/',
      'pass' => false,
      'skipped' => false,
      'dependent' => true,
    ),
    25 => 
    array (
      'source' => '/var/www/pharmab2b/httpdocs/wa-sources/wa-apps/shop/widgets/kpi.tar.gz',
      'target' => 'wa-apps/shop/widgets/kpi/',
      'slug' => 'wa-apps/shop/widgets/kpi',
      'extract_path' => 'wa-data/protected/wa-installer/8/update/wa-apps/shop/widgets/kpi/',
      'pass' => false,
      'skipped' => false,
      'dependent' => true,
    ),
    26 => 
    array (
      'source' => '/var/www/pharmab2b/httpdocs/wa-sources/wa-apps/shop/widgets/products.tar.gz',
      'target' => 'wa-apps/shop/widgets/products/',
      'slug' => 'wa-apps/shop/widgets/products',
      'extract_path' => 'wa-data/protected/wa-installer/8/update/wa-apps/shop/widgets/products/',
      'pass' => false,
      'skipped' => false,
      'dependent' => true,
    ),
    27 => 
    array (
      'source' => '/var/www/pharmab2b/httpdocs/wa-sources/wa-apps/shop/widgets/sources.tar.gz',
      'target' => 'wa-apps/shop/widgets/sources/',
      'slug' => 'wa-apps/shop/widgets/sources',
      'extract_path' => 'wa-data/protected/wa-installer/8/update/wa-apps/shop/widgets/sources/',
      'pass' => false,
      'skipped' => false,
      'dependent' => true,
    ),
    28 => 
    array (
      'source' => '/var/www/pharmab2b/httpdocs/wa-sources/wa-plugins/shipping/courier.tar.gz',
      'target' => 'wa-plugins/shipping/courier/',
      'slug' => 'wa-plugins/shipping/courier',
      'extract_path' => 'wa-data/protected/wa-installer/8/update/wa-plugins/shipping/courier/',
      'pass' => false,
      'skipped' => false,
      'dependent' => false,
    ),
    29 => 
    array (
      'source' => '/var/www/pharmab2b/httpdocs/wa-sources/wa-plugins/shipping/sd.tar.gz',
      'target' => 'wa-plugins/shipping/sd/',
      'slug' => 'wa-plugins/shipping/sd',
      'extract_path' => 'wa-data/protected/wa-installer/8/update/wa-plugins/shipping/sd/',
      'pass' => false,
      'skipped' => false,
      'dependent' => false,
    ),
    30 => 
    array (
      'source' => '/var/www/pharmab2b/httpdocs/wa-sources/wa-plugins/shipping/worldwide.tar.gz',
      'target' => 'wa-plugins/shipping/worldwide/',
      'slug' => 'wa-plugins/shipping/worldwide',
      'extract_path' => 'wa-data/protected/wa-installer/8/update/wa-plugins/shipping/worldwide/',
      'pass' => false,
      'skipped' => false,
      'dependent' => false,
    ),
    31 => 
    array (
      'source' => '/var/www/pharmab2b/httpdocs/wa-sources/wa-plugins/sms/webasystsms.tar.gz',
      'target' => 'wa-plugins/sms/webasystsms/',
      'slug' => 'wa-plugins/sms/webasystsms',
      'extract_path' => 'wa-data/protected/wa-installer/8/update/wa-plugins/sms/webasystsms/',
      'pass' => false,
      'skipped' => false,
      'dependent' => false,
    ),
  ),
)
}------------------------------------------------------------
2026-08-18T20:26:48+00:0000005	8	DEBUG	0.40Mb	0.45Mb	
callback
{------------------------------------------------------------
array (
  0 => 
  array (
    'file' => '/wa-installer/lib/classes/wainstaller.class.php:162',
    'function' => 'waInstaller->envSet()',
  ),
  1 => 
  array (
    'file' => '/wa-installer/install.php:576',
    'function' => 'waInstaller->update(Array(32))',
  ),
  2 => 
  array (
    'file' => '/install.php:4',
    'function' => 'require_once',
  ),
)
}------------------------------------------------------------
2026-08-18T20:26:48+00:0000006	8	TRACE	0.42Mb	0.45Mb	
Register ob error handler
{------------------------------------------------------------
true
}------------------------------------------------------------
2026-08-18T20:26:48+00:0000007	8	TRACE	0.42Mb	0.45Mb	prepare_heartbeat
waInstaller::setState
{------------------------------------------------------------
array (
  'start_time' => 1787084808,
  'start_time_float' => 1787084808.627036,
  'elapsed_time' => 0.0,
  'stage' => false,
  'stage_name' => 'prepare',
  'state_heartbeat' => 0.0023069381713867188,
  'thread_id' => '8',
  'chunk_id' => 'wa-content',
  'stage_status' => 'heartbeat',
  'timestamp' => 1787084808,
  'timestamp_float' => 1787084808.629303,
  'stage_start_time' => 1787084808.629303,
  'stage_performance' => 0,
  'stage_current_value' => 0,
  'datetime' => 'Tue, 18 Aug 2026 20:26:48 +0000',
  'stage_value' => 0,
)
}------------------------------------------------------------
2026-08-18T20:26:48+00:0000008	8	DEBUG	0.42Mb	0.45Mb	prepare_heartbeat
waInstaller::mkdir
{------------------------------------------------------------
array (
  'pathname' => 'wa-data/protected/wa-installer/8/update/wa-content/',
  'mode' => 511,
)
}------------------------------------------------------------
2026-08-18T20:26:48+00:0000009	8	DEBUG	0.42Mb	0.45Mb	prepare_heartbeat
waInstaller::protect
{------------------------------------------------------------
array (
  'path' => 'wa-data/protected/wa-installer/8/update/wa-content/',
  'htaccess' => 'wa-data/protected/.htaccess',
)
}------------------------------------------------------------
2026-08-18T20:26:48+00:0000010	8	TRACE	0.42Mb	0.45Mb	prepare_complete
waInstaller::setState
{------------------------------------------------------------
array (
  'start_time' => 1787084808,
  'start_time_float' => 1787084808.627036,
  'elapsed_time' => 0.0,
  'stage' => false,
  'stage_name' => 'prepare',
  'state_heartbeat' => 0.0007789134979248047,
  'thread_id' => '8',
  'chunk_id' => 'wa-content',
  'stage_status' => 'complete',
  'timestamp' => 1787084808,
  'timestamp_float' => 1787084808.630081,
  'stage_start_time' => 1787084808.630081,
  'stage_performance' => 0,
  'stage_current_value' => 0,
  'datetime' => 'Tue, 18 Aug 2026 20:26:48 +0000',
  'stage_value' => 0,
)
}------------------------------------------------------------
2026-08-18T20:26:48+00:0000011	8	TRACE	0.42Mb	0.45Mb	prepare_heartbeat
waInstaller::setState
{------------------------------------------------------------
array (
  'start_time' => 1787084808,
  'start_time_float' => 1787084808.627036,
  'elapsed_time' => 0.0,
  'stage' => false,
  'stage_name' => 'prepare',
  'state_heartbeat' => 0.002424955368041992,
  'thread_id' => '8',
  'chunk_id' => 'wa-system',
  'stage_status' => 'heartbeat',
  'timestamp' => 1787084808,
  'timestamp_float' => 1787084808.632501,
  'stage_start_time' => 1787084808.632501,
  'stage_performance' => 0,
  'stage_current_value' => 0,
  'datetime' => 'Tue, 18 Aug 2026 20:26:48 +0000',
  'stage_value' => 0,
)
}------------------------------------------------------------
2026-08-18T20:26:48+00:0000012	8	DEBUG	0.42Mb	0.45Mb	prepare_heartbeat
waInstaller::mkdir
{------------------------------------------------------------
array (
  'pathname' => 'wa-data/protected/wa-installer/8/update/wa-system/',
  'mode' => 511,
)
}------------------------------------------------------------
2026-08-18T20:26:48+00:0000013	8	TRACE	0.42Mb	0.45Mb	prepare_complete
waInstaller::setState
{------------------------------------------------------------
array (
  'start_time' => 1787084808,
  'start_time_float' => 1787084808.627036,
  'elapsed_time' => 0.0,
  'stage' => false,
  'stage_name' => 'prepare',
  'state_heartbeat' => 0.0004742145538330078,
  'thread_id' => '8',
  'chunk_id' => 'wa-system',
  'stage_status' => 'complete',
  'timestamp' => 1787084808,
  'timestamp_float' => 1787084808.632973,
  'stage_start_time' => 1787084808.632973,
  'stage_performance' => 0,
  'stage_current_value' => 0,
  'datetime' => 'Tue, 18 Aug 2026 20:26:48 +0000',
  'stage_value' => 0,
)
}------------------------------------------------------------
2026-08-18T20:26:48+00:0000014	8	TRACE	0.42Mb	0.45Mb	prepare_heartbeat
waInstaller::setState
{------------------------------------------------------------
array (
  'start_time' => 1787084808,
  'start_time_float' => 1787084808.627036,
  'elapsed_time' => 0.0,
  'stage' => false,
  'stage_name' => 'prepare',
  'state_heartbeat' => 0.00031113624572753906,
  'thread_id' => '8',
  'chunk_id' => 'wa-widgets/clock',
  'stage_status' => 'heartbeat',
  'timestamp' => 1787084808,
  'timestamp_float' => 1787084808.63328,
  'stage_start_time' => 1787084808.63328,
  'stage_performance' => 0,
  'stage_current_value' => 0,
  'datetime' => 'Tue, 18 Aug 2026 20:26:48 +0000',
  'stage_value' => 0,
)
}------------------------------------------------------------
2026-08-18T20:26:48+00:0000015	8	DEBUG	0.42Mb	0.45Mb	prepare_heartbeat
waInstaller::mkdir
{------------------------------------------------------------
array (
  'pathname' => 'wa-data/protected/wa-installer/8/update/wa-widgets/clock/',
  'mode' => 511,
)
}------------------------------------------------------------
2026-08-18T20:26:48+00:0000016	8	TRACE	0.42Mb	0.45Mb	prepare_complete
waInstaller::setState
{------------------------------------------------------------
array (
  'start_time' => 1787084808,
  'start_time_float' => 1787084808.627036,
  'elapsed_time' => 0.0,
  'stage' => false,
  'stage_name' => 'prepare',
  'state_heartbeat' => 0.00045800209045410156,
  'thread_id' => '8',
  'chunk_id' => 'wa-widgets/clock',
  'stage_status' => 'complete',
  'timestamp' => 1787084808,
  'timestamp_float' => 1787084808.633736,
  'stage_start_time' => 1787084808.633736,
  'stage_performance' => 0,
  'stage_current_value' => 0,
  'datetime' => 'Tue, 18 Aug 2026 20:26:48 +0000',
  'stage_value' => 0,
)
}------------------------------------------------------------
2026-08-18T20:26:48+00:0000017	8	TRACE	0.42Mb	0.45Mb	prepare_heartbeat
waInstaller::setState
{------------------------------------------------------------
array (
  'start_time' => 1787084808,
  'start_time_float' => 1787084808.627036,
  'elapsed_time' => 0.0,
  'stage' => false,
  'stage_name' => 'prepare',
  'state_heartbeat' => 0.0003421306610107422,
  'thread_id' => '8',
  'chunk_id' => 'wa-widgets/currencyquotes',
  'stage_status' => 'heartbeat',
  'timestamp' => 1787084808,
  'timestamp_float' => 1787084808.634069,
  'stage_start_time' => 1787084808.63407,
  'stage_performance' => 0,
  'stage_current_value' => 0,
  'datetime' => 'Tue, 18 Aug 2026 20:26:48 +0000',
  'stage_value' => 0,
)
}------------------------------------------------------------
2026-08-18T20:26:48+00:0000018	8	DEBUG	0.42Mb	0.45Mb	prepare_heartbeat
waInstaller::mkdir
{------------------------------------------------------------
array (
  'pathname' => 'wa-data/protected/wa-installer/8/update/wa-widgets/currencyquotes/',
  'mode' => 511,
)
}------------------------------------------------------------
2026-08-18T20:26:48+00:0000019	8	TRACE	0.42Mb	0.45Mb	prepare_complete
waInstaller::setState
{------------------------------------------------------------
array (
  'start_time' => 1787084808,
  'start_time_float' => 1787084808.627036,
  'elapsed_time' => 0.0,
  'stage' => false,
  'stage_name' => 'prepare',
  'state_heartbeat' => 0.0006399154663085938,
  'thread_id' => '8',
  'chunk_id' => 'wa-widgets/currencyquotes',
  'stage_status' => 'complete',
  'timestamp' => 1787084808,
  'timestamp_float' => 1787084808.634707,
  'stage_start_time' => 1787084808.634707,
  'stage_performance' => 0,
  'stage_current_value' => 0,
  'datetime' => 'Tue, 18 Aug 2026 20:26:48 +0000',
  'stage_value' => 0,
)
}------------------------------------------------------------
2026-08-18T20:26:48+00:0000020	8	TRACE	0.42Mb	0.45Mb	prepare_heartbeat
waInstaller::setState
{------------------------------------------------------------
array (
  'start_time' => 1787084808,
  'start_time_float' => 1787084808.627036,
  'elapsed_time' => 0.0,
  'stage' => false,
  'stage_name' => 'prepare',
  'state_heartbeat' => 0.0004150867462158203,
  'thread_id' => '8',
  'chunk_id' => 'wa-widgets/news',
  'stage_status' => 'heartbeat',
  'timestamp' => 1787084808,
  'timestamp_float' => 1787084808.635116,
  'stage_start_time' => 1787084808.635116,
  'stage_performance' => 0,
  'stage_current_value' => 0,
  'datetime' => 'Tue, 18 Aug 2026 20:26:48 +0000',
  'stage_value' => 0,
)
}------------------------------------------------------------
2026-08-18T20:26:48+00:0000021	8	DEBUG	0.42Mb	0.45Mb	prepare_heartbeat
waInstaller::mkdir
{------------------------------------------------------------
array (
  'pathname' => 'wa-data/protected/wa-installer/8/update/wa-widgets/news/',
  'mode' => 511,
)
}------------------------------------------------------------
2026-08-18T20:26:48+00:0000022	8	TRACE	0.42Mb	0.45Mb	prepare_complete
waInstaller::setState
{------------------------------------------------------------
array (
  'start_time' => 1787084808,
  'start_time_float' => 1787084808.627036,
  'elapsed_time' => 0.0,
  'stage' => false,
  'stage_name' => 'prepare',
  'state_heartbeat' => 0.0004658699035644531,
  'thread_id' => '8',
  'chunk_id' => 'wa-widgets/news',
  'stage_status' => 'complete',
  'timestamp' => 1787084808,
  'timestamp_float' => 1787084808.635581,
  'stage_start_time' => 1787084808.635581,
  'stage_performance' => 0,
  'stage_current_value' => 0,
  'datetime' => 'Tue, 18 Aug 2026 20:26:48 +0000',
  'stage_value' => 0,
)
}------------------------------------------------------------
2026-08-18T20:26:48+00:0000023	8	TRACE	0.42Mb	0.45Mb	prepare_heartbeat
waInstaller::setState
{------------------------------------------------------------
array (
  'start_time' => 1787084808,
  'start_time_float' => 1787084808.627036,
  'elapsed_time' => 0.0,
  'stage' => false,
  'stage_name' => 'prepare',
  'state_heartbeat' => 0.0003380775451660156,
  'thread_id' => '8',
  'chunk_id' => 'wa-apps/blog',
  'stage_status' => 'heartbeat',
  'timestamp' => 1787084808,
  'timestamp_float' => 1787084808.635914,
  'stage_start_time' => 1787084808.635915,
  'stage_performance' => 0,
  'stage_current_value' => 0,
  'datetime' => 'Tue, 18 Aug 2026 20:26:48 +0000',
  'stage_value' => 0,
)
}------------------------------------------------------------
2026-08-18T20:26:48+00:0000024	8	DEBUG	0.42Mb	0.46Mb	prepare_heartbeat
waInstaller::mkdir
{------------------------------------------------------------
array (
  'pathname' => 'wa-data/protected/wa-installer/8/update/wa-apps/blog/',
  'mode' => 511,
)
}------------------------------------------------------------
2026-08-18T20:26:48+00:0000025	8	TRACE	0.42Mb	0.46Mb	prepare_complete
waInstaller::setState
{------------------------------------------------------------
array (
  'start_time' => 1787084808,
  'start_time_float' => 1787084808.627036,
  'elapsed_time' => 0.0,
  'stage' => false,
  'stage_name' => 'prepare',
  'state_heartbeat' => 0.0007228851318359375,
  'thread_id' => '8',
  'chunk_id' => 'wa-apps/blog',
  'stage_status' => 'complete',
  'timestamp' => 1787084808,
  'timestamp_float' => 1787084808.636636,
  'stage_start_time' => 1787084808.636636,
  'stage_performance' => 0,
  'stage_current_value' => 0,
  'datetime' => 'Tue, 18 Aug 2026 20:26:48 +0000',
  'stage_value' => 0,
)
}------------------------------------------------------------
2026-08-18T20:26:48+00:0000026	8	TRACE	0.42Mb	0.46Mb	prepare_heartbeat
waInstaller::setState
{------------------------------------------------------------
array (
  'start_time' => 1787084808,
  'start_time_float' => 1787084808.627036,
  'elapsed_time' => 0.0,
  'stage' => false,
  'stage_name' => 'prepare',
  'state_heartbeat' => 0.0003490447998046875,
  'thread_id' => '8',
  'chunk_id' => 'wa-apps/crm',
  'stage_status' => 'heartbeat',
  'timestamp' => 1787084808,
  'timestamp_float' => 1787084808.63698,
  'stage_start_time' => 1787084808.63698,
  'stage_performance' => 0,
  'stage_current_value' => 0,
  'datetime' => 'Tue, 18 Aug 2026 20:26:48 +0000',
  'stage_value' => 0,
)
}------------------------------------------------------------
2026-08-18T20:26:48+00:0000027	8	DEBUG	0.42Mb	0.46Mb	prepare_heartbeat
waInstaller::mkdir
{------------------------------------------------------------
array (
  'pathname' => 'wa-data/protected/wa-installer/8/update/wa-apps/crm/',
  'mode' => 511,
)
}------------------------------------------------------------
2026-08-18T20:26:48+00:0000028	8	TRACE	0.42Mb	0.46Mb	prepare_complete
waInstaller::setState
{------------------------------------------------------------
array (
  'start_time' => 1787084808,
  'start_time_float' => 1787084808.627036,
  'elapsed_time' => 0.0,
  'stage' => false,
  'stage_name' => 'prepare',
  'state_heartbeat' => 0.0005919933319091797,
  'thread_id' => '8',
  'chunk_id' => 'wa-apps/crm',
  'stage_status' => 'complete',
  'timestamp' => 1787084808,
  'timestamp_float' => 1787084808.637571,
  'stage_start_time' => 1787084808.637571,
  'stage_performance' => 0,
  'stage_current_value' => 0,
  'datetime' => 'Tue, 18 Aug 2026 20:26:48 +0000',
  'stage_value' => 0,
)
}------------------------------------------------------------
2026-08-18T20:26:48+00:0000029	8	TRACE	0.42Mb	0.46Mb	prepare_heartbeat
waInstaller::setState
{------------------------------------------------------------
array (
  'start_time' => 1787084808,
  'start_time_float' => 1787084808.627036,
  'elapsed_time' => 0.0,
  'stage' => false,
  'stage_name' => 'prepare',
  'state_heartbeat' => 0.0003478527069091797,
  'thread_id' => '8',
  'chunk_id' => 'wa-apps/files',
  'stage_status' => 'heartbeat',
  'timestamp' => 1787084808,
  'timestamp_float' => 1787084808.637914,
  'stage_start_time' => 1787084808.637914,
  'stage_performance' => 0,
  'stage_current_value' => 0,
  'datetime' => 'Tue, 18 Aug 2026 20:26:48 +0000',
  'stage_value' => 0,
)
}------------------------------------------------------------
2026-08-18T20:26:48+00:0000030	8	DEBUG	0.42Mb	0.46Mb	prepare_heartbeat
waInstaller::mkdir
{------------------------------------------------------------
array (
  'pathname' => 'wa-data/protected/wa-installer/8/update/wa-apps/files/',
  'mode' => 511,
)
}------------------------------------------------------------
2026-08-18T20:26:48+00:0000031	8	TRACE	0.42Mb	0.46Mb	prepare_complete
waInstaller::setState
{------------------------------------------------------------
array (
  'start_time' => 1787084808,
  'start_time_float' => 1787084808.627036,
  'elapsed_time' => 0.0,
  'stage' => false,
  'stage_name' => 'prepare',
  'state_heartbeat' => 0.0006451606750488281,
  'thread_id' => '8',
  'chunk_id' => 'wa-apps/files',
  'stage_status' => 'complete',
  'timestamp' => 1787084808,
  'timestamp_float' => 1787084808.638558,
  'stage_start_time' => 1787084808.638558,
  'stage_performance' => 0,
  'stage_current_value' => 0,
  'datetime' => 'Tue, 18 Aug 2026 20:26:48 +0000',
  'stage_value' => 0,
)
}------------------------------------------------------------
2026-08-18T20:26:48+00:0000032	8	TRACE	0.42Mb	0.46Mb	prepare_heartbeat
waInstaller::setState
{------------------------------------------------------------
array (
  'start_time' => 1787084808,
  'start_time_float' => 1787084808.627036,
  'elapsed_time' => 0.0,
  'stage' => false,
  'stage_name' => 'prepare',
  'state_heartbeat' => 0.0003809928894042969,
  'thread_id' => '8',
  'chunk_id' => 'wa-apps/hub',
  'stage_status' => 'heartbeat',
  'timestamp' => 1787084808,
  'timestamp_float' => 1787084808.638934,
  'stage_start_time' => 1787084808.638934,
  'stage_performance' => 0,
  'stage_current_value' => 0,
  'datetime' => 'Tue, 18 Aug 2026 20:26:48 +0000',
  'stage_value' => 0,
)
}------------------------------------------------------------
2026-08-18T20:26:48+00:0000033	8	DEBUG	0.42Mb	0.47Mb	prepare_heartbeat
waInstaller::mkdir
{------------------------------------------------------------
array (
  'pathname' => 'wa-data/protected/wa-installer/8/update/wa-apps/hub/',
  'mode' => 511,
)
}------------------------------------------------------------
2026-08-18T20:26:48+00:0000034	8	TRACE	0.42Mb	0.47Mb	prepare_complete
waInstaller::setState
{------------------------------------------------------------
array (
  'start_time' => 1787084808,
  'start_time_float' => 1787084808.627036,
  'elapsed_time' => 0.0,
  'stage' => false,
  'stage_name' => 'prepare',
  'state_heartbeat' => 0.0005950927734375,
  'thread_id' => '8',
  'chunk_id' => 'wa-apps/hub',
  'stage_status' => 'complete',
  'timestamp' => 1787084808,
  'timestamp_float' => 1787084808.639527,
  'stage_start_time' => 1787084808.639527,
  'stage_performance' => 0,
  'stage_current_value' => 0,
  'datetime' => 'Tue, 18 Aug 2026 20:26:48 +0000',
  'stage_value' => 0,
)
}------------------------------------------------------------
2026-08-18T20:26:48+00:0000035	8	TRACE	0.42Mb	0.47Mb	prepare_heartbeat
waInstaller::setState
{------------------------------------------------------------
array (
  'start_time' => 1787084808,
  'start_time_float' => 1787084808.627036,
  'elapsed_time' => 0.0,
  'stage' => false,
  'stage_name' => 'prepare',
  'state_heartbeat' => 0.0003910064697265625,
  'thread_id' => '8',
  'chunk_id' => 'wa-apps/installer',
  'stage_status' => 'heartbeat',
  'timestamp' => 1787084808,
  'timestamp_float' => 1787084808.639913,
  'stage_start_time' => 1787084808.639913,
  'stage_performance' => 0,
  'stage_current_value' => 0,
  'datetime' => 'Tue, 18 Aug 2026 20:26:48 +0000',
  'stage_value' => 0,
)
}------------------------------------------------------------
2026-08-18T20:26:48+00:0000036	8	DEBUG	0.42Mb	0.47Mb	prepare_heartbeat
waInstaller::mkdir
{------------------------------------------------------------
array (
  'pathname' => 'wa-data/protected/wa-installer/8/update/wa-apps/installer/',
  'mode' => 511,
)
}------------------------------------------------------------
2026-08-18T20:26:48+00:0000037	8	TRACE	0.42Mb	0.47Mb	prepare_complete
waInstaller::setState
{------------------------------------------------------------
array (
  'start_time' => 1787084808,
  'start_time_float' => 1787084808.627036,
  'elapsed_time' => 0.0,
  'stage' => false,
  'stage_name' => 'prepare',
  'state_heartbeat' => 0.0006349086761474609,
  'thread_id' => '8',
  'chunk_id' => 'wa-apps/installer',
  'stage_status' => 'complete',
  'timestamp' => 1787084808,
  'timestamp_float' => 1787084808.640547,
  'stage_start_time' => 1787084808.640547,
  'stage_performance' => 0,
  'stage_current_value' => 0,
  'datetime' => 'Tue, 18 Aug 2026 20:26:48 +0000',
  'stage_value' => 0,
)
}------------------------------------------------------------
2026-08-18T20:26:48+00:0000038	8	TRACE	0.42Mb	0.47Mb	prepare_heartbeat
waInstaller::setState
{------------------------------------------------------------
array (
  'start_time' => 1787084808,
  'start_time_float' => 1787084808.627036,
  'elapsed_time' => 0.0,
  'stage' => false,
  'stage_name' => 'prepare',
  'state_heartbeat' => 0.0003910064697265625,
  'thread_id' => '8',
  'chunk_id' => 'wa-apps/mailer',
  'stage_status' => 'heartbeat',
  'timestamp' => 1787084808,
  'timestamp_float' => 1787084808.640933,
  'stage_start_time' => 1787084808.640933,
  'stage_performance' => 0,
  'stage_current_value' => 0,
  'datetime' => 'Tue, 18 Aug 2026 20:26:48 +0000',
  'stage_value' => 0,
)
}------------------------------------------------------------
2026-08-18T20:26:48+00:0000039	8	DEBUG	0.42Mb	0.48Mb	prepare_heartbeat
waInstaller::mkdir
{------------------------------------------------------------
array (
  'pathname' => 'wa-data/protected/wa-installer/8/update/wa-apps/mailer/',
  'mode' => 511,
)
}------------------------------------------------------------
2026-08-18T20:26:48+00:0000040	8	TRACE	0.42Mb	0.48Mb	prepare_complete
waInstaller::setState
{------------------------------------------------------------
array (
  'start_time' => 1787084808,
  'start_time_float' => 1787084808.627036,
  'elapsed_time' => 0.0,
  'stage' => false,
  'stage_name' => 'prepare',
  'state_heartbeat' => 0.0006048679351806641,
  'thread_id' => '8',
  'chunk_id' => 'wa-apps/mailer',
  'stage_status' => 'complete',
  'timestamp' => 1787084808,
  'timestamp_float' => 1787084808.641537,
  'stage_start_time' => 1787084808.641537,
  'stage_performance' => 0,
  'stage_current_value' => 0,
  'datetime' => 'Tue, 18 Aug 2026 20:26:48 +0000',
  'stage_value' => 0,
)
}------------------------------------------------------------
2026-08-18T20:26:48+00:0000041	8	TRACE	0.42Mb	0.48Mb	prepare_heartbeat
waInstaller::setState
{------------------------------------------------------------
array (
  'start_time' => 1787084808,
  'start_time_float' => 1787084808.627036,
  'elapsed_time' => 0.0,
  'stage' => false,
  'stage_name' => 'prepare',
  'state_heartbeat' => 0.000370025634765625,
  'thread_id' => '8',
  'chunk_id' => 'wa-apps/photos',
  'stage_status' => 'heartbeat',
  'timestamp' => 1787084808,
  'timestamp_float' => 1787084808.641901,
  'stage_start_time' => 1787084808.641902,
  'stage_performance' => 0,
  'stage_current_value' => 0,
  'datetime' => 'Tue, 18 Aug 2026 20:26:48 +0000',
  'stage_value' => 0,
)
}------------------------------------------------------------
2026-08-18T20:26:48+00:0000042	8	DEBUG	0.42Mb	0.48Mb	prepare_heartbeat
waInstaller::mkdir
{------------------------------------------------------------
array (
  'pathname' => 'wa-data/protected/wa-installer/8/update/wa-apps/photos/',
  'mode' => 511,
)
}------------------------------------------------------------
2026-08-18T20:26:48+00:0000043	8	TRACE	0.43Mb	0.48Mb	prepare_complete
waInstaller::setState
{------------------------------------------------------------
array (
  'start_time' => 1787084808,
  'start_time_float' => 1787084808.627036,
  'elapsed_time' => 0.0,
  'stage' => false,
  'stage_name' => 'prepare',
  'state_heartbeat' => 0.0006220340728759766,
  'thread_id' => '8',
  'chunk_id' => 'wa-apps/photos',
  'stage_status' => 'complete',
  'timestamp' => 1787084808,
  'timestamp_float' => 1787084808.642521,
  'stage_start_time' => 1787084808.642521,
  'stage_performance' => 0,
  'stage_current_value' => 0,
  'datetime' => 'Tue, 18 Aug 2026 20:26:48 +0000',
  'stage_value' => 0,
)
}------------------------------------------------------------
2026-08-18T20:26:48+00:0000044	8	TRACE	0.43Mb	0.48Mb	prepare_heartbeat
waInstaller::setState
{------------------------------------------------------------
array (
  'start_time' => 1787084808,
  'start_time_float' => 1787084808.627036,
  'elapsed_time' => 0.0,
  'stage' => false,
  'stage_name' => 'prepare',
  'state_heartbeat' => 0.0003821849822998047,
  'thread_id' => '8',
  'chunk_id' => 'wa-apps/shop',
  'stage_status' => 'heartbeat',
  'timestamp' => 1787084808,
  'timestamp_float' => 1787084808.642898,
  'stage_start_time' => 1787084808.642898,
  'stage_performance' => 0,
  'stage_current_value' => 0,
  'datetime' => 'Tue, 18 Aug 2026 20:26:48 +0000',
  'stage_value' => 0,
)
}------------------------------------------------------------
2026-08-18T20:26:48+00:0000045	8	DEBUG	0.42Mb	0.49Mb	prepare_heartbeat
waInstaller::mkdir
{------------------------------------------------------------
array (
  'pathname' => 'wa-data/protected/wa-installer/8/update/wa-apps/shop/',
  'mode' => 511,
)
}------------------------------------------------------------
2026-08-18T20:26:48+00:0000046	8	TRACE	0.43Mb	0.49Mb	prepare_complete
waInstaller::setState
{------------------------------------------------------------
array (
  'start_time' => 1787084808,
  'start_time_float' => 1787084808.627036,
  'elapsed_time' => 0.0,
  'stage' => false,
  'stage_name' => 'prepare',
  'state_heartbeat' => 0.0006740093231201172,
  'thread_id' => '8',
  'chunk_id' => 'wa-apps/shop',
  'stage_status' => 'complete',
  'timestamp' => 1787084808,
  'timestamp_float' => 1787084808.643571,
  'stage_start_time' => 1787084808.643571,
  'stage_performance' => 0,
  'stage_current_value' => 0,
  'datetime' => 'Tue, 18 Aug 2026 20:26:48 +0000',
  'stage_value' => 0,
)
}------------------------------------------------------------
2026-08-18T20:26:48+00:0000047	8	TRACE	0.43Mb	0.49Mb	prepare_heartbeat
waInstaller::setState
{------------------------------------------------------------
array (
  'start_time' => 1787084808,
  'start_time_float' => 1787084808.627036,
  'elapsed_time' => 0.0,
  'stage' => false,
  'stage_name' => 'prepare',
  'state_heartbeat' => 0.0003840923309326172,
  'thread_id' => '8',
  'chunk_id' => 'wa-apps/site',
  'stage_status' => 'heartbeat',
  'timestamp' => 1787084808,
  'timestamp_float' => 1787084808.64395,
  'stage_start_time' => 1787084808.64395,
  'stage_performance' => 0,
  'stage_current_value' => 0,
  'datetime' => 'Tue, 18 Aug 2026 20:26:48 +0000',
  'stage_value' => 0,
)
}------------------------------------------------------------
2026-08-18T20:26:48+00:0000048	8	DEBUG	0.42Mb	0.49Mb	prepare_heartbeat
waInstaller::mkdir
{------------------------------------------------------------
array (
  'pathname' => 'wa-data/protected/wa-installer/8/update/wa-apps/site/',
  'mode' => 511,
)
}------------------------------------------------------------
2026-08-18T20:26:48+00:0000049	8	TRACE	0.43Mb	0.49Mb	prepare_complete
waInstaller::setState
{------------------------------------------------------------
array (
  'start_time' => 1787084808,
  'start_time_float' => 1787084808.627036,
  'elapsed_time' => 0.0,
  'stage' => false,
  'stage_name' => 'prepare',
  'state_heartbeat' => 0.0006949901580810547,
  'thread_id' => '8',
  'chunk_id' => 'wa-apps/site',
  'stage_status' => 'complete',
  'timestamp' => 1787084808,
  'timestamp_float' => 1787084808.644644,
  'stage_start_time' => 1787084808.644644,
  'stage_performance' => 0,
  'stage_current_value' => 0,
  'datetime' => 'Tue, 18 Aug 2026 20:26:48 +0000',
  'stage_value' => 0,
)
}------------------------------------------------------------
2026-08-18T20:26:48+00:0000050	8	TRACE	0.43Mb	0.49Mb	prepare_heartbeat
waInstaller::setState
{------------------------------------------------------------
array (
  'start_time' => 1787084808,
  'start_time_float' => 1787084808.627036,
  'elapsed_time' => 0.0,
  'stage' => false,
  'stage_name' => 'prepare',
  'state_heartbeat' => 0.000392913818359375,
  'thread_id' => '8',
  'chunk_id' => 'wa-apps/tasks',
  'stage_status' => 'heartbeat',
  'timestamp' => 1787084808,
  'timestamp_float' => 1787084808.645031,
  'stage_start_time' => 1787084808.645031,
  'stage_performance' => 0,
  'stage_current_value' => 0,
  'datetime' => 'Tue, 18 Aug 2026 20:26:48 +0000',
  'stage_value' => 0,
)
}------------------------------------------------------------
2026-08-18T20:26:48+00:0000051	8	DEBUG	0.42Mb	0.49Mb	prepare_heartbeat
waInstaller::mkdir
{------------------------------------------------------------
array (
  'pathname' => 'wa-data/protected/wa-installer/8/update/wa-apps/tasks/',
  'mode' => 511,
)
}------------------------------------------------------------
2026-08-18T20:26:48+00:0000052	8	TRACE	0.43Mb	0.49Mb	prepare_complete
waInstaller::setState
{------------------------------------------------------------
array (
  'start_time' => 1787084808,
  'start_time_float' => 1787084808.627036,
  'elapsed_time' => 0.0,
  'stage' => false,
  'stage_name' => 'prepare',
  'state_heartbeat' => 0.0006740093231201172,
  'thread_id' => '8',
  'chunk_id' => 'wa-apps/tasks',
  'stage_status' => 'complete',
  'timestamp' => 1787084808,
  'timestamp_float' => 1787084808.645704,
  'stage_start_time' => 1787084808.645704,
  'stage_performance' => 0,
  'stage_current_value' => 0,
  'datetime' => 'Tue, 18 Aug 2026 20:26:48 +0000',
  'stage_value' => 0,
)
}------------------------------------------------------------
2026-08-18T20:26:48+00:0000053	8	TRACE	0.43Mb	0.49Mb	prepare_heartbeat
waInstaller::setState
{------------------------------------------------------------
array (
  'start_time' => 1787084808,
  'start_time_float' => 1787084808.627036,
  'elapsed_time' => 0.0,
  'stage' => false,
  'stage_name' => 'prepare',
  'state_heartbeat' => 0.0004558563232421875,
  'thread_id' => '8',
  'chunk_id' => 'wa-apps/team',
  'stage_status' => 'heartbeat',
  'timestamp' => 1787084808,
  'timestamp_float' => 1787084808.646135,
  'stage_start_time' => 1787084808.646135,
  'stage_performance' => 0,
  'stage_current_value' => 0,
  'datetime' => 'Tue, 18 Aug 2026 20:26:48 +0000',
  'stage_value' => 0,
)
}------------------------------------------------------------
2026-08-18T20:26:48+00:0000054	8	DEBUG	0.42Mb	0.49Mb	prepare_heartbeat
waInstaller::mkdir
{------------------------------------------------------------
array (
  'pathname' => 'wa-data/protected/wa-installer/8/update/wa-apps/team/',
  'mode' => 511,
)
}------------------------------------------------------------
2026-08-18T20:26:48+00:0000055	8	TRACE	0.43Mb	0.49Mb	prepare_complete
waInstaller::setState
{------------------------------------------------------------
array (
  'start_time' => 1787084808,
  'start_time_float' => 1787084808.627036,
  'elapsed_time' => 0.0,
  'stage' => false,
  'stage_name' => 'prepare',
  'state_heartbeat' => 0.0006549358367919922,
  'thread_id' => '8',
  'chunk_id' => 'wa-apps/team',
  'stage_status' => 'complete',
  'timestamp' => 1787084808,
  'timestamp_float' => 1787084808.646788,
  'stage_start_time' => 1787084808.646788,
  'stage_performance' => 0,
  'stage_current_value' => 0,
  'datetime' => 'Tue, 18 Aug 2026 20:26:48 +0000',
  'stage_value' => 0,
)
}------------------------------------------------------------
2026-08-18T20:26:48+00:0000056	8	TRACE	0.43Mb	0.49Mb	prepare_heartbeat
waInstaller::setState
{------------------------------------------------------------
array (
  'start_time' => 1787084808,
  'start_time_float' => 1787084808.627036,
  'elapsed_time' => 0.0,
  'stage' => false,
  'stage_name' => 'prepare',
  'state_heartbeat' => 0.0004420280456542969,
  'thread_id' => '8',
  'chunk_id' => 'wa-widgets/weather',
  'stage_status' => 'heartbeat',
  'timestamp' => 1787084808,
  'timestamp_float' => 1787084808.647225,
  'stage_start_time' => 1787084808.647225,
  'stage_performance' => 0,
  'stage_current_value' => 0,
  'datetime' => 'Tue, 18 Aug 2026 20:26:48 +0000',
  'stage_value' => 0,
)
}------------------------------------------------------------
2026-08-18T20:26:48+00:0000057	8	DEBUG	0.42Mb	0.51Mb	prepare_heartbeat
waInstaller::mkdir
{------------------------------------------------------------
array (
  'pathname' => 'wa-data/protected/wa-installer/8/update/wa-widgets/weather/',
  'mode' => 511,
)
}------------------------------------------------------------
2026-08-18T20:26:48+00:0000058	8	TRACE	0.43Mb	0.51Mb	prepare_complete
waInstaller::setState
{------------------------------------------------------------
array (
  'start_time' => 1787084808,
  'start_time_float' => 1787084808.627036,
  'elapsed_time' => 0.0,
  'stage' => false,
  'stage_name' => 'prepare',
  'state_heartbeat' => 0.0006380081176757812,
  'thread_id' => '8',
  'chunk_id' => 'wa-widgets/weather',
  'stage_status' => 'complete',
  'timestamp' => 1787084808,
  'timestamp_float' => 1787084808.647861,
  'stage_start_time' => 1787084808.647862,
  'stage_performance' => 0,
  'stage_current_value' => 0,
  'datetime' => 'Tue, 18 Aug 2026 20:26:48 +0000',
  'stage_value' => 0,
)
}------------------------------------------------------------
2026-08-18T20:26:48+00:0000059	8	TRACE	0.43Mb	0.51Mb	prepare_heartbeat
waInstaller::setState
{------------------------------------------------------------
array (
  'start_time' => 1787084808,
  'start_time_float' => 1787084808.627036,
  'elapsed_time' => 0.0,
  'stage' => false,
  'stage_name' => 'prepare',
  'state_heartbeat' => 0.0004730224609375,
  'thread_id' => '8',
  'chunk_id' => 'wa-plugins/shipping/courier',
  'stage_status' => 'heartbeat',
  'timestamp' => 1787084808,
  'timestamp_float' => 1787084808.648329,
  'stage_start_time' => 1787084808.648329,
  'stage_performance' => 0,
  'stage_current_value' => 0,
  'datetime' => 'Tue, 18 Aug 2026 20:26:48 +0000',
  'stage_value' => 0,
)
}------------------------------------------------------------
2026-08-18T20:26:48+00:0000060	8	DEBUG	0.42Mb	0.51Mb	prepare_heartbeat
waInstaller::mkdir
{------------------------------------------------------------
array (
  'pathname' => 'wa-data/protected/wa-installer/8/update/wa-plugins/shipping/courier/',
  'mode' => 511,
)
}------------------------------------------------------------
2026-08-18T20:26:48+00:0000061	8	TRACE	0.43Mb	0.51Mb	prepare_complete
waInstaller::setState
{------------------------------------------------------------
array (
  'start_time' => 1787084808,
  'start_time_float' => 1787084808.627036,
  'elapsed_time' => 0.0,
  'stage' => false,
  'stage_name' => 'prepare',
  'state_heartbeat' => 0.0007109642028808594,
  'thread_id' => '8',
  'chunk_id' => 'wa-plugins/shipping/courier',
  'stage_status' => 'complete',
  'timestamp' => 1787084808,
  'timestamp_float' => 1787084808.649038,
  'stage_start_time' => 1787084808.649038,
  'stage_performance' => 0,
  'stage_current_value' => 0,
  'datetime' => 'Tue, 18 Aug 2026 20:26:48 +0000',
  'stage_value' => 0,
)
}------------------------------------------------------------
2026-08-18T20:26:48+00:0000062	8	TRACE	0.43Mb	0.51Mb	prepare_heartbeat
waInstaller::setState
{------------------------------------------------------------
array (
  'start_time' => 1787084808,
  'start_time_float' => 1787084808.627036,
  'elapsed_time' => 0.0,
  'stage' => false,
  'stage_name' => 'prepare',
  'state_heartbeat' => 0.0004839897155761719,
  'thread_id' => '8',
  'chunk_id' => 'wa-plugins/shipping/sd',
  'stage_status' => 'heartbeat',
  'timestamp' => 1787084808,
  'timestamp_float' => 1787084808.649516,
  'stage_start_time' => 1787084808.649516,
  'stage_performance' => 0,
  'stage_current_value' => 0,
  'datetime' => 'Tue, 18 Aug 2026 20:26:48 +0000',
  'stage_value' => 0,
)
}------------------------------------------------------------
2026-08-18T20:26:48+00:0000063	8	DEBUG	0.42Mb	0.51Mb	prepare_heartbeat
waInstaller::mkdir
{------------------------------------------------------------
array (
  'pathname' => 'wa-data/protected/wa-installer/8/update/wa-plugins/shipping/sd/',
  'mode' => 511,
)
}------------------------------------------------------------
2026-08-18T20:26:48+00:0000064	8	TRACE	0.43Mb	0.51Mb	prepare_complete
waInstaller::setState
{------------------------------------------------------------
array (
  'start_time' => 1787084808,
  'start_time_float' => 1787084808.627036,
  'elapsed_time' => 0.0,
  'stage' => false,
  'stage_name' => 'prepare',
  'state_heartbeat' => 0.0008299350738525391,
  'thread_id' => '8',
  'chunk_id' => 'wa-plugins/shipping/sd',
  'stage_status' => 'complete',
  'timestamp' => 1787084808,
  'timestamp_float' => 1787084808.650345,
  'stage_start_time' => 1787084808.650345,
  'stage_performance' => 0,
  'stage_current_value' => 0,
  'datetime' => 'Tue, 18 Aug 2026 20:26:48 +0000',
  'stage_value' => 0,
)
}------------------------------------------------------------
2026-08-18T20:26:48+00:0000065	8	TRACE	0.43Mb	0.51Mb	prepare_heartbeat
waInstaller::setState
{------------------------------------------------------------
array (
  'start_time' => 1787084808,
  'start_time_float' => 1787084808.627036,
  'elapsed_time' => 0.0,
  'stage' => false,
  'stage_name' => 'prepare',
  'state_heartbeat' => 0.0004680156707763672,
  'thread_id' => '8',
  'chunk_id' => 'wa-plugins/shipping/worldwide',
  'stage_status' => 'heartbeat',
  'timestamp' => 1787084808,
  'timestamp_float' => 1787084808.650808,
  'stage_start_time' => 1787084808.650808,
  'stage_performance' => 0,
  'stage_current_value' => 0,
  'datetime' => 'Tue, 18 Aug 2026 20:26:48 +0000',
  'stage_value' => 0,
)
}------------------------------------------------------------
2026-08-18T20:26:48+00:0000066	8	DEBUG	0.42Mb	0.51Mb	prepare_heartbeat
waInstaller::mkdir
{------------------------------------------------------------
array (
  'pathname' => 'wa-data/protected/wa-installer/8/update/wa-plugins/shipping/worldwide/',
  'mode' => 511,
)
}------------------------------------------------------------
2026-08-18T20:26:48+00:0000067	8	TRACE	0.43Mb	0.51Mb	prepare_complete
waInstaller::setState
{------------------------------------------------------------
array (
  'start_time' => 1787084808,
  'start_time_float' => 1787084808.627036,
  'elapsed_time' => 0.0,
  'stage' => false,
  'stage_name' => 'prepare',
  'state_heartbeat' => 0.0006778240203857422,
  'thread_id' => '8',
  'chunk_id' => 'wa-plugins/shipping/worldwide',
  'stage_status' => 'complete',
  'timestamp' => 1787084808,
  'timestamp_float' => 1787084808.651454,
  'stage_start_time' => 1787084808.651454,
  'stage_performance' => 0,
  'stage_current_value' => 0,
  'datetime' => 'Tue, 18 Aug 2026 20:26:48 +0000',
  'stage_value' => 0,
)
}------------------------------------------------------------
2026-08-18T20:26:48+00:0000068	8	TRACE	0.43Mb	0.51Mb	prepare_heartbeat
waInstaller::setState
{------------------------------------------------------------
array (
  'start_time' => 1787084808,
  'start_time_float' => 1787084808.627036,
  'elapsed_time' => 0.0,
  'stage' => false,
  'stage_name' => 'prepare',
  'state_heartbeat' => 0.0004551410675048828,
  'thread_id' => '8',
  'chunk_id' => 'wa-plugins/sms/webasystsms',
  'stage_status' => 'heartbeat',
  'timestamp' => 1787084808,
  'timestamp_float' => 1787084808.651904,
  'stage_start_time' => 1787084808.651904,
  'stage_performance' => 0,
  'stage_current_value' => 0,
  'datetime' => 'Tue, 18 Aug 2026 20:26:48 +0000',
  'stage_value' => 0,
)
}------------------------------------------------------------
2026-08-18T20:26:48+00:0000069	8	DEBUG	0.42Mb	0.52Mb	prepare_heartbeat
waInstaller::mkdir
{------------------------------------------------------------
array (
  'pathname' => 'wa-data/protected/wa-installer/8/update/wa-plugins/sms/webasystsms/',
  'mode' => 511,
)
}------------------------------------------------------------
2026-08-18T20:26:48+00:0000070	8	TRACE	0.43Mb	0.52Mb	prepare_complete
waInstaller::setState
{------------------------------------------------------------
array (
  'start_time' => 1787084808,
  'start_time_float' => 1787084808.627036,
  'elapsed_time' => 0.0,
  'stage' => false,
  'stage_name' => 'prepare',
  'state_heartbeat' => 0.0007779598236083984,
  'thread_id' => '8',
  'chunk_id' => 'wa-plugins/sms/webasystsms',
  'stage_status' => 'complete',
  'timestamp' => 1787084808,
  'timestamp_float' => 1787084808.65268,
  'stage_start_time' => 1787084808.65268,
  'stage_performance' => 0,
  'stage_current_value' => 0,
  'datetime' => 'Tue, 18 Aug 2026 20:26:48 +0000',
  'stage_value' => 0,
)
}------------------------------------------------------------
2026-08-18T20:26:48+00:0000071	8	TRACE	0.43Mb	0.52Mb	download_heartbeat
waInstaller::setState
{------------------------------------------------------------
array (
  'start_time' => 1787084808,
  'start_time_float' => 1787084808.627036,
  'elapsed_time' => 0.0,
  'stage' => false,
  'stage_name' => 'download',
  'state_heartbeat' => 0.0006120204925537109,
  'thread_id' => '8',
  'chunk_id' => 'wa-content',
  'stage_status' => 'heartbeat',
  'timestamp' => 1787084808,
  'timestamp_float' => 1787084808.653218,
  'stage_start_time' => 1787084808.653218,
  'stage_performance' => 0,
  'stage_current_value' => 0,
  'datetime' => 'Tue, 18 Aug 2026 20:26:48 +0000',
  'stage_value' => 0,
)
}------------------------------------------------------------
2026-08-18T20:26:48+00:0000072	8	TRACE	0.42Mb	0.52Mb	download_heartbeat
waInstaller::downloadStandard :download via fopen
2026-08-18T20:26:48+00:0000073	8	DEBUG	0.43Mb	0.52Mb	download_heartbeat
waInstaller::setState
{------------------------------------------------------------
array (
  'start_time' => 1787084808,
  'start_time_float' => 1787084808.627036,
  'elapsed_time' => 0.0,
  'stage' => false,
  'stage_name' => 'download',
  'state_heartbeat' => 0.0007140636444091797,
  'thread_id' => '8',
  'chunk_id' => 'wa-content',
  'stage_status' => 'heartbeat',
  'timestamp' => 1787084808,
  'timestamp_float' => 1787084808.65393,
  'stage_start_time' => 1787084808.65393,
  'stage_performance' => 0,
  'stage_current_value' => 0,
  'datetime' => 'Tue, 18 Aug 2026 20:26:48 +0000',
  'stage_value' => 0,
)
}------------------------------------------------------------
2026-08-18T20:26:48+00:0000074	8	TRACE	0.42Mb	0.52Mb	download_heartbeat
waInstaller::downloadStandard :Source file is local
{------------------------------------------------------------
'/var/www/pharmab2b/httpdocs/wa-sources/wa-content.tar.gz'
}------------------------------------------------------------
2026-08-18T20:26:48+00:0000075	8	WARNING	0.43Mb	0.52Mb	download_heartbeat
MD5 hash missing for file /var/www/pharmab2b/httpdocs/wa-sources/wa-content.tar.gz
2026-08-18T20:26:48+00:0000076	8	TRACE	0.43Mb	0.52Mb	download_complete
waInstaller::setState
{------------------------------------------------------------
array (
  'start_time' => 1787084808,
  'start_time_float' => 1787084808.627036,
  'elapsed_time' => 0.0,
  'stage' => false,
  'stage_name' => 'download',
  'state_heartbeat' => 0.0006451606750488281,
  'thread_id' => '8',
  'chunk_id' => 'wa-content',
  'stage_status' => 'complete',
  'timestamp' => 1787084808,
  'timestamp_float' => 1787084808.654574,
  'stage_start_time' => 1787084808.654574,
  'stage_performance' => 0,
  'stage_current_value' => 0,
  'datetime' => 'Tue, 18 Aug 2026 20:26:48 +0000',
  'stage_value' => 0,
)
}------------------------------------------------------------
2026-08-18T20:26:48+00:0000077	8	TRACE	0.43Mb	0.52Mb	download_heartbeat
waInstaller::setState
{------------------------------------------------------------
array (
  'start_time' => 1787084808,
  'start_time_float' => 1787084808.627036,
  'elapsed_time' => 0.0,
  'stage' => false,
  'stage_name' => 'download',
  'state_heartbeat' => 0.00043511390686035156,
  'thread_id' => '8',
  'chunk_id' => 'wa-system',
  'stage_status' => 'heartbeat',
  'timestamp' => 1787084808,
  'timestamp_float' => 1787084808.655003,
  'stage_start_time' => 1787084808.655003,
  'stage_performance' => 0,
  'stage_current_value' => 0,
  'datetime' => 'Tue, 18 Aug 2026 20:26:48 +0000',
  'stage_value' => 0,
)
}------------------------------------------------------------
2026-08-18T20:26:48+00:0000078	8	TRACE	0.43Mb	0.52Mb	download_heartbeat
waInstaller::downloadStandard :download via fopen
2026-08-18T20:26:48+00:0000079	8	DEBUG	0.43Mb	0.52Mb	download_heartbeat
waInstaller::setState
{------------------------------------------------------------
array (
  'start_time' => 1787084808,
  'start_time_float' => 1787084808.627036,
  'elapsed_time' => 0.0,
  'stage' => false,
  'stage_name' => 'download',
  'state_heartbeat' => 0.0006158351898193359,
  'thread_id' => '8',
  'chunk_id' => 'wa-system',
  'stage_status' => 'heartbeat',
  'timestamp' => 1787084808,
  'timestamp_float' => 1787084808.655617,
  'stage_start_time' => 1787084808.655617,
  'stage_performance' => 0,
  'stage_current_value' => 0,
  'datetime' => 'Tue, 18 Aug 2026 20:26:48 +0000',
  'stage_value' => 0,
)
}------------------------------------------------------------
2026-08-18T20:26:48+00:0000080	8	TRACE	0.43Mb	0.52Mb	download_heartbeat
waInstaller::downloadStandard :Source file is local
{------------------------------------------------------------
'/var/www/pharmab2b/httpdocs/wa-sources/wa-system.tar.gz'
}------------------------------------------------------------
2026-08-18T20:26:48+00:0000081	8	WARNING	0.43Mb	0.52Mb	download_heartbeat
MD5 hash missing for file /var/www/pharmab2b/httpdocs/wa-sources/wa-system.tar.gz
2026-08-18T20:26:48+00:0000082	8	TRACE	0.43Mb	0.52Mb	download_complete
waInstaller::setState
{------------------------------------------------------------
array (
  'start_time' => 1787084808,
  'start_time_float' => 1787084808.627036,
  'elapsed_time' => 0.0,
  'stage' => false,
  'stage_name' => 'download',
  'state_heartbeat' => 0.0006461143493652344,
  'thread_id' => '8',
  'chunk_id' => 'wa-system',
  'stage_status' => 'complete',
  'timestamp' => 1787084808,
  'timestamp_float' => 1787084808.656261,
  'stage_start_time' => 1787084808.656261,
  'stage_performance' => 0,
  'stage_current_value' => 0,
  'datetime' => 'Tue, 18 Aug 2026 20:26:48 +0000',
  'stage_value' => 0,
)
}------------------------------------------------------------
2026-08-18T20:26:48+00:0000083	8	TRACE	0.43Mb	0.52Mb	download_heartbeat
waInstaller::setState
{------------------------------------------------------------
array (
  'start_time' => 1787084808,
  'start_time_float' => 1787084808.627036,
  'elapsed_time' => 0.0,
  'stage' => false,
  'stage_name' => 'download',
  'state_heartbeat' => 0.0004711151123046875,
  'thread_id' => '8',
  'chunk_id' => 'wa-widgets/clock',
  'stage_status' => 'heartbeat',
  'timestamp' => 1787084808,
  'timestamp_float' => 1787084808.656726,
  'stage_start_time' => 1787084808.656726,
  'stage_performance' => 0,
  'stage_current_value' => 0,
  'datetime' => 'Tue, 18 Aug 2026 20:26:48 +0000',
  'stage_value' => 0,
)
}------------------------------------------------------------
2026-08-18T20:26:48+00:0000084	8	TRACE	0.43Mb	0.52Mb	download_heartbeat
waInstaller::downloadStandard :download via fopen
2026-08-18T20:26:48+00:0000085	8	DEBUG	0.43Mb	0.52Mb	download_heartbeat
waInstaller::setState
{------------------------------------------------------------
array (
  'start_time' => 1787084808,
  'start_time_float' => 1787084808.627036,
  'elapsed_time' => 0.0,
  'stage' => false,
  'stage_name' => 'download',
  'state_heartbeat' => 0.0005671977996826172,
  'thread_id' => '8',
  'chunk_id' => 'wa-widgets/clock',
  'stage_status' => 'heartbeat',
  'timestamp' => 1787084808,
  'timestamp_float' => 1787084808.657291,
  'stage_start_time' => 1787084808.657291,
  'stage_performance' => 0,
  'stage_current_value' => 0,
  'datetime' => 'Tue, 18 Aug 2026 20:26:48 +0000',
  'stage_value' => 0,
)
}------------------------------------------------------------
2026-08-18T20:26:48+00:0000086	8	TRACE	0.43Mb	0.52Mb	download_heartbeat
waInstaller::downloadStandard :Source file is local
{------------------------------------------------------------
'/var/www/pharmab2b/httpdocs/wa-sources/wa-widgets/clock.tar.gz'
}------------------------------------------------------------
2026-08-18T20:26:48+00:0000087	8	WARNING	0.43Mb	0.52Mb	download_heartbeat
MD5 hash missing for file /var/www/pharmab2b/httpdocs/wa-sources/wa-widgets/clock.tar.gz
2026-08-18T20:26:48+00:0000088	8	TRACE	0.43Mb	0.52Mb	download_complete
waInstaller::setState
{------------------------------------------------------------
array (
  'start_time' => 1787084808,
  'start_time_float' => 1787084808.627036,
  'elapsed_time' => 0.0,
  'stage' => false,
  'stage_name' => 'download',
  'state_heartbeat' => 0.0005700588226318359,
  'thread_id' => '8',
  'chunk_id' => 'wa-widgets/clock',
  'stage_status' => 'complete',
  'timestamp' => 1787084808,
  'timestamp_float' => 1787084808.657859,
  'stage_start_time' => 1787084808.657859,
  'stage_performance' => 0,
  'stage_current_value' => 0,
  'datetime' => 'Tue, 18 Aug 2026 20:26:48 +0000',
  'stage_value' => 0,
)
}------------------------------------------------------------
2026-08-18T20:26:48+00:0000089	8	TRACE	0.43Mb	0.52Mb	download_heartbeat
waInstaller::setState
{------------------------------------------------------------
array (
  'start_time' => 1787084808,
  'start_time_float' => 1787084808.627036,
  'elapsed_time' => 0.0,
  'stage' => false,
  'stage_name' => 'download',
  'state_heartbeat' => 0.000537872314453125,
  'thread_id' => '8',
  'chunk_id' => 'wa-widgets/currencyquotes',
  'stage_status' => 'heartbeat',
  'timestamp' => 1787084808,
  'timestamp_float' => 1787084808.658392,
  'stage_start_time' => 1787084808.658392,
  'stage_performance' => 0,
  'stage_current_value' => 0,
  'datetime' => 'Tue, 18 Aug 2026 20:26:48 +0000',
  'stage_value' => 0,
)
}------------------------------------------------------------
2026-08-18T20:26:48+00:0000090	8	TRACE	0.43Mb	0.52Mb	download_heartbeat
waInstaller::downloadStandard :download via fopen
2026-08-18T20:26:48+00:0000091	8	DEBUG	0.43Mb	0.52Mb	download_heartbeat
waInstaller::setState
{------------------------------------------------------------
array (
  'start_time' => 1787084808,
  'start_time_float' => 1787084808.627036,
  'elapsed_time' => 0.0,
  'stage' => false,
  'stage_name' => 'download',
  'state_heartbeat' => 0.0005619525909423828,
  'thread_id' => '8',
  'chunk_id' => 'wa-widgets/currencyquotes',
  'stage_status' => 'heartbeat',
  'timestamp' => 1787084808,
  'timestamp_float' => 1787084808.658952,
  'stage_start_time' => 1787084808.658952,
  'stage_performance' => 0,
  'stage_current_value' => 0,
  'datetime' => 'Tue, 18 Aug 2026 20:26:48 +0000',
  'stage_value' => 0,
)
}------------------------------------------------------------
2026-08-18T20:26:48+00:0000092	8	TRACE	0.43Mb	0.52Mb	download_heartbeat
waInstaller::downloadStandard :Source file is local
{------------------------------------------------------------
'/var/www/pharmab2b/httpdocs/wa-sources/wa-widgets/currencyquotes.tar.gz'
}------------------------------------------------------------
2026-08-18T20:26:48+00:0000093	8	WARNING	0.43Mb	0.52Mb	download_heartbeat
MD5 hash missing for file /var/www/pharmab2b/httpdocs/wa-sources/wa-widgets/currencyquotes.tar.gz
2026-08-18T20:26:48+00:0000094	8	TRACE	0.43Mb	0.52Mb	download_complete
waInstaller::setState
{------------------------------------------------------------
array (
  'start_time' => 1787084808,
  'start_time_float' => 1787084808.627036,
  'elapsed_time' => 0.0,
  'stage' => false,
  'stage_name' => 'download',
  'state_heartbeat' => 0.0005879402160644531,
  'thread_id' => '8',
  'chunk_id' => 'wa-widgets/currencyquotes',
  'stage_status' => 'complete',
  'timestamp' => 1787084808,
  'timestamp_float' => 1787084808.659538,
  'stage_start_time' => 1787084808.659538,
  'stage_performance' => 0,
  'stage_current_value' => 0,
  'datetime' => 'Tue, 18 Aug 2026 20:26:48 +0000',
  'stage_value' => 0,
)
}------------------------------------------------------------
2026-08-18T20:26:48+00:0000095	8	TRACE	0.43Mb	0.52Mb	download_heartbeat
waInstaller::setState
{------------------------------------------------------------
array (
  'start_time' => 1787084808,
  'start_time_float' => 1787084808.627036,
  'elapsed_time' => 0.0,
  'stage' => false,
  'stage_name' => 'download',
  'state_heartbeat' => 0.0004658699035644531,
  'thread_id' => '8',
  'chunk_id' => 'wa-widgets/news',
  'stage_status' => 'heartbeat',
  'timestamp' => 1787084808,
  'timestamp_float' => 1787084808.659998,
  'stage_start_time' => 1787084808.659998,
  'stage_performance' => 0,
  'stage_current_value' => 0,
  'datetime' => 'Tue, 18 Aug 2026 20:26:48 +0000',
  'stage_value' => 0,
)
}------------------------------------------------------------
2026-08-18T20:26:48+00:0000096	8	TRACE	0.43Mb	0.52Mb	download_heartbeat
waInstaller::downloadStandard :download via fopen
2026-08-18T20:26:48+00:0000097	8	DEBUG	0.43Mb	0.52Mb	download_heartbeat
waInstaller::setState
{------------------------------------------------------------
array (
  'start_time' => 1787084808,
  'start_time_float' => 1787084808.627036,
  'elapsed_time' => 0.0,
  'stage' => false,
  'stage_name' => 'download',
  'state_heartbeat' => 0.0006520748138427734,
  'thread_id' => '8',
  'chunk_id' => 'wa-widgets/news',
  'stage_status' => 'heartbeat',
  'timestamp' => 1787084808,
  'timestamp_float' => 1787084808.660619,
  'stage_start_time' => 1787084808.660619,
  'stage_performance' => 0,
  'stage_current_value' => 0,
  'datetime' => 'Tue, 18 Aug 2026 20:26:48 +0000',
  'stage_value' => 0,
)
}------------------------------------------------------------
2026-08-18T20:26:48+00:0000098	8	TRACE	0.43Mb	0.52Mb	download_heartbeat
waInstaller::downloadStandard :Source file is local
{------------------------------------------------------------
'/var/www/pharmab2b/httpdocs/wa-sources/wa-widgets/news.tar.gz'
}------------------------------------------------------------
2026-08-18T20:26:48+00:0000099	8	WARNING	0.43Mb	0.52Mb	download_heartbeat
MD5 hash missing for file /var/www/pharmab2b/httpdocs/wa-sources/wa-widgets/news.tar.gz
2026-08-18T20:26:48+00:0000100	8	TRACE	0.43Mb	0.52Mb	download_complete
waInstaller::setState
{------------------------------------------------------------
array (
  'start_time' => 1787084808,
  'start_time_float' => 1787084808.627036,
  'elapsed_time' => 0.0,
  'stage' => false,
  'stage_name' => 'download',
  'state_heartbeat' => 0.0005400180816650391,
  'thread_id' => '8',
  'chunk_id' => 'wa-widgets/news',
  'stage_status' => 'complete',
  'timestamp' => 1787084808,
  'timestamp_float' => 1787084808.661157,
  'stage_start_time' => 1787084808.661158,
  'stage_performance' => 0,
  'stage_current_value' => 0,
  'datetime' => 'Tue, 18 Aug 2026 20:26:48 +0000',
  'stage_value' => 0,
)
}------------------------------------------------------------
2026-08-18T20:26:48+00:0000101	8	TRACE	0.43Mb	0.52Mb	download_heartbeat
waInstaller::setState
{------------------------------------------------------------
array (
  'start_time' => 1787084808,
  'start_time_float' => 1787084808.627036,
  'elapsed_time' => 0.0,
  'stage' => false,
  'stage_name' => 'download',
  'state_heartbeat' => 0.0004830360412597656,
  'thread_id' => '8',
  'chunk_id' => 'wa-apps/blog',
  'stage_status' => 'heartbeat',
  'timestamp' => 1787084808,
  'timestamp_float' => 1787084808.661635,
  'stage_start_time' => 1787084808.661635,
  'stage_performance' => 0,
  'stage_current_value' => 0,
  'datetime' => 'Tue, 18 Aug 2026 20:26:48 +0000',
  'stage_value' => 0,
)
}------------------------------------------------------------
2026-08-18T20:26:48+00:0000102	8	TRACE	0.43Mb	0.52Mb	download_heartbeat
waInstaller::downloadStandard :download via fopen
2026-08-18T20:26:48+00:0000103	8	DEBUG	0.43Mb	0.52Mb	download_heartbeat
waInstaller::setState
{------------------------------------------------------------
array (
  'start_time' => 1787084808,
  'start_time_float' => 1787084808.627036,
  'elapsed_time' => 0.0,
  'stage' => false,
  'stage_name' => 'download',
  'state_heartbeat' => 0.0006270408630371094,
  'thread_id' => '8',
  'chunk_id' => 'wa-apps/blog',
  'stage_status' => 'heartbeat',
  'timestamp' => 1787084808,
  'timestamp_float' => 1787084808.66226,
  'stage_start_time' => 1787084808.66226,
  'stage_performance' => 0,
  'stage_current_value' => 0,
  'datetime' => 'Tue, 18 Aug 2026 20:26:48 +0000',
  'stage_value' => 0,
)
}------------------------------------------------------------
2026-08-18T20:26:48+00:0000104	8	TRACE	0.43Mb	0.52Mb	download_heartbeat
waInstaller::downloadStandard :Source file is local
{------------------------------------------------------------
'/var/www/pharmab2b/httpdocs/wa-sources/wa-apps/blog.tar.gz'
}------------------------------------------------------------
2026-08-18T20:26:48+00:0000105	8	WARNING	0.43Mb	0.52Mb	download_heartbeat
MD5 hash missing for file /var/www/pharmab2b/httpdocs/wa-sources/wa-apps/blog.tar.gz
2026-08-18T20:26:48+00:0000106	8	TRACE	0.43Mb	0.52Mb	download_complete
waInstaller::setState
{------------------------------------------------------------
array (
  'start_time' => 1787084808,
  'start_time_float' => 1787084808.627036,
  'elapsed_time' => 0.0,
  'stage' => false,
  'stage_name' => 'download',
  'state_heartbeat' => 0.0005860328674316406,
  'thread_id' => '8',
  'chunk_id' => 'wa-apps/blog',
  'stage_status' => 'complete',
  'timestamp' => 1787084808,
  'timestamp_float' => 1787084808.662844,
  'stage_start_time' => 1787084808.662844,
  'stage_performance' => 0,
  'stage_current_value' => 0,
  'datetime' => 'Tue, 18 Aug 2026 20:26:48 +0000',
  'stage_value' => 0,
)
}------------------------------------------------------------
2026-08-18T20:26:48+00:0000107	8	TRACE	0.43Mb	0.52Mb	download_heartbeat
waInstaller::setState
{------------------------------------------------------------
array (
  'start_time' => 1787084808,
  'start_time_float' => 1787084808.627036,
  'elapsed_time' => 0.0,
  'stage' => false,
  'stage_name' => 'download',
  'state_heartbeat' => 0.00046706199645996094,
  'thread_id' => '8',
  'chunk_id' => 'wa-apps/crm',
  'stage_status' => 'heartbeat',
  'timestamp' => 1787084808,
  'timestamp_float' => 1787084808.663305,
  'stage_start_time' => 1787084808.663305,
  'stage_performance' => 0,
  'stage_current_value' => 0,
  'datetime' => 'Tue, 18 Aug 2026 20:26:48 +0000',
  'stage_value' => 0,
)
}------------------------------------------------------------
2026-08-18T20:26:48+00:0000108	8	TRACE	0.43Mb	0.52Mb	download_heartbeat
waInstaller::downloadStandard :download via fopen
2026-08-18T20:26:48+00:0000109	8	DEBUG	0.43Mb	0.52Mb	download_heartbeat
waInstaller::setState
{------------------------------------------------------------
array (
  'start_time' => 1787084808,
  'start_time_float' => 1787084808.627036,
  'elapsed_time' => 0.0,
  'stage' => false,
  'stage_name' => 'download',
  'state_heartbeat' => 0.0005660057067871094,
  'thread_id' => '8',
  'chunk_id' => 'wa-apps/crm',
  'stage_status' => 'heartbeat',
  'timestamp' => 1787084808,
  'timestamp_float' => 1787084808.66387,
  'stage_start_time' => 1787084808.66387,
  'stage_performance' => 0,
  'stage_current_value' => 0,
  'datetime' => 'Tue, 18 Aug 2026 20:26:48 +0000',
  'stage_value' => 0,
)
}------------------------------------------------------------
2026-08-18T20:26:48+00:0000110	8	TRACE	0.43Mb	0.52Mb	download_heartbeat
waInstaller::downloadStandard :Source file is local
{------------------------------------------------------------
'/var/www/pharmab2b/httpdocs/wa-sources/wa-apps/crm.tar.gz'
}------------------------------------------------------------
2026-08-18T20:26:48+00:0000111	8	WARNING	0.43Mb	0.52Mb	download_heartbeat
MD5 hash missing for file /var/www/pharmab2b/httpdocs/wa-sources/wa-apps/crm.tar.gz
2026-08-18T20:26:48+00:0000112	8	TRACE	0.43Mb	0.52Mb	download_complete
waInstaller::setState
{------------------------------------------------------------
array (
  'start_time' => 1787084808,
  'start_time_float' => 1787084808.627036,
  'elapsed_time' => 0.0,
  'stage' => false,
  'stage_name' => 'download',
  'state_heartbeat' => 0.0005919933319091797,
  'thread_id' => '8',
  'chunk_id' => 'wa-apps/crm',
  'stage_status' => 'complete',
  'timestamp' => 1787084808,
  'timestamp_float' => 1787084808.66446,
  'stage_start_time' => 1787084808.66446,
  'stage_performance' => 0,
  'stage_current_value' => 0,
  'datetime' => 'Tue, 18 Aug 2026 20:26:48 +0000',
  'stage_value' => 0,
)
}------------------------------------------------------------
2026-08-18T20:26:48+00:0000113	8	TRACE	0.43Mb	0.52Mb	download_heartbeat
waInstaller::setState
{------------------------------------------------------------
array (
  'start_time' => 1787084808,
  'start_time_float' => 1787084808.627036,
  'elapsed_time' => 0.0,
  'stage' => false,
  'stage_name' => 'download',
  'state_heartbeat' => 0.0005021095275878906,
  'thread_id' => '8',
  'chunk_id' => 'wa-apps/files',
  'stage_status' => 'heartbeat',
  'timestamp' => 1787084808,
  'timestamp_float' => 1787084808.664957,
  'stage_start_time' => 1787084808.664957,
  'stage_performance' => 0,
  'stage_current_value' => 0,
  'datetime' => 'Tue, 18 Aug 2026 20:26:48 +0000',
  'stage_value' => 0,
)
}------------------------------------------------------------
2026-08-18T20:26:48+00:0000114	8	TRACE	0.43Mb	0.52Mb	download_heartbeat
waInstaller::downloadStandard :download via fopen
2026-08-18T20:26:48+00:0000115	8	DEBUG	0.43Mb	0.52Mb	download_heartbeat
waInstaller::setState
{------------------------------------------------------------
array (
  'start_time' => 1787084808,
  'start_time_float' => 1787084808.627036,
  'elapsed_time' => 0.0,
  'stage' => false,
  'stage_name' => 'download',
  'state_heartbeat' => 0.0006358623504638672,
  'thread_id' => '8',
  'chunk_id' => 'wa-apps/files',
  'stage_status' => 'heartbeat',
  'timestamp' => 1787084808,
  'timestamp_float' => 1787084808.665591,
  'stage_start_time' => 1787084808.665591,
  'stage_performance' => 0,
  'stage_current_value' => 0,
  'datetime' => 'Tue, 18 Aug 2026 20:26:48 +0000',
  'stage_value' => 0,
)
}------------------------------------------------------------
2026-08-18T20:26:48+00:0000116	8	TRACE	0.43Mb	0.52Mb	download_heartbeat
waInstaller::downloadStandard :Source file is local
{------------------------------------------------------------
'/var/www/pharmab2b/httpdocs/wa-sources/wa-apps/files.tar.gz'
}------------------------------------------------------------
2026-08-18T20:26:48+00:0000117	8	WARNING	0.43Mb	0.52Mb	download_heartbeat
MD5 hash missing for file /var/www/pharmab2b/httpdocs/wa-sources/wa-apps/files.tar.gz
2026-08-18T20:26:48+00:0000118	8	TRACE	0.43Mb	0.52Mb	download_complete
waInstaller::setState
{------------------------------------------------------------
array (
  'start_time' => 1787084808,
  'start_time_float' => 1787084808.627036,
  'elapsed_time' => 0.0,
  'stage' => false,
  'stage_name' => 'download',
  'state_heartbeat' => 0.0005700588226318359,
  'thread_id' => '8',
  'chunk_id' => 'wa-apps/files',
  'stage_status' => 'complete',
  'timestamp' => 1787084808,
  'timestamp_float' => 1787084808.66616,
  'stage_start_time' => 1787084808.66616,
  'stage_performance' => 0,
  'stage_current_value' => 0,
  'datetime' => 'Tue, 18 Aug 2026 20:26:48 +0000',
  'stage_value' => 0,
)
}------------------------------------------------------------
2026-08-18T20:26:48+00:0000119	8	TRACE	0.43Mb	0.52Mb	download_heartbeat
waInstaller::setState
{------------------------------------------------------------
array (
  'start_time' => 1787084808,
  'start_time_float' => 1787084808.627036,
  'elapsed_time' => 0.0,
  'stage' => false,
  'stage_name' => 'download',
  'state_heartbeat' => 0.0004889965057373047,
  'thread_id' => '8',
  'chunk_id' => 'wa-apps/hub',
  'stage_status' => 'heartbeat',
  'timestamp' => 1787084808,
  'timestamp_float' => 1787084808.666644,
  'stage_start_time' => 1787084808.666644,
  'stage_performance' => 0,
  'stage_current_value' => 0,
  'datetime' => 'Tue, 18 Aug 2026 20:26:48 +0000',
  'stage_value' => 0,
)
}------------------------------------------------------------
2026-08-18T20:26:48+00:0000120	8	TRACE	0.43Mb	0.52Mb	download_heartbeat
waInstaller::downloadStandard :download via fopen
2026-08-18T20:26:48+00:0000121	8	DEBUG	0.43Mb	0.52Mb	download_heartbeat
waInstaller::setState
{------------------------------------------------------------
array (
  'start_time' => 1787084808,
  'start_time_float' => 1787084808.627036,
  'elapsed_time' => 0.0,
  'stage' => false,
  'stage_name' => 'download',
  'state_heartbeat' => 0.000598907470703125,
  'thread_id' => '8',
  'chunk_id' => 'wa-apps/hub',
  'stage_status' => 'heartbeat',
  'timestamp' => 1787084808,
  'timestamp_float' => 1787084808.667241,
  'stage_start_time' => 1787084808.667241,
  'stage_performance' => 0,
  'stage_current_value' => 0,
  'datetime' => 'Tue, 18 Aug 2026 20:26:48 +0000',
  'stage_value' => 0,
)
}------------------------------------------------------------
2026-08-18T20:26:48+00:0000122	8	TRACE	0.43Mb	0.52Mb	download_heartbeat
waInstaller::downloadStandard :Source file is local
{------------------------------------------------------------
'/var/www/pharmab2b/httpdocs/wa-sources/wa-apps/hub.tar.gz'
}------------------------------------------------------------
2026-08-18T20:26:48+00:0000123	8	WARNING	0.43Mb	0.52Mb	download_heartbeat
MD5 hash missing for file /var/www/pharmab2b/httpdocs/wa-sources/wa-apps/hub.tar.gz
2026-08-18T20:26:48+00:0000124	8	TRACE	0.43Mb	0.52Mb	download_complete
waInstaller::setState
{------------------------------------------------------------
array (
  'start_time' => 1787084808,
  'start_time_float' => 1787084808.627036,
  'elapsed_time' => 0.0,
  'stage' => false,
  'stage_name' => 'download',
  'state_heartbeat' => 0.0005619525909423828,
  'thread_id' => '8',
  'chunk_id' => 'wa-apps/hub',
  'stage_status' => 'complete',
  'timestamp' => 1787084808,
  'timestamp_float' => 1787084808.667801,
  'stage_start_time' => 1787084808.667801,
  'stage_performance' => 0,
  'stage_current_value' => 0,
  'datetime' => 'Tue, 18 Aug 2026 20:26:48 +0000',
  'stage_value' => 0,
)
}------------------------------------------------------------
2026-08-18T20:26:48+00:0000125	8	TRACE	0.43Mb	0.52Mb	download_heartbeat
waInstaller::setState
{------------------------------------------------------------
array (
  'start_time' => 1787084808,
  'start_time_float' => 1787084808.627036,
  'elapsed_time' => 0.0,
  'stage' => false,
  'stage_name' => 'download',
  'state_heartbeat' => 0.0005741119384765625,
  'thread_id' => '8',
  'chunk_id' => 'wa-apps/installer',
  'stage_status' => 'heartbeat',
  'timestamp' => 1787084808,
  'timestamp_float' => 1787084808.668345,
  'stage_start_time' => 1787084808.668345,
  'stage_performance' => 0,
  'stage_current_value' => 0,
  'datetime' => 'Tue, 18 Aug 2026 20:26:48 +0000',
  'stage_value' => 0,
)
}------------------------------------------------------------
2026-08-18T20:26:48+00:0000126	8	TRACE	0.43Mb	0.52Mb	download_heartbeat
waInstaller::downloadStandard :download via fopen
2026-08-18T20:26:48+00:0000127	8	DEBUG	0.43Mb	0.52Mb	download_heartbeat
waInstaller::setState
{------------------------------------------------------------
array (
  'start_time' => 1787084808,
  'start_time_float' => 1787084808.627036,
  'elapsed_time' => 0.0,
  'stage' => false,
  'stage_name' => 'download',
  'state_heartbeat' => 0.0006000995635986328,
  'thread_id' => '8',
  'chunk_id' => 'wa-apps/installer',
  'stage_status' => 'heartbeat',
  'timestamp' => 1787084808,
  'timestamp_float' => 1787084808.668944,
  'stage_start_time' => 1787084808.668944,
  'stage_performance' => 0,
  'stage_current_value' => 0,
  'datetime' => 'Tue, 18 Aug 2026 20:26:48 +0000',
  'stage_value' => 0,
)
}------------------------------------------------------------
2026-08-18T20:26:48+00:0000128	8	TRACE	0.43Mb	0.52Mb	download_heartbeat
waInstaller::downloadStandard :Source file is local
{------------------------------------------------------------
'/var/www/pharmab2b/httpdocs/wa-sources/wa-apps/installer.tar.gz'
}------------------------------------------------------------
2026-08-18T20:26:48+00:0000129	8	WARNING	0.43Mb	0.52Mb	download_heartbeat
MD5 hash missing for file /var/www/pharmab2b/httpdocs/wa-sources/wa-apps/installer.tar.gz
2026-08-18T20:26:48+00:0000130	8	TRACE	0.43Mb	0.52Mb	download_complete
waInstaller::setState
{------------------------------------------------------------
array (
  'start_time' => 1787084808,
  'start_time_float' => 1787084808.627036,
  'elapsed_time' => 0.0,
  'stage' => false,
  'stage_name' => 'download',
  'state_heartbeat' => 0.0005581378936767578,
  'thread_id' => '8',
  'chunk_id' => 'wa-apps/installer',
  'stage_status' => 'complete',
  'timestamp' => 1787084808,
  'timestamp_float' => 1787084808.669501,
  'stage_start_time' => 1787084808.669501,
  'stage_performance' => 0,
  'stage_current_value' => 0,
  'datetime' => 'Tue, 18 Aug 2026 20:26:48 +0000',
  'stage_value' => 0,
)
}------------------------------------------------------------
2026-08-18T20:26:48+00:0000131	8	TRACE	0.43Mb	0.52Mb	download_heartbeat
waInstaller::setState
{------------------------------------------------------------
array (
  'start_time' => 1787084808,
  'start_time_float' => 1787084808.627036,
  'elapsed_time' => 0.0,
  'stage' => false,
  'stage_name' => 'download',
  'state_heartbeat' => 0.0004858970642089844,
  'thread_id' => '8',
  'chunk_id' => 'wa-apps/mailer',
  'stage_status' => 'heartbeat',
  'timestamp' => 1787084808,
  'timestamp_float' => 1787084808.669982,
  'stage_start_time' => 1787084808.669982,
  'stage_performance' => 0,
  'stage_current_value' => 0,
  'datetime' => 'Tue, 18 Aug 2026 20:26:48 +0000',
  'stage_value' => 0,
)
}------------------------------------------------------------
2026-08-18T20:26:48+00:0000132	8	TRACE	0.43Mb	0.52Mb	download_heartbeat
waInstaller::downloadStandard :download via fopen
2026-08-18T20:26:48+00:0000133	8	DEBUG	0.43Mb	0.52Mb	download_heartbeat
waInstaller::setState
{------------------------------------------------------------
array (
  'start_time' => 1787084808,
  'start_time_float' => 1787084808.627036,
  'elapsed_time' => 0.0,
  'stage' => false,
  'stage_name' => 'download',
  'state_heartbeat' => 0.0006029605865478516,
  'thread_id' => '8',
  'chunk_id' => 'wa-apps/mailer',
  'stage_status' => 'heartbeat',
  'timestamp' => 1787084808,
  'timestamp_float' => 1787084808.670575,
  'stage_start_time' => 1787084808.670575,
  'stage_performance' => 0,
  'stage_current_value' => 0,
  'datetime' => 'Tue, 18 Aug 2026 20:26:48 +0000',
  'stage_value' => 0,
)
}------------------------------------------------------------
2026-08-18T20:26:48+00:0000134	8	TRACE	0.43Mb	0.52Mb	download_heartbeat
waInstaller::downloadStandard :Source file is local
{------------------------------------------------------------
'/var/www/pharmab2b/httpdocs/wa-sources/wa-apps/mailer.tar.gz'
}------------------------------------------------------------
2026-08-18T20:26:48+00:0000135	8	WARNING	0.43Mb	0.52Mb	download_heartbeat
MD5 hash missing for file /var/www/pharmab2b/httpdocs/wa-sources/wa-apps/mailer.tar.gz
2026-08-18T20:26:48+00:0000136	8	TRACE	0.43Mb	0.52Mb	download_complete
waInstaller::setState
{------------------------------------------------------------
array (
  'start_time' => 1787084808,
  'start_time_float' => 1787084808.627036,
  'elapsed_time' => 0.0,
  'stage' => false,
  'stage_name' => 'download',
  'state_heartbeat' => 0.0006401538848876953,
  'thread_id' => '8',
  'chunk_id' => 'wa-apps/mailer',
  'stage_status' => 'complete',
  'timestamp' => 1787084808,
  'timestamp_float' => 1787084808.671213,
  'stage_start_time' => 1787084808.671214,
  'stage_performance' => 0,
  'stage_current_value' => 0,
  'datetime' => 'Tue, 18 Aug 2026 20:26:48 +0000',
  'stage_value' => 0,
)
}------------------------------------------------------------
2026-08-18T20:26:48+00:0000137	8	TRACE	0.43Mb	0.52Mb	download_heartbeat
waInstaller::setState
{------------------------------------------------------------
array (
  'start_time' => 1787084808,
  'start_time_float' => 1787084808.627036,
  'elapsed_time' => 0.0,
  'stage' => false,
  'stage_name' => 'download',
  'state_heartbeat' => 0.0004520416259765625,
  'thread_id' => '8',
  'chunk_id' => 'wa-apps/photos',
  'stage_status' => 'heartbeat',
  'timestamp' => 1787084808,
  'timestamp_float' => 1787084808.67166,
  'stage_start_time' => 1787084808.67166,
  'stage_performance' => 0,
  'stage_current_value' => 0,
  'datetime' => 'Tue, 18 Aug 2026 20:26:48 +0000',
  'stage_value' => 0,
)
}------------------------------------------------------------
2026-08-18T20:26:48+00:0000138	8	TRACE	0.43Mb	0.52Mb	download_heartbeat
waInstaller::downloadStandard :download via fopen
2026-08-18T20:26:48+00:0000139	8	DEBUG	0.43Mb	0.52Mb	download_heartbeat
waInstaller::setState
{------------------------------------------------------------
array (
  'start_time' => 1787084808,
  'start_time_float' => 1787084808.627036,
  'elapsed_time' => 0.0,
  'stage' => false,
  'stage_name' => 'download',
  'state_heartbeat' => 0.0006639957427978516,
  'thread_id' => '8',
  'chunk_id' => 'wa-apps/photos',
  'stage_status' => 'heartbeat',
  'timestamp' => 1787084808,
  'timestamp_float' => 1787084808.672323,
  'stage_start_time' => 1787084808.672323,
  'stage_performance' => 0,
  'stage_current_value' => 0,
  'datetime' => 'Tue, 18 Aug 2026 20:26:48 +0000',
  'stage_value' => 0,
)
}------------------------------------------------------------
2026-08-18T20:26:48+00:0000140	8	TRACE	0.43Mb	0.52Mb	download_heartbeat
waInstaller::downloadStandard :Source file is local
{------------------------------------------------------------
'/var/www/pharmab2b/httpdocs/wa-sources/wa-apps/photos.tar.gz'
}------------------------------------------------------------
2026-08-18T20:26:48+00:0000141	8	WARNING	0.43Mb	0.52Mb	download_heartbeat
MD5 hash missing for file /var/www/pharmab2b/httpdocs/wa-sources/wa-apps/photos.tar.gz
2026-08-18T20:26:48+00:0000142	8	TRACE	0.43Mb	0.52Mb	download_complete
waInstaller::setState
{------------------------------------------------------------
array (
  'start_time' => 1787084808,
  'start_time_float' => 1787084808.627036,
  'elapsed_time' => 0.0,
  'stage' => false,
  'stage_name' => 'download',
  'state_heartbeat' => 0.0006380081176757812,
  'thread_id' => '8',
  'chunk_id' => 'wa-apps/photos',
  'stage_status' => 'complete',
  'timestamp' => 1787084808,
  'timestamp_float' => 1787084808.672959,
  'stage_start_time' => 1787084808.67296,
  'stage_performance' => 0,
  'stage_current_value' => 0,
  'datetime' => 'Tue, 18 Aug 2026 20:26:48 +0000',
  'stage_value' => 0,
)
}------------------------------------------------------------
2026-08-18T20:26:48+00:0000143	8	TRACE	0.43Mb	0.52Mb	download_heartbeat
waInstaller::setState
{------------------------------------------------------------
array (
  'start_time' => 1787084808,
  'start_time_float' => 1787084808.627036,
  'elapsed_time' => 0.0,
  'stage' => false,
  'stage_name' => 'download',
  'state_heartbeat' => 0.0005109310150146484,
  'thread_id' => '8',
  'chunk_id' => 'wa-apps/shop',
  'stage_status' => 'heartbeat',
  'timestamp' => 1787084808,
  'timestamp_float' => 1787084808.673464,
  'stage_start_time' => 1787084808.673464,
  'stage_performance' => 0,
  'stage_current_value' => 0,
  'datetime' => 'Tue, 18 Aug 2026 20:26:48 +0000',
  'stage_value' => 0,
)
}------------------------------------------------------------
2026-08-18T20:26:48+00:0000144	8	TRACE	0.43Mb	0.52Mb	download_heartbeat
waInstaller::downloadStandard :download via fopen
2026-08-18T20:26:48+00:0000145	8	DEBUG	0.43Mb	0.52Mb	download_heartbeat
waInstaller::setState
{------------------------------------------------------------
array (
  'start_time' => 1787084808,
  'start_time_float' => 1787084808.627036,
  'elapsed_time' => 0.0,
  'stage' => false,
  'stage_name' => 'download',
  'state_heartbeat' => 0.0005259513854980469,
  'thread_id' => '8',
  'chunk_id' => 'wa-apps/shop',
  'stage_status' => 'heartbeat',
  'timestamp' => 1787084808,
  'timestamp_float' => 1787084808.673989,
  'stage_start_time' => 1787084808.673989,
  'stage_performance' => 0,
  'stage_current_value' => 0,
  'datetime' => 'Tue, 18 Aug 2026 20:26:48 +0000',
  'stage_value' => 0,
)
}------------------------------------------------------------
2026-08-18T20:26:48+00:0000146	8	TRACE	0.43Mb	0.53Mb	download_heartbeat
waInstaller::downloadStandard :Source file is local
{------------------------------------------------------------
'/var/www/pharmab2b/httpdocs/wa-sources/wa-apps/shop.tar.gz'
}------------------------------------------------------------
2026-08-18T20:26:48+00:0000147	8	WARNING	0.43Mb	0.53Mb	download_heartbeat
MD5 hash missing for file /var/www/pharmab2b/httpdocs/wa-sources/wa-apps/shop.tar.gz
2026-08-18T20:26:48+00:0000148	8	TRACE	0.43Mb	0.53Mb	download_complete
waInstaller::setState
{------------------------------------------------------------
array (
  'start_time' => 1787084808,
  'start_time_float' => 1787084808.627036,
  'elapsed_time' => 0.0,
  'stage' => false,
  'stage_name' => 'download',
  'state_heartbeat' => 0.000576019287109375,
  'thread_id' => '8',
  'chunk_id' => 'wa-apps/shop',
  'stage_status' => 'complete',
  'timestamp' => 1787084808,
  'timestamp_float' => 1787084808.674563,
  'stage_start_time' => 1787084808.674563,
  'stage_performance' => 0,
  'stage_current_value' => 0,
  'datetime' => 'Tue, 18 Aug 2026 20:26:48 +0000',
  'stage_value' => 0,
)
}------------------------------------------------------------
2026-08-18T20:26:48+00:0000149	8	TRACE	0.43Mb	0.53Mb	download_heartbeat
waInstaller::setState
{------------------------------------------------------------
array (
  'start_time' => 1787084808,
  'start_time_float' => 1787084808.627036,
  'elapsed_time' => 0.0,
  'stage' => false,
  'stage_name' => 'download',
  'state_heartbeat' => 0.0005669593811035156,
  'thread_id' => '8',
  'chunk_id' => 'wa-apps/site',
  'stage_status' => 'heartbeat',
  'timestamp' => 1787084808,
  'timestamp_float' => 1787084808.675124,
  'stage_start_time' => 1787084808.675124,
  'stage_performance' => 0,
  'stage_current_value' => 0,
  'datetime' => 'Tue, 18 Aug 2026 20:26:48 +0000',
  'stage_value' => 0,
)
}------------------------------------------------------------
2026-08-18T20:26:48+00:0000150	8	TRACE	0.43Mb	0.53Mb	download_heartbeat
waInstaller::downloadStandard :download via fopen
2026-08-18T20:26:48+00:0000151	8	DEBUG	0.43Mb	0.53Mb	download_heartbeat
waInstaller::setState
{------------------------------------------------------------
array (
  'start_time' => 1787084808,
  'start_time_float' => 1787084808.627036,
  'elapsed_time' => 0.0,
  'stage' => false,
  'stage_name' => 'download',
  'state_heartbeat' => 0.0005900859832763672,
  'thread_id' => '8',
  'chunk_id' => 'wa-apps/site',
  'stage_status' => 'heartbeat',
  'timestamp' => 1787084808,
  'timestamp_float' => 1787084808.675712,
  'stage_start_time' => 1787084808.675712,
  'stage_performance' => 0,
  'stage_current_value' => 0,
  'datetime' => 'Tue, 18 Aug 2026 20:26:48 +0000',
  'stage_value' => 0,
)
}------------------------------------------------------------
2026-08-18T20:26:48+00:0000152	8	TRACE	0.43Mb	0.53Mb	download_heartbeat
waInstaller::downloadStandard :Source file is local
{------------------------------------------------------------
'/var/www/pharmab2b/httpdocs/wa-sources/wa-apps/site.tar.gz'
}------------------------------------------------------------
2026-08-18T20:26:48+00:0000153	8	WARNING	0.43Mb	0.53Mb	download_heartbeat
MD5 hash missing for file /var/www/pharmab2b/httpdocs/wa-sources/wa-apps/site.tar.gz
2026-08-18T20:26:48+00:0000154	8	TRACE	0.43Mb	0.53Mb	download_complete
waInstaller::setState
{------------------------------------------------------------
array (
  'start_time' => 1787084808,
  'start_time_float' => 1787084808.627036,
  'elapsed_time' => 0.0,
  'stage' => false,
  'stage_name' => 'download',
  'state_heartbeat' => 0.0006878376007080078,
  'thread_id' => '8',
  'chunk_id' => 'wa-apps/site',
  'stage_status' => 'complete',
  'timestamp' => 1787084808,
  'timestamp_float' => 1787084808.676398,
  'stage_start_time' => 1787084808.676398,
  'stage_performance' => 0,
  'stage_current_value' => 0,
  'datetime' => 'Tue, 18 Aug 2026 20:26:48 +0000',
  'stage_value' => 0,
)
}------------------------------------------------------------
2026-08-18T20:26:48+00:0000155	8	TRACE	0.43Mb	0.53Mb	download_heartbeat
waInstaller::setState
{------------------------------------------------------------
array (
  'start_time' => 1787084808,
  'start_time_float' => 1787084808.627036,
  'elapsed_time' => 0.0,
  'stage' => false,
  'stage_name' => 'download',
  'state_heartbeat' => 0.0005130767822265625,
  'thread_id' => '8',
  'chunk_id' => 'wa-apps/tasks',
  'stage_status' => 'heartbeat',
  'timestamp' => 1787084808,
  'timestamp_float' => 1787084808.676906,
  'stage_start_time' => 1787084808.676906,
  'stage_performance' => 0,
  'stage_current_value' => 0,
  'datetime' => 'Tue, 18 Aug 2026 20:26:48 +0000',
  'stage_value' => 0,
)
}------------------------------------------------------------
2026-08-18T20:26:48+00:0000156	8	TRACE	0.43Mb	0.53Mb	download_heartbeat
waInstaller::downloadStandard :download via fopen
2026-08-18T20:26:48+00:0000157	8	DEBUG	0.43Mb	0.53Mb	download_heartbeat
waInstaller::setState
{------------------------------------------------------------
array (
  'start_time' => 1787084808,
  'start_time_float' => 1787084808.627036,
  'elapsed_time' => 0.0,
  'stage' => false,
  'stage_name' => 'download',
  'state_heartbeat' => 0.0006089210510253906,
  'thread_id' => '8',
  'chunk_id' => 'wa-apps/tasks',
  'stage_status' => 'heartbeat',
  'timestamp' => 1787084808,
  'timestamp_float' => 1787084808.677513,
  'stage_start_time' => 1787084808.677513,
  'stage_performance' => 0,
  'stage_current_value' => 0,
  'datetime' => 'Tue, 18 Aug 2026 20:26:48 +0000',
  'stage_value' => 0,
)
}------------------------------------------------------------
2026-08-18T20:26:48+00:0000158	8	TRACE	0.43Mb	0.53Mb	download_heartbeat
waInstaller::downloadStandard :Source file is local
{------------------------------------------------------------
'/var/www/pharmab2b/httpdocs/wa-sources/wa-apps/tasks.tar.gz'
}------------------------------------------------------------
2026-08-18T20:26:48+00:0000159	8	WARNING	0.43Mb	0.53Mb	download_heartbeat
MD5 hash missing for file /var/www/pharmab2b/httpdocs/wa-sources/wa-apps/tasks.tar.gz
2026-08-18T20:26:48+00:0000160	8	TRACE	0.43Mb	0.53Mb	download_complete
waInstaller::setState
{------------------------------------------------------------
array (
  'start_time' => 1787084808,
  'start_time_float' => 1787084808.627036,
  'elapsed_time' => 0.0,
  'stage' => false,
  'stage_name' => 'download',
  'state_heartbeat' => 0.0005922317504882812,
  'thread_id' => '8',
  'chunk_id' => 'wa-apps/tasks',
  'stage_status' => 'complete',
  'timestamp' => 1787084808,
  'timestamp_float' => 1787084808.678103,
  'stage_start_time' => 1787084808.678103,
  'stage_performance' => 0,
  'stage_current_value' => 0,
  'datetime' => 'Tue, 18 Aug 2026 20:26:48 +0000',
  'stage_value' => 0,
)
}------------------------------------------------------------
2026-08-18T20:26:48+00:0000161	8	TRACE	0.43Mb	0.53Mb	download_heartbeat
waInstaller::setState
{------------------------------------------------------------
array (
  'start_time' => 1787084808,
  'start_time_float' => 1787084808.627036,
  'elapsed_time' => 0.0,
  'stage' => false,
  'stage_name' => 'download',
  'state_heartbeat' => 0.0004911422729492188,
  'thread_id' => '8',
  'chunk_id' => 'wa-apps/team',
  'stage_status' => 'heartbeat',
  'timestamp' => 1787084808,
  'timestamp_float' => 1787084808.678588,
  'stage_start_time' => 1787084808.678588,
  'stage_performance' => 0,
  'stage_current_value' => 0,
  'datetime' => 'Tue, 18 Aug 2026 20:26:48 +0000',
  'stage_value' => 0,
)
}------------------------------------------------------------
2026-08-18T20:26:48+00:0000162	8	TRACE	0.43Mb	0.53Mb	download_heartbeat
waInstaller::downloadStandard :download via fopen
2026-08-18T20:26:48+00:0000163	8	DEBUG	0.43Mb	0.53Mb	download_heartbeat
waInstaller::setState
{------------------------------------------------------------
array (
  'start_time' => 1787084808,
  'start_time_float' => 1787084808.627036,
  'elapsed_time' => 0.0,
  'stage' => false,
  'stage_name' => 'download',
  'state_heartbeat' => 0.0005681514739990234,
  'thread_id' => '8',
  'chunk_id' => 'wa-apps/team',
  'stage_status' => 'heartbeat',
  'timestamp' => 1787084808,
  'timestamp_float' => 1787084808.679155,
  'stage_start_time' => 1787084808.679155,
  'stage_performance' => 0,
  'stage_current_value' => 0,
  'datetime' => 'Tue, 18 Aug 2026 20:26:48 +0000',
  'stage_value' => 0,
)
}------------------------------------------------------------
2026-08-18T20:26:48+00:0000164	8	TRACE	0.43Mb	0.53Mb	download_heartbeat
waInstaller::downloadStandard :Source file is local
{------------------------------------------------------------
'/var/www/pharmab2b/httpdocs/wa-sources/wa-apps/team.tar.gz'
}------------------------------------------------------------
2026-08-18T20:26:48+00:0000165	8	WARNING	0.43Mb	0.53Mb	download_heartbeat
MD5 hash missing for file /var/www/pharmab2b/httpdocs/wa-sources/wa-apps/team.tar.gz
2026-08-18T20:26:48+00:0000166	8	TRACE	0.43Mb	0.53Mb	download_complete
waInstaller::setState
{------------------------------------------------------------
array (
  'start_time' => 1787084808,
  'start_time_float' => 1787084808.627036,
  'elapsed_time' => 0.0,
  'stage' => false,
  'stage_name' => 'download',
  'state_heartbeat' => 0.0005819797515869141,
  'thread_id' => '8',
  'chunk_id' => 'wa-apps/team',
  'stage_status' => 'complete',
  'timestamp' => 1787084808,
  'timestamp_float' => 1787084808.679735,
  'stage_start_time' => 1787084808.679735,
  'stage_performance' => 0,
  'stage_current_value' => 0,
  'datetime' => 'Tue, 18 Aug 2026 20:26:48 +0000',
  'stage_value' => 0,
)
}------------------------------------------------------------
2026-08-18T20:26:48+00:0000167	8	TRACE	0.43Mb	0.53Mb	download_heartbeat
waInstaller::setState
{------------------------------------------------------------
array (
  'start_time' => 1787084808,
  'start_time_float' => 1787084808.627036,
  'elapsed_time' => 0.0,
  'stage' => false,
  'stage_name' => 'download',
  'state_heartbeat' => 0.0005350112915039062,
  'thread_id' => '8',
  'chunk_id' => 'wa-widgets/weather',
  'stage_status' => 'heartbeat',
  'timestamp' => 1787084808,
  'timestamp_float' => 1787084808.680264,
  'stage_start_time' => 1787084808.680264,
  'stage_performance' => 0,
  'stage_current_value' => 0,
  'datetime' => 'Tue, 18 Aug 2026 20:26:48 +0000',
  'stage_value' => 0,
)
}------------------------------------------------------------
2026-08-18T20:26:48+00:0000168	8	TRACE	0.43Mb	0.53Mb	download_heartbeat
waInstaller::downloadStandard :download via fopen
2026-08-18T20:26:48+00:0000169	8	DEBUG	0.43Mb	0.53Mb	download_heartbeat
waInstaller::setState
{------------------------------------------------------------
array (
  'start_time' => 1787084808,
  'start_time_float' => 1787084808.627036,
  'elapsed_time' => 0.0,
  'stage' => false,
  'stage_name' => 'download',
  'state_heartbeat' => 0.0006279945373535156,
  'thread_id' => '8',
  'chunk_id' => 'wa-widgets/weather',
  'stage_status' => 'heartbeat',
  'timestamp' => 1787084808,
  'timestamp_float' => 1787084808.68089,
  'stage_start_time' => 1787084808.68089,
  'stage_performance' => 0,
  'stage_current_value' => 0,
  'datetime' => 'Tue, 18 Aug 2026 20:26:48 +0000',
  'stage_value' => 0,
)
}------------------------------------------------------------
2026-08-18T20:26:48+00:0000170	8	TRACE	0.43Mb	0.53Mb	download_heartbeat
waInstaller::downloadStandard :Source file is local
{------------------------------------------------------------
'/var/www/pharmab2b/httpdocs/wa-sources/wa-widgets/weather.tar.gz'
}------------------------------------------------------------
2026-08-18T20:26:48+00:0000171	8	WARNING	0.43Mb	0.53Mb	download_heartbeat
MD5 hash missing for file /var/www/pharmab2b/httpdocs/wa-sources/wa-widgets/weather.tar.gz
2026-08-18T20:26:48+00:0000172	8	TRACE	0.43Mb	0.53Mb	download_complete
waInstaller::setState
{------------------------------------------------------------
array (
  'start_time' => 1787084808,
  'start_time_float' => 1787084808.627036,
  'elapsed_time' => 0.0,
  'stage' => false,
  'stage_name' => 'download',
  'state_heartbeat' => 0.0005629062652587891,
  'thread_id' => '8',
  'chunk_id' => 'wa-widgets/weather',
  'stage_status' => 'complete',
  'timestamp' => 1787084808,
  'timestamp_float' => 1787084808.681452,
  'stage_start_time' => 1787084808.681452,
  'stage_performance' => 0,
  'stage_current_value' => 0,
  'datetime' => 'Tue, 18 Aug 2026 20:26:48 +0000',
  'stage_value' => 0,
)
}------------------------------------------------------------
2026-08-18T20:26:48+00:0000173	8	TRACE	0.43Mb	0.53Mb	download_heartbeat
waInstaller::setState
{------------------------------------------------------------
array (
  'start_time' => 1787084808,
  'start_time_float' => 1787084808.627036,
  'elapsed_time' => 0.0,
  'stage' => false,
  'stage_name' => 'download',
  'state_heartbeat' => 0.0004558563232421875,
  'thread_id' => '8',
  'chunk_id' => 'wa-plugins/shipping/courier',
  'stage_status' => 'heartbeat',
  'timestamp' => 1787084808,
  'timestamp_float' => 1787084808.681903,
  'stage_start_time' => 1787084808.681903,
  'stage_performance' => 0,
  'stage_current_value' => 0,
  'datetime' => 'Tue, 18 Aug 2026 20:26:48 +0000',
  'stage_value' => 0,
)
}------------------------------------------------------------
2026-08-18T20:26:48+00:0000174	8	TRACE	0.43Mb	0.53Mb	download_heartbeat
waInstaller::downloadStandard :download via fopen
2026-08-18T20:26:48+00:0000175	8	DEBUG	0.43Mb	0.53Mb	download_heartbeat
waInstaller::setState
{------------------------------------------------------------
array (
  'start_time' => 1787084808,
  'start_time_float' => 1787084808.627036,
  'elapsed_time' => 0.0,
  'stage' => false,
  'stage_name' => 'download',
  'state_heartbeat' => 0.0006270408630371094,
  'thread_id' => '8',
  'chunk_id' => 'wa-plugins/shipping/courier',
  'stage_status' => 'heartbeat',
  'timestamp' => 1787084808,
  'timestamp_float' => 1787084808.682529,
  'stage_start_time' => 1787084808.682529,
  'stage_performance' => 0,
  'stage_current_value' => 0,
  'datetime' => 'Tue, 18 Aug 2026 20:26:48 +0000',
  'stage_value' => 0,
)
}------------------------------------------------------------
2026-08-18T20:26:48+00:0000176	8	TRACE	0.43Mb	0.53Mb	download_heartbeat
waInstaller::downloadStandard :Source file is local
{------------------------------------------------------------
'/var/www/pharmab2b/httpdocs/wa-sources/wa-plugins/shipping/courier.tar.gz'
}------------------------------------------------------------
2026-08-18T20:26:48+00:0000177	8	WARNING	0.43Mb	0.53Mb	download_heartbeat
MD5 hash missing for file /var/www/pharmab2b/httpdocs/wa-sources/wa-plugins/shipping/courier.tar.gz
2026-08-18T20:26:48+00:0000178	8	TRACE	0.43Mb	0.53Mb	download_complete
waInstaller::setState
{------------------------------------------------------------
array (
  'start_time' => 1787084808,
  'start_time_float' => 1787084808.627036,
  'elapsed_time' => 0.0,
  'stage' => false,
  'stage_name' => 'download',
  'state_heartbeat' => 0.0005719661712646484,
  'thread_id' => '8',
  'chunk_id' => 'wa-plugins/shipping/courier',
  'stage_status' => 'complete',
  'timestamp' => 1787084808,
  'timestamp_float' => 1787084808.683099,
  'stage_start_time' => 1787084808.683099,
  'stage_performance' => 0,
  'stage_current_value' => 0,
  'datetime' => 'Tue, 18 Aug 2026 20:26:48 +0000',
  'stage_value' => 0,
)
}------------------------------------------------------------
2026-08-18T20:26:48+00:0000179	8	TRACE	0.43Mb	0.53Mb	download_heartbeat
waInstaller::setState
{------------------------------------------------------------
array (
  'start_time' => 1787084808,
  'start_time_float' => 1787084808.627036,
  'elapsed_time' => 0.0,
  'stage' => false,
  'stage_name' => 'download',
  'state_heartbeat' => 0.0004658699035644531,
  'thread_id' => '8',
  'chunk_id' => 'wa-plugins/shipping/sd',
  'stage_status' => 'heartbeat',
  'timestamp' => 1787084808,
  'timestamp_float' => 1787084808.68356,
  'stage_start_time' => 1787084808.68356,
  'stage_performance' => 0,
  'stage_current_value' => 0,
  'datetime' => 'Tue, 18 Aug 2026 20:26:48 +0000',
  'stage_value' => 0,
)
}------------------------------------------------------------
2026-08-18T20:26:48+00:0000180	8	TRACE	0.43Mb	0.53Mb	download_heartbeat
waInstaller::downloadStandard :download via fopen
2026-08-18T20:26:48+00:0000181	8	DEBUG	0.43Mb	0.53Mb	download_heartbeat
waInstaller::setState
{------------------------------------------------------------
array (
  'start_time' => 1787084808,
  'start_time_float' => 1787084808.627036,
  'elapsed_time' => 0.0,
  'stage' => false,
  'stage_name' => 'download',
  'state_heartbeat' => 0.0006411075592041016,
  'thread_id' => '8',
  'chunk_id' => 'wa-plugins/shipping/sd',
  'stage_status' => 'heartbeat',
  'timestamp' => 1787084808,
  'timestamp_float' => 1787084808.684199,
  'stage_start_time' => 1787084808.684199,
  'stage_performance' => 0,
  'stage_current_value' => 0,
  'datetime' => 'Tue, 18 Aug 2026 20:26:48 +0000',
  'stage_value' => 0,
)
}------------------------------------------------------------
2026-08-18T20:26:48+00:0000182	8	TRACE	0.43Mb	0.53Mb	download_heartbeat
waInstaller::downloadStandard :Source file is local
{------------------------------------------------------------
'/var/www/pharmab2b/httpdocs/wa-sources/wa-plugins/shipping/sd.tar.gz'
}------------------------------------------------------------
2026-08-18T20:26:48+00:0000183	8	WARNING	0.43Mb	0.53Mb	download_heartbeat
MD5 hash missing for file /var/www/pharmab2b/httpdocs/wa-sources/wa-plugins/shipping/sd.tar.gz
2026-08-18T20:26:48+00:0000184	8	TRACE	0.43Mb	0.53Mb	download_complete
waInstaller::setState
{------------------------------------------------------------
array (
  'start_time' => 1787084808,
  'start_time_float' => 1787084808.627036,
  'elapsed_time' => 0.0,
  'stage' => false,
  'stage_name' => 'download',
  'state_heartbeat' => 0.0005629062652587891,
  'thread_id' => '8',
  'chunk_id' => 'wa-plugins/shipping/sd',
  'stage_status' => 'complete',
  'timestamp' => 1787084808,
  'timestamp_float' => 1787084808.684761,
  'stage_start_time' => 1787084808.684761,
  'stage_performance' => 0,
  'stage_current_value' => 0,
  'datetime' => 'Tue, 18 Aug 2026 20:26:48 +0000',
  'stage_value' => 0,
)
}------------------------------------------------------------
2026-08-18T20:26:48+00:0000185	8	TRACE	0.43Mb	0.53Mb	download_heartbeat
waInstaller::setState
{------------------------------------------------------------
array (
  'start_time' => 1787084808,
  'start_time_float' => 1787084808.627036,
  'elapsed_time' => 0.0,
  'stage' => false,
  'stage_name' => 'download',
  'state_heartbeat' => 0.0005168914794921875,
  'thread_id' => '8',
  'chunk_id' => 'wa-plugins/shipping/worldwide',
  'stage_status' => 'heartbeat',
  'timestamp' => 1787084808,
  'timestamp_float' => 1787084808.685273,
  'stage_start_time' => 1787084808.685273,
  'stage_performance' => 0,
  'stage_current_value' => 0,
  'datetime' => 'Tue, 18 Aug 2026 20:26:48 +0000',
  'stage_value' => 0,
)
}------------------------------------------------------------
2026-08-18T20:26:48+00:0000186	8	TRACE	0.43Mb	0.53Mb	download_heartbeat
waInstaller::downloadStandard :download via fopen
2026-08-18T20:26:48+00:0000187	8	DEBUG	0.43Mb	0.53Mb	download_heartbeat
waInstaller::setState
{------------------------------------------------------------
array (
  'start_time' => 1787084808,
  'start_time_float' => 1787084808.627036,
  'elapsed_time' => 0.0,
  'stage' => false,
  'stage_name' => 'download',
  'state_heartbeat' => 0.0005459785461425781,
  'thread_id' => '8',
  'chunk_id' => 'wa-plugins/shipping/worldwide',
  'stage_status' => 'heartbeat',
  'timestamp' => 1787084808,
  'timestamp_float' => 1787084808.685817,
  'stage_start_time' => 1787084808.685817,
  'stage_performance' => 0,
  'stage_current_value' => 0,
  'datetime' => 'Tue, 18 Aug 2026 20:26:48 +0000',
  'stage_value' => 0,
)
}------------------------------------------------------------
2026-08-18T20:26:48+00:0000188	8	TRACE	0.43Mb	0.53Mb	download_heartbeat
waInstaller::downloadStandard :Source file is local
{------------------------------------------------------------
'/var/www/pharmab2b/httpdocs/wa-sources/wa-plugins/shipping/worldwide.tar.gz'
}------------------------------------------------------------
2026-08-18T20:26:48+00:0000189	8	WARNING	0.43Mb	0.53Mb	download_heartbeat
MD5 hash missing for file /var/www/pharmab2b/httpdocs/wa-sources/wa-plugins/shipping/worldwide.tar.gz
2026-08-18T20:26:48+00:0000190	8	TRACE	0.43Mb	0.53Mb	download_complete
waInstaller::setState
{------------------------------------------------------------
array (
  'start_time' => 1787084808,
  'start_time_float' => 1787084808.627036,
  'elapsed_time' => 0.0,
  'stage' => false,
  'stage_name' => 'download',
  'state_heartbeat' => 0.000598907470703125,
  'thread_id' => '8',
  'chunk_id' => 'wa-plugins/shipping/worldwide',
  'stage_status' => 'complete',
  'timestamp' => 1787084808,
  'timestamp_float' => 1787084808.686414,
  'stage_start_time' => 1787084808.686414,
  'stage_performance' => 0,
  'stage_current_value' => 0,
  'datetime' => 'Tue, 18 Aug 2026 20:26:48 +0000',
  'stage_value' => 0,
)
}------------------------------------------------------------
2026-08-18T20:26:48+00:0000191	8	TRACE	0.43Mb	0.53Mb	download_heartbeat
waInstaller::setState
{------------------------------------------------------------
array (
  'start_time' => 1787084808,
  'start_time_float' => 1787084808.627036,
  'elapsed_time' => 0.0,
  'stage' => false,
  'stage_name' => 'download',
  'state_heartbeat' => 0.0004980564117431641,
  'thread_id' => '8',
  'chunk_id' => 'wa-plugins/sms/webasystsms',
  'stage_status' => 'heartbeat',
  'timestamp' => 1787084808,
  'timestamp_float' => 1787084808.686907,
  'stage_start_time' => 1787084808.686907,
  'stage_performance' => 0,
  'stage_current_value' => 0,
  'datetime' => 'Tue, 18 Aug 2026 20:26:48 +0000',
  'stage_value' => 0,
)
}------------------------------------------------------------
2026-08-18T20:26:48+00:0000192	8	TRACE	0.43Mb	0.53Mb	download_heartbeat
waInstaller::downloadStandard :download via fopen
2026-08-18T20:26:48+00:0000193	8	DEBUG	0.43Mb	0.53Mb	download_heartbeat
waInstaller::setState
{------------------------------------------------------------
array (
  'start_time' => 1787084808,
  'start_time_float' => 1787084808.627036,
  'elapsed_time' => 0.0,
  'stage' => false,
  'stage_name' => 'download',
  'state_heartbeat' => 0.0005769729614257812,
  'thread_id' => '8',
  'chunk_id' => 'wa-plugins/sms/webasystsms',
  'stage_status' => 'heartbeat',
  'timestamp' => 1787084808,
  'timestamp_float' => 1787084808.687482,
  'stage_start_time' => 1787084808.687483,
  'stage_performance' => 0,
  'stage_current_value' => 0,
  'datetime' => 'Tue, 18 Aug 2026 20:26:48 +0000',
  'stage_value' => 0,
)
}------------------------------------------------------------
2026-08-18T20:26:48+00:0000194	8	TRACE	0.43Mb	0.53Mb	download_heartbeat
waInstaller::downloadStandard :Source file is local
{------------------------------------------------------------
'/var/www/pharmab2b/httpdocs/wa-sources/wa-plugins/sms/webasystsms.tar.gz'
}------------------------------------------------------------
2026-08-18T20:26:48+00:0000195	8	WARNING	0.43Mb	0.53Mb	download_heartbeat
MD5 hash missing for file /var/www/pharmab2b/httpdocs/wa-sources/wa-plugins/sms/webasystsms.tar.gz
2026-08-18T20:26:48+00:0000196	8	TRACE	0.43Mb	0.53Mb	download_complete
waInstaller::setState
{------------------------------------------------------------
array (
  'start_time' => 1787084808,
  'start_time_float' => 1787084808.627036,
  'elapsed_time' => 0.0,
  'stage' => false,
  'stage_name' => 'download',
  'state_heartbeat' => 0.0005838871002197266,
  'thread_id' => '8',
  'chunk_id' => 'wa-plugins/sms/webasystsms',
  'stage_status' => 'complete',
  'timestamp' => 1787084808,
  'timestamp_float' => 1787084808.688065,
  'stage_start_time' => 1787084808.688065,
  'stage_performance' => 0,
  'stage_current_value' => 0,
  'datetime' => 'Tue, 18 Aug 2026 20:26:48 +0000',
  'stage_value' => 0,
)
}------------------------------------------------------------
2026-08-18T20:26:48+00:0000197	8	TRACE	0.43Mb	0.53Mb	download_heartbeat
waInstaller::setState
{------------------------------------------------------------
array (
  'start_time' => 1787084808,
  'start_time_float' => 1787084808.627036,
  'elapsed_time' => 0.0,
  'stage' => false,
  'stage_name' => 'download',
  'state_heartbeat' => 0.0004799365997314453,
  'thread_id' => '8',
  'chunk_id' => 'wa-apps/shop/plugins/migrate',
  'stage_status' => 'heartbeat',
  'timestamp' => 1787084808,
  'timestamp_float' => 1787084808.68854,
  'stage_start_time' => 1787084808.68854,
  'stage_performance' => 0,
  'stage_current_value' => 0,
  'datetime' => 'Tue, 18 Aug 2026 20:26:48 +0000',
  'stage_value' => 0,
)
}------------------------------------------------------------
2026-08-18T20:26:48+00:0000198	8	TRACE	0.43Mb	0.53Mb	download_heartbeat
waInstaller::downloadStandard :download via fopen
2026-08-18T20:26:48+00:0000199	8	DEBUG	0.43Mb	0.53Mb	download_heartbeat
waInstaller::setState
{------------------------------------------------------------
array (
  'start_time' => 1787084808,
  'start_time_float' => 1787084808.627036,
  'elapsed_time' => 0.0,
  'stage' => false,
  'stage_name' => 'download',
  'state_heartbeat' => 0.0005869865417480469,
  'thread_id' => '8',
  'chunk_id' => 'wa-apps/shop/plugins/migrate',
  'stage_status' => 'heartbeat',
  'timestamp' => 1787084808,
  'timestamp_float' => 1787084808.689126,
  'stage_start_time' => 1787084808.689126,
  'stage_performance' => 0,
  'stage_current_value' => 0,
  'datetime' => 'Tue, 18 Aug 2026 20:26:48 +0000',
  'stage_value' => 0,
)
}------------------------------------------------------------
2026-08-18T20:26:48+00:0000200	8	TRACE	0.43Mb	0.53Mb	download_heartbeat
waInstaller::downloadStandard :Source file is local
{------------------------------------------------------------
'/var/www/pharmab2b/httpdocs/wa-sources/wa-apps/shop/plugins/migrate.tar.gz'
}------------------------------------------------------------
2026-08-18T20:26:48+00:0000201	8	WARNING	0.43Mb	0.53Mb	download_heartbeat
MD5 hash missing for file /var/www/pharmab2b/httpdocs/wa-sources/wa-apps/shop/plugins/migrate.tar.gz
2026-08-18T20:26:48+00:0000202	8	TRACE	0.43Mb	0.53Mb	download_complete
waInstaller::setState
{------------------------------------------------------------
array (
  'start_time' => 1787084808,
  'start_time_float' => 1787084808.627036,
  'elapsed_time' => 0.0,
  'stage' => false,
  'stage_name' => 'download',
  'state_heartbeat' => 0.0005738735198974609,
  'thread_id' => '8',
  'chunk_id' => 'wa-apps/shop/plugins/migrate',
  'stage_status' => 'complete',
  'timestamp' => 1787084808,
  'timestamp_float' => 1787084808.689698,
  'stage_start_time' => 1787084808.689699,
  'stage_performance' => 0,
  'stage_current_value' => 0,
  'datetime' => 'Tue, 18 Aug 2026 20:26:48 +0000',
  'stage_value' => 0,
)
}------------------------------------------------------------
2026-08-18T20:26:48+00:0000203	8	TRACE	0.43Mb	0.53Mb	download_heartbeat
waInstaller::setState
{------------------------------------------------------------
array (
  'start_time' => 1787084808,
  'start_time_float' => 1787084808.627036,
  'elapsed_time' => 0.0,
  'stage' => false,
  'stage_name' => 'download',
  'state_heartbeat' => 0.0005009174346923828,
  'thread_id' => '8',
  'chunk_id' => 'wa-apps/shop/plugins/redirect',
  'stage_status' => 'heartbeat',
  'timestamp' => 1787084808,
  'timestamp_float' => 1787084808.690193,
  'stage_start_time' => 1787084808.690194,
  'stage_performance' => 0,
  'stage_current_value' => 0,
  'datetime' => 'Tue, 18 Aug 2026 20:26:48 +0000',
  'stage_value' => 0,
)
}------------------------------------------------------------
2026-08-18T20:26:48+00:0000204	8	TRACE	0.43Mb	0.54Mb	download_heartbeat
waInstaller::downloadStandard :download via fopen
2026-08-18T20:26:48+00:0000205	8	DEBUG	0.43Mb	0.54Mb	download_heartbeat
waInstaller::setState
{------------------------------------------------------------
array (
  'start_time' => 1787084808,
  'start_time_float' => 1787084808.627036,
  'elapsed_time' => 0.0,
  'stage' => false,
  'stage_name' => 'download',
  'state_heartbeat' => 0.0005650520324707031,
  'thread_id' => '8',
  'chunk_id' => 'wa-apps/shop/plugins/redirect',
  'stage_status' => 'heartbeat',
  'timestamp' => 1787084808,
  'timestamp_float' => 1787084808.690756,
  'stage_start_time' => 1787084808.690756,
  'stage_performance' => 0,
  'stage_current_value' => 0,
  'datetime' => 'Tue, 18 Aug 2026 20:26:48 +0000',
  'stage_value' => 0,
)
}------------------------------------------------------------
2026-08-18T20:26:48+00:0000206	8	TRACE	0.43Mb	0.54Mb	download_heartbeat
waInstaller::downloadStandard :Source file is local
{------------------------------------------------------------
'/var/www/pharmab2b/httpdocs/wa-sources/wa-apps/shop/plugins/redirect.tar.gz'
}------------------------------------------------------------
2026-08-18T20:26:48+00:0000207	8	WARNING	0.43Mb	0.54Mb	download_heartbeat
MD5 hash missing for file /var/www/pharmab2b/httpdocs/wa-sources/wa-apps/shop/plugins/redirect.tar.gz
2026-08-18T20:26:48+00:0000208	8	TRACE	0.43Mb	0.54Mb	download_complete
waInstaller::setState
{------------------------------------------------------------
array (
  'start_time' => 1787084808,
  'start_time_float' => 1787084808.627036,
  'elapsed_time' => 0.0,
  'stage' => false,
  'stage_name' => 'download',
  'state_heartbeat' => 0.0005409717559814453,
  'thread_id' => '8',
  'chunk_id' => 'wa-apps/shop/plugins/redirect',
  'stage_status' => 'complete',
  'timestamp' => 1787084808,
  'timestamp_float' => 1787084808.691296,
  'stage_start_time' => 1787084808.691296,
  'stage_performance' => 0,
  'stage_current_value' => 0,
  'datetime' => 'Tue, 18 Aug 2026 20:26:48 +0000',
  'stage_value' => 0,
)
}------------------------------------------------------------
2026-08-18T20:26:48+00:0000209	8	TRACE	0.43Mb	0.54Mb	download_heartbeat
waInstaller::setState
{------------------------------------------------------------
array (
  'start_time' => 1787084808,
  'start_time_float' => 1787084808.627036,
  'elapsed_time' => 0.0,
  'stage' => false,
  'stage_name' => 'download',
  'state_heartbeat' => 0.000518798828125,
  'thread_id' => '8',
  'chunk_id' => 'wa-apps/blog/widgets/comments',
  'stage_status' => 'heartbeat',
  'timestamp' => 1787084808,
  'timestamp_float' => 1787084808.69181,
  'stage_start_time' => 1787084808.69181,
  'stage_performance' => 0,
  'stage_current_value' => 0,
  'datetime' => 'Tue, 18 Aug 2026 20:26:48 +0000',
  'stage_value' => 0,
)
}------------------------------------------------------------
2026-08-18T20:26:48+00:0000210	8	TRACE	0.43Mb	0.54Mb	download_heartbeat
waInstaller::downloadStandard :download via fopen
2026-08-18T20:26:48+00:0000211	8	DEBUG	0.43Mb	0.54Mb	download_heartbeat
waInstaller::setState
{------------------------------------------------------------
array (
  'start_time' => 1787084808,
  'start_time_float' => 1787084808.627036,
  'elapsed_time' => 0.0,
  'stage' => false,
  'stage_name' => 'download',
  'state_heartbeat' => 0.0006010532379150391,
  'thread_id' => '8',
  'chunk_id' => 'wa-apps/blog/widgets/comments',
  'stage_status' => 'heartbeat',
  'timestamp' => 1787084808,
  'timestamp_float' => 1787084808.692409,
  'stage_start_time' => 1787084808.692409,
  'stage_performance' => 0,
  'stage_current_value' => 0,
  'datetime' => 'Tue, 18 Aug 2026 20:26:48 +0000',
  'stage_value' => 0,
)
}------------------------------------------------------------
2026-08-18T20:26:48+00:0000212	8	TRACE	0.43Mb	0.54Mb	download_heartbeat
waInstaller::downloadStandard :Source file is local
{------------------------------------------------------------
'/var/www/pharmab2b/httpdocs/wa-sources/wa-apps/blog/widgets/comments.tar.gz'
}------------------------------------------------------------
2026-08-18T20:26:48+00:0000213	8	WARNING	0.43Mb	0.54Mb	download_heartbeat
MD5 hash missing for file /var/www/pharmab2b/httpdocs/wa-sources/wa-apps/blog/widgets/comments.tar.gz
2026-08-18T20:26:48+00:0000214	8	TRACE	0.43Mb	0.54Mb	download_complete
waInstaller::setState
{------------------------------------------------------------
array (
  'start_time' => 1787084808,
  'start_time_float' => 1787084808.627036,
  'elapsed_time' => 0.0,
  'stage' => false,
  'stage_name' => 'download',
  'state_heartbeat' => 0.0005979537963867188,
  'thread_id' => '8',
  'chunk_id' => 'wa-apps/blog/widgets/comments',
  'stage_status' => 'complete',
  'timestamp' => 1787084808,
  'timestamp_float' => 1787084808.693005,
  'stage_start_time' => 1787084808.693005,
  'stage_performance' => 0,
  'stage_current_value' => 0,
  'datetime' => 'Tue, 18 Aug 2026 20:26:48 +0000',
  'stage_value' => 0,
)
}------------------------------------------------------------
2026-08-18T20:26:48+00:0000215	8	TRACE	0.43Mb	0.54Mb	download_heartbeat
waInstaller::setState
{------------------------------------------------------------
array (
  'start_time' => 1787084808,
  'start_time_float' => 1787084808.627036,
  'elapsed_time' => 0.0,
  'stage' => false,
  'stage_name' => 'download',
  'state_heartbeat' => 0.0004918575286865234,
  'thread_id' => '8',
  'chunk_id' => 'wa-apps/blog/widgets/posts',
  'stage_status' => 'heartbeat',
  'timestamp' => 1787084808,
  'timestamp_float' => 1787084808.693492,
  'stage_start_time' => 1787084808.693492,
  'stage_performance' => 0,
  'stage_current_value' => 0,
  'datetime' => 'Tue, 18 Aug 2026 20:26:48 +0000',
  'stage_value' => 0,
)
}------------------------------------------------------------
2026-08-18T20:26:48+00:0000216	8	TRACE	0.43Mb	0.55Mb	download_heartbeat
waInstaller::downloadStandard :download via fopen
2026-08-18T20:26:48+00:0000217	8	DEBUG	0.43Mb	0.55Mb	download_heartbeat
waInstaller::setState
{------------------------------------------------------------
array (
  'start_time' => 1787084808,
  'start_time_float' => 1787084808.627036,
  'elapsed_time' => 0.0,
  'stage' => false,
  'stage_name' => 'download',
  'state_heartbeat' => 0.0006740093231201172,
  'thread_id' => '8',
  'chunk_id' => 'wa-apps/blog/widgets/posts',
  'stage_status' => 'heartbeat',
  'timestamp' => 1787084808,
  'timestamp_float' => 1787084808.694165,
  'stage_start_time' => 1787084808.694165,
  'stage_performance' => 0,
  'stage_current_value' => 0,
  'datetime' => 'Tue, 18 Aug 2026 20:26:48 +0000',
  'stage_value' => 0,
)
}------------------------------------------------------------
2026-08-18T20:26:48+00:0000218	8	TRACE	0.43Mb	0.55Mb	download_heartbeat
waInstaller::downloadStandard :Source file is local
{------------------------------------------------------------
'/var/www/pharmab2b/httpdocs/wa-sources/wa-apps/blog/widgets/posts.tar.gz'
}------------------------------------------------------------
2026-08-18T20:26:48+00:0000219	8	WARNING	0.43Mb	0.55Mb	download_heartbeat
MD5 hash missing for file /var/www/pharmab2b/httpdocs/wa-sources/wa-apps/blog/widgets/posts.tar.gz
2026-08-18T20:26:48+00:0000220	8	TRACE	0.43Mb	0.55Mb	download_complete
waInstaller::setState
{------------------------------------------------------------
array (
  'start_time' => 1787084808,
  'start_time_float' => 1787084808.627036,
  'elapsed_time' => 0.0,
  'stage' => false,
  'stage_name' => 'download',
  'state_heartbeat' => 0.000431060791015625,
  'thread_id' => '8',
  'chunk_id' => 'wa-apps/blog/widgets/posts',
  'stage_status' => 'complete',
  'timestamp' => 1787084808,
  'timestamp_float' => 1787084808.694595,
  'stage_start_time' => 1787084808.694595,
  'stage_performance' => 0,
  'stage_current_value' => 0,
  'datetime' => 'Tue, 18 Aug 2026 20:26:48 +0000',
  'stage_value' => 0,
)
}------------------------------------------------------------
2026-08-18T20:26:48+00:0000221	8	TRACE	0.43Mb	0.55Mb	download_heartbeat
waInstaller::setState
{------------------------------------------------------------
array (
  'start_time' => 1787084808,
  'start_time_float' => 1787084808.627036,
  'elapsed_time' => 0.0,
  'stage' => false,
  'stage_name' => 'download',
  'state_heartbeat' => 0.0005159378051757812,
  'thread_id' => '8',
  'chunk_id' => 'wa-apps/files/widgets/uploaded',
  'stage_status' => 'heartbeat',
  'timestamp' => 1787084808,
  'timestamp_float' => 1787084808.695106,
  'stage_start_time' => 1787084808.695106,
  'stage_performance' => 0,
  'stage_current_value' => 0,
  'datetime' => 'Tue, 18 Aug 2026 20:26:48 +0000',
  'stage_value' => 0,
)
}------------------------------------------------------------
2026-08-18T20:26:48+00:0000222	8	TRACE	0.43Mb	0.55Mb	download_heartbeat
waInstaller::downloadStandard :download via fopen
2026-08-18T20:26:48+00:0000223	8	DEBUG	0.43Mb	0.55Mb	download_heartbeat
waInstaller::setState
{------------------------------------------------------------
array (
  'start_time' => 1787084808,
  'start_time_float' => 1787084808.627036,
  'elapsed_time' => 0.0,
  'stage' => false,
  'stage_name' => 'download',
  'state_heartbeat' => 0.0005340576171875,
  'thread_id' => '8',
  'chunk_id' => 'wa-apps/files/widgets/uploaded',
  'stage_status' => 'heartbeat',
  'timestamp' => 1787084808,
  'timestamp_float' => 1787084808.695638,
  'stage_start_time' => 1787084808.695638,
  'stage_performance' => 0,
  'stage_current_value' => 0,
  'datetime' => 'Tue, 18 Aug 2026 20:26:48 +0000',
  'stage_value' => 0,
)
}------------------------------------------------------------
2026-08-18T20:26:48+00:0000224	8	TRACE	0.43Mb	0.55Mb	download_heartbeat
waInstaller::downloadStandard :Source file is local
{------------------------------------------------------------
'/var/www/pharmab2b/httpdocs/wa-sources/wa-apps/files/widgets/uploaded.tar.gz'
}------------------------------------------------------------
2026-08-18T20:26:48+00:0000225	8	WARNING	0.43Mb	0.55Mb	download_heartbeat
MD5 hash missing for file /var/www/pharmab2b/httpdocs/wa-sources/wa-apps/files/widgets/uploaded.tar.gz
2026-08-18T20:26:48+00:0000226	8	TRACE	0.43Mb	0.55Mb	download_complete
waInstaller::setState
{------------------------------------------------------------
array (
  'start_time' => 1787084808,
  'start_time_float' => 1787084808.627036,
  'elapsed_time' => 0.0,
  'stage' => false,
  'stage_name' => 'download',
  'state_heartbeat' => 0.00055694580078125,
  'thread_id' => '8',
  'chunk_id' => 'wa-apps/files/widgets/uploaded',
  'stage_status' => 'complete',
  'timestamp' => 1787084808,
  'timestamp_float' => 1787084808.696193,
  'stage_start_time' => 1787084808.696194,
  'stage_performance' => 0,
  'stage_current_value' => 0,
  'datetime' => 'Tue, 18 Aug 2026 20:26:48 +0000',
  'stage_value' => 0,
)
}------------------------------------------------------------
2026-08-18T20:26:48+00:0000227	8	TRACE	0.43Mb	0.55Mb	download_heartbeat
waInstaller::setState
{------------------------------------------------------------
array (
  'start_time' => 1787084808,
  'start_time_float' => 1787084808.627036,
  'elapsed_time' => 0.0,
  'stage' => false,
  'stage_name' => 'download',
  'state_heartbeat' => 0.00043392181396484375,
  'thread_id' => '8',
  'chunk_id' => 'wa-apps/hub/widgets/comments',
  'stage_status' => 'heartbeat',
  'timestamp' => 1787084808,
  'timestamp_float' => 1787084808.696623,
  'stage_start_time' => 1787084808.696623,
  'stage_performance' => 0,
  'stage_current_value' => 0,
  'datetime' => 'Tue, 18 Aug 2026 20:26:48 +0000',
  'stage_value' => 0,
)
}------------------------------------------------------------
2026-08-18T20:26:48+00:0000228	8	TRACE	0.43Mb	0.55Mb	download_heartbeat
waInstaller::downloadStandard :download via fopen
2026-08-18T20:26:48+00:0000229	8	DEBUG	0.43Mb	0.55Mb	download_heartbeat
waInstaller::setState
{------------------------------------------------------------
array (
  'start_time' => 1787084808,
  'start_time_float' => 1787084808.627036,
  'elapsed_time' => 0.0,
  'stage' => false,
  'stage_name' => 'download',
  'state_heartbeat' => 0.0005729198455810547,
  'thread_id' => '8',
  'chunk_id' => 'wa-apps/hub/widgets/comments',
  'stage_status' => 'heartbeat',
  'timestamp' => 1787084808,
  'timestamp_float' => 1787084808.697195,
  'stage_start_time' => 1787084808.697195,
  'stage_performance' => 0,
  'stage_current_value' => 0,
  'datetime' => 'Tue, 18 Aug 2026 20:26:48 +0000',
  'stage_value' => 0,
)
}------------------------------------------------------------
2026-08-18T20:26:48+00:0000230	8	TRACE	0.43Mb	0.55Mb	download_heartbeat
waInstaller::downloadStandard :Source file is local
{------------------------------------------------------------
'/var/www/pharmab2b/httpdocs/wa-sources/wa-apps/hub/widgets/comments.tar.gz'
}------------------------------------------------------------
2026-08-18T20:26:48+00:0000231	8	WARNING	0.43Mb	0.55Mb	download_heartbeat
MD5 hash missing for file /var/www/pharmab2b/httpdocs/wa-sources/wa-apps/hub/widgets/comments.tar.gz
2026-08-18T20:26:48+00:0000232	8	TRACE	0.43Mb	0.55Mb	download_complete
waInstaller::setState
{------------------------------------------------------------
array (
  'start_time' => 1787084808,
  'start_time_float' => 1787084808.627036,
  'elapsed_time' => 0.0,
  'stage' => false,
  'stage_name' => 'download',
  'state_heartbeat' => 0.0004680156707763672,
  'thread_id' => '8',
  'chunk_id' => 'wa-apps/hub/widgets/comments',
  'stage_status' => 'complete',
  'timestamp' => 1787084808,
  'timestamp_float' => 1787084808.697661,
  'stage_start_time' => 1787084808.697661,
  'stage_performance' => 0,
  'stage_current_value' => 0,
  'datetime' => 'Tue, 18 Aug 2026 20:26:48 +0000',
  'stage_value' => 0,
)
}------------------------------------------------------------
2026-08-18T20:26:48+00:0000233	8	TRACE	0.43Mb	0.55Mb	download_heartbeat
waInstaller::setState
{------------------------------------------------------------
array (
  'start_time' => 1787084808,
  'start_time_float' => 1787084808.627036,
  'elapsed_time' => 0.0,
  'stage' => false,
  'stage_name' => 'download',
  'state_heartbeat' => 0.0005249977111816406,
  'thread_id' => '8',
  'chunk_id' => 'wa-apps/photos/widgets/photos',
  'stage_status' => 'heartbeat',
  'timestamp' => 1787084808,
  'timestamp_float' => 1787084808.698182,
  'stage_start_time' => 1787084808.698182,
  'stage_performance' => 0,
  'stage_current_value' => 0,
  'datetime' => 'Tue, 18 Aug 2026 20:26:48 +0000',
  'stage_value' => 0,
)
}------------------------------------------------------------
2026-08-18T20:26:48+00:0000234	8	TRACE	0.43Mb	0.56Mb	download_heartbeat
waInstaller::downloadStandard :download via fopen
2026-08-18T20:26:48+00:0000235	8	DEBUG	0.43Mb	0.56Mb	download_heartbeat
waInstaller::setState
{------------------------------------------------------------
array (
  'start_time' => 1787084808,
  'start_time_float' => 1787084808.627036,
  'elapsed_time' => 0.0,
  'stage' => false,
  'stage_name' => 'download',
  'state_heartbeat' => 0.0004940032958984375,
  'thread_id' => '8',
  'chunk_id' => 'wa-apps/photos/widgets/photos',
  'stage_status' => 'heartbeat',
  'timestamp' => 1787084808,
  'timestamp_float' => 1787084808.698674,
  'stage_start_time' => 1787084808.698674,
  'stage_performance' => 0,
  'stage_current_value' => 0,
  'datetime' => 'Tue, 18 Aug 2026 20:26:48 +0000',
  'stage_value' => 0,
)
}------------------------------------------------------------
2026-08-18T20:26:48+00:0000236	8	TRACE	0.43Mb	0.56Mb	download_heartbeat
waInstaller::downloadStandard :Source file is local
{------------------------------------------------------------
'/var/www/pharmab2b/httpdocs/wa-sources/wa-apps/photos/widgets/photos.tar.gz'
}------------------------------------------------------------
2026-08-18T20:26:48+00:0000237	8	WARNING	0.43Mb	0.56Mb	download_heartbeat
MD5 hash missing for file /var/www/pharmab2b/httpdocs/wa-sources/wa-apps/photos/widgets/photos.tar.gz
2026-08-18T20:26:48+00:0000238	8	TRACE	0.43Mb	0.56Mb	download_complete
waInstaller::setState
{------------------------------------------------------------
array (
  'start_time' => 1787084808,
  'start_time_float' => 1787084808.627036,
  'elapsed_time' => 0.0,
  'stage' => false,
  'stage_name' => 'download',
  'state_heartbeat' => 0.00055694580078125,
  'thread_id' => '8',
  'chunk_id' => 'wa-apps/photos/widgets/photos',
  'stage_status' => 'complete',
  'timestamp' => 1787084808,
  'timestamp_float' => 1787084808.69923,
  'stage_start_time' => 1787084808.69923,
  'stage_performance' => 0,
  'stage_current_value' => 0,
  'datetime' => 'Tue, 18 Aug 2026 20:26:48 +0000',
  'stage_value' => 0,
)
}------------------------------------------------------------
2026-08-18T20:26:48+00:0000239	8	TRACE	0.43Mb	0.56Mb	download_heartbeat
waInstaller::setState
{------------------------------------------------------------
array (
  'start_time' => 1787084808,
  'start_time_float' => 1787084808.627036,
  'elapsed_time' => 0.0,
  'stage' => false,
  'stage_name' => 'download',
  'state_heartbeat' => 0.0004279613494873047,
  'thread_id' => '8',
  'chunk_id' => 'wa-apps/shop/widgets/customers',
  'stage_status' => 'heartbeat',
  'timestamp' => 1787084808,
  'timestamp_float' => 1787084808.699653,
  'stage_start_time' => 1787084808.699654,
  'stage_performance' => 0,
  'stage_current_value' => 0,
  'datetime' => 'Tue, 18 Aug 2026 20:26:48 +0000',
  'stage_value' => 0,
)
}------------------------------------------------------------
2026-08-18T20:26:48+00:0000240	8	TRACE	0.43Mb	0.57Mb	download_heartbeat
waInstaller::downloadStandard :download via fopen
2026-08-18T20:26:48+00:0000241	8	DEBUG	0.44Mb	0.57Mb	download_heartbeat
waInstaller::setState
{------------------------------------------------------------
array (
  'start_time' => 1787084808,
  'start_time_float' => 1787084808.627036,
  'elapsed_time' => 0.0,
  'stage' => false,
  'stage_name' => 'download',
  'state_heartbeat' => 0.0008571147918701172,
  'thread_id' => '8',
  'chunk_id' => 'wa-apps/shop/widgets/customers',
  'stage_status' => 'heartbeat',
  'timestamp' => 1787084808,
  'timestamp_float' => 1787084808.700509,
  'stage_start_time' => 1787084808.700509,
  'stage_performance' => 0,
  'stage_current_value' => 0,
  'datetime' => 'Tue, 18 Aug 2026 20:26:48 +0000',
  'stage_value' => 0,
)
}------------------------------------------------------------
2026-08-18T20:26:48+00:0000242	8	TRACE	0.43Mb	0.57Mb	download_heartbeat
waInstaller::downloadStandard :Source file is local
{------------------------------------------------------------
'/var/www/pharmab2b/httpdocs/wa-sources/wa-apps/shop/widgets/customers.tar.gz'
}------------------------------------------------------------
2026-08-18T20:26:48+00:0000243	8	WARNING	0.43Mb	0.57Mb	download_heartbeat
MD5 hash missing for file /var/www/pharmab2b/httpdocs/wa-sources/wa-apps/shop/widgets/customers.tar.gz
2026-08-18T20:26:48+00:0000244	8	TRACE	0.43Mb	0.57Mb	download_complete
waInstaller::setState
{------------------------------------------------------------
array (
  'start_time' => 1787084808,
  'start_time_float' => 1787084808.627036,
  'elapsed_time' => 0.0,
  'stage' => false,
  'stage_name' => 'download',
  'state_heartbeat' => 0.0006248950958251953,
  'thread_id' => '8',
  'chunk_id' => 'wa-apps/shop/widgets/customers',
  'stage_status' => 'complete',
  'timestamp' => 1787084808,
  'timestamp_float' => 1787084808.701132,
  'stage_start_time' => 1787084808.701133,
  'stage_performance' => 0,
  'stage_current_value' => 0,
  'datetime' => 'Tue, 18 Aug 2026 20:26:48 +0000',
  'stage_value' => 0,
)
}------------------------------------------------------------
2026-08-18T20:26:48+00:0000245	8	TRACE	0.43Mb	0.57Mb	download_heartbeat
waInstaller::setState
{------------------------------------------------------------
array (
  'start_time' => 1787084808,
  'start_time_float' => 1787084808.627036,
  'elapsed_time' => 0.0,
  'stage' => false,
  'stage_name' => 'download',
  'state_heartbeat' => 0.0005290508270263672,
  'thread_id' => '8',
  'chunk_id' => 'wa-apps/shop/widgets/kpi',
  'stage_status' => 'heartbeat',
  'timestamp' => 1787084808,
  'timestamp_float' => 1787084808.701657,
  'stage_start_time' => 1787084808.701657,
  'stage_performance' => 0,
  'stage_current_value' => 0,
  'datetime' => 'Tue, 18 Aug 2026 20:26:48 +0000',
  'stage_value' => 0,
)
}------------------------------------------------------------
2026-08-18T20:26:48+00:0000246	8	TRACE	0.43Mb	0.57Mb	download_heartbeat
waInstaller::downloadStandard :download via fopen
2026-08-18T20:26:48+00:0000247	8	DEBUG	0.44Mb	0.57Mb	download_heartbeat
waInstaller::setState
{------------------------------------------------------------
array (
  'start_time' => 1787084808,
  'start_time_float' => 1787084808.627036,
  'elapsed_time' => 0.0,
  'stage' => false,
  'stage_name' => 'download',
  'state_heartbeat' => 0.0005278587341308594,
  'thread_id' => '8',
  'chunk_id' => 'wa-apps/shop/widgets/kpi',
  'stage_status' => 'heartbeat',
  'timestamp' => 1787084808,
  'timestamp_float' => 1787084808.702184,
  'stage_start_time' => 1787084808.702184,
  'stage_performance' => 0,
  'stage_current_value' => 0,
  'datetime' => 'Tue, 18 Aug 2026 20:26:48 +0000',
  'stage_value' => 0,
)
}------------------------------------------------------------
2026-08-18T20:26:48+00:0000248	8	TRACE	0.43Mb	0.57Mb	download_heartbeat
waInstaller::downloadStandard :Source file is local
{------------------------------------------------------------
'/var/www/pharmab2b/httpdocs/wa-sources/wa-apps/shop/widgets/kpi.tar.gz'
}------------------------------------------------------------
2026-08-18T20:26:48+00:0000249	8	WARNING	0.43Mb	0.57Mb	download_heartbeat
MD5 hash missing for file /var/www/pharmab2b/httpdocs/wa-sources/wa-apps/shop/widgets/kpi.tar.gz
2026-08-18T20:26:48+00:0000250	8	TRACE	0.43Mb	0.57Mb	download_complete
waInstaller::setState
{------------------------------------------------------------
array (
  'start_time' => 1787084808,
  'start_time_float' => 1787084808.627036,
  'elapsed_time' => 0.0,
  'stage' => false,
  'stage_name' => 'download',
  'state_heartbeat' => 0.0004889965057373047,
  'thread_id' => '8',
  'chunk_id' => 'wa-apps/shop/widgets/kpi',
  'stage_status' => 'complete',
  'timestamp' => 1787084808,
  'timestamp_float' => 1787084808.702671,
  'stage_start_time' => 1787084808.702671,
  'stage_performance' => 0,
  'stage_current_value' => 0,
  'datetime' => 'Tue, 18 Aug 2026 20:26:48 +0000',
  'stage_value' => 0,
)
}------------------------------------------------------------
2026-08-18T20:26:48+00:0000251	8	TRACE	0.44Mb	0.57Mb	download_heartbeat
waInstaller::setState
{------------------------------------------------------------
array (
  'start_time' => 1787084808,
  'start_time_float' => 1787084808.627036,
  'elapsed_time' => 0.0,
  'stage' => false,
  'stage_name' => 'download',
  'state_heartbeat' => 0.0004949569702148438,
  'thread_id' => '8',
  'chunk_id' => 'wa-apps/shop/widgets/products',
  'stage_status' => 'heartbeat',
  'timestamp' => 1787084808,
  'timestamp_float' => 1787084808.703162,
  'stage_start_time' => 1787084808.703162,
  'stage_performance' => 0,
  'stage_current_value' => 0,
  'datetime' => 'Tue, 18 Aug 2026 20:26:48 +0000',
  'stage_value' => 0,
)
}------------------------------------------------------------
2026-08-18T20:26:48+00:0000252	8	TRACE	0.43Mb	0.57Mb	download_heartbeat
waInstaller::downloadStandard :download via fopen
2026-08-18T20:26:48+00:0000253	8	DEBUG	0.44Mb	0.57Mb	download_heartbeat
waInstaller::setState
{------------------------------------------------------------
array (
  'start_time' => 1787084808,
  'start_time_float' => 1787084808.627036,
  'elapsed_time' => 0.0,
  'stage' => false,
  'stage_name' => 'download',
  'state_heartbeat' => 0.0004949569702148438,
  'thread_id' => '8',
  'chunk_id' => 'wa-apps/shop/widgets/products',
  'stage_status' => 'heartbeat',
  'timestamp' => 1787084808,
  'timestamp_float' => 1787084808.703655,
  'stage_start_time' => 1787084808.703655,
  'stage_performance' => 0,
  'stage_current_value' => 0,
  'datetime' => 'Tue, 18 Aug 2026 20:26:48 +0000',
  'stage_value' => 0,
)
}------------------------------------------------------------
2026-08-18T20:26:48+00:0000254	8	TRACE	0.43Mb	0.57Mb	download_heartbeat
waInstaller::downloadStandard :Source file is local
{------------------------------------------------------------
'/var/www/pharmab2b/httpdocs/wa-sources/wa-apps/shop/widgets/products.tar.gz'
}------------------------------------------------------------
2026-08-18T20:26:48+00:0000255	8	WARNING	0.43Mb	0.57Mb	download_heartbeat
MD5 hash missing for file /var/www/pharmab2b/httpdocs/wa-sources/wa-apps/shop/widgets/products.tar.gz
2026-08-18T20:26:48+00:0000256	8	TRACE	0.44Mb	0.57Mb	download_complete
waInstaller::setState
{------------------------------------------------------------
array (
  'start_time' => 1787084808,
  'start_time_float' => 1787084808.627036,
  'elapsed_time' => 0.0,
  'stage' => false,
  'stage_name' => 'download',
  'state_heartbeat' => 0.0005691051483154297,
  'thread_id' => '8',
  'chunk_id' => 'wa-apps/shop/widgets/products',
  'stage_status' => 'complete',
  'timestamp' => 1787084808,
  'timestamp_float' => 1787084808.704222,
  'stage_start_time' => 1787084808.704222,
  'stage_performance' => 0,
  'stage_current_value' => 0,
  'datetime' => 'Tue, 18 Aug 2026 20:26:48 +0000',
  'stage_value' => 0,
)
}------------------------------------------------------------
2026-08-18T20:26:48+00:0000257	8	TRACE	0.44Mb	0.57Mb	download_heartbeat
waInstaller::setState
{------------------------------------------------------------
array (
  'start_time' => 1787084808,
  'start_time_float' => 1787084808.627036,
  'elapsed_time' => 0.0,
  'stage' => false,
  'stage_name' => 'download',
  'state_heartbeat' => 0.00045299530029296875,
  'thread_id' => '8',
  'chunk_id' => 'wa-apps/shop/widgets/sources',
  'stage_status' => 'heartbeat',
  'timestamp' => 1787084808,
  'timestamp_float' => 1787084808.70467,
  'stage_start_time' => 1787084808.70467,
  'stage_performance' => 0,
  'stage_current_value' => 0,
  'datetime' => 'Tue, 18 Aug 2026 20:26:48 +0000',
  'stage_value' => 0,
)
}------------------------------------------------------------
2026-08-18T20:26:48+00:0000258	8	TRACE	0.43Mb	0.58Mb	download_heartbeat
waInstaller::downloadStandard :download via fopen
2026-08-18T20:26:48+00:0000259	8	DEBUG	0.44Mb	0.58Mb	download_heartbeat
waInstaller::setState
{------------------------------------------------------------
array (
  'start_time' => 1787084808,
  'start_time_float' => 1787084808.627036,
  'elapsed_time' => 0.0,
  'stage' => false,
  'stage_name' => 'download',
  'state_heartbeat' => 0.0005280971527099609,
  'thread_id' => '8',
  'chunk_id' => 'wa-apps/shop/widgets/sources',
  'stage_status' => 'heartbeat',
  'timestamp' => 1787084808,
  'timestamp_float' => 1787084808.705197,
  'stage_start_time' => 1787084808.705197,
  'stage_performance' => 0,
  'stage_current_value' => 0,
  'datetime' => 'Tue, 18 Aug 2026 20:26:48 +0000',
  'stage_value' => 0,
)
}------------------------------------------------------------
2026-08-18T20:26:48+00:0000260	8	TRACE	0.43Mb	0.58Mb	download_heartbeat
waInstaller::downloadStandard :Source file is local
{------------------------------------------------------------
'/var/www/pharmab2b/httpdocs/wa-sources/wa-apps/shop/widgets/sources.tar.gz'
}------------------------------------------------------------
2026-08-18T20:26:48+00:0000261	8	WARNING	0.44Mb	0.58Mb	download_heartbeat
MD5 hash missing for file /var/www/pharmab2b/httpdocs/wa-sources/wa-apps/shop/widgets/sources.tar.gz
2026-08-18T20:26:48+00:0000262	8	TRACE	0.44Mb	0.58Mb	download_complete
waInstaller::setState
{------------------------------------------------------------
array (
  'start_time' => 1787084808,
  'start_time_float' => 1787084808.627036,
  'elapsed_time' => 0.0,
  'stage' => false,
  'stage_name' => 'download',
  'state_heartbeat' => 0.00055694580078125,
  'thread_id' => '8',
  'chunk_id' => 'wa-apps/shop/widgets/sources',
  'stage_status' => 'complete',
  'timestamp' => 1787084808,
  'timestamp_float' => 1787084808.705752,
  'stage_start_time' => 1787084808.705752,
  'stage_performance' => 0,
  'stage_current_value' => 0,
  'datetime' => 'Tue, 18 Aug 2026 20:26:48 +0000',
  'stage_value' => 0,
)
}------------------------------------------------------------
2026-08-18T20:26:48+00:0000263	8	TRACE	0.44Mb	0.58Mb	extract_heartbeat
waInstaller::setState
{------------------------------------------------------------
array (
  'start_time' => 1787084808,
  'start_time_float' => 1787084808.627036,
  'elapsed_time' => 0.0,
  'stage' => false,
  'stage_name' => 'extract',
  'state_heartbeat' => 0.0005350112915039062,
  'thread_id' => '8',
  'chunk_id' => 'wa-content',
  'stage_status' => 'heartbeat',
  'timestamp' => 1787084808,
  'timestamp_float' => 1787084808.706253,
  'stage_start_time' => 1787084808.706253,
  'stage_performance' => 0,
  'stage_current_value' => 0,
  'datetime' => 'Tue, 18 Aug 2026 20:26:48 +0000',
  'stage_value' => 0,
)
}------------------------------------------------------------
2026-08-18T20:26:48+00:0000264	8	TRACE	0.44Mb	0.58Mb	extract_heartbeat
waInstaller::stageExtract
{------------------------------------------------------------
array (
  'compressed_file' => '/var/www/pharmab2b/httpdocs/wa-sources/wa-content.tar.gz',
  'target_path' => 'wa-data/protected/wa-installer/8/update/wa-content/',
  'base_path' => 'wa-content/',
)
}------------------------------------------------------------
2026-08-18T20:26:48+00:0000265	8	DEBUG	0.46Mb	1.16Mb	extract_heartbeat
waInstaller::setState
{------------------------------------------------------------
array (
  'start_time' => 1787084808,
  'start_time_float' => 1787084808.627036,
  'elapsed_time' => 0.0,
  'stage' => false,
  'stage_name' => 'extract',
  'state_heartbeat' => 0.052002906799316406,
  'thread_id' => '8',
  'chunk_id' => 'wa-content',
  'stage_status' => 'heartbeat',
  'timestamp' => 1787084808,
  'timestamp_float' => 1787084808.758249,
  'stage_start_time' => 1787084808.75825,
  'stage_performance' => 0.0,
  'stage_current_value' => 0,
  'datetime' => 'Tue, 18 Aug 2026 20:26:48 +0000',
  'stage_value' => 14169600.0,
  'resume' => 
  array (
    'offset' => NULL,
    'tar_size' => 27675.0,
  ),
  'debug' => 
  array (
    'block_performance' => 32,
    'additional' => NULL,
  ),
)
}------------------------------------------------------------
2026-08-18T20:26:48+00:0000266	8	DEBUG	0.46Mb	1.16Mb	extract_heartbeat
waInstaller::setState
{------------------------------------------------------------
array (
  'start_time' => 1787084808,
  'start_time_float' => 1787084808.627036,
  'elapsed_time' => 0.0,
  'stage' => false,
  'stage_name' => 'extract',
  'state_heartbeat' => 0.0010428428649902344,
  'thread_id' => '8',
  'chunk_id' => 'wa-content',
  'stage_status' => 'heartbeat',
  'timestamp' => 1787084808,
  'timestamp_float' => 1787084808.75929,
  'stage_start_time' => 1787084808.75929,
  'stage_performance' => 0.0,
  'stage_current_value' => 0.0,
  'datetime' => 'Tue, 18 Aug 2026 20:26:48 +0000',
  'stage_value' => 14169600.0,
  'resume' => 
  array (
    'offset' => 0.0,
    'tar_size' => 27675.0,
  ),
  'debug' => 
  array (
    'block_performance' => 32.0,
    'additional' => NULL,
  ),
)
}------------------------------------------------------------
2026-08-18T20:26:48+00:0000267	8	DEBUG	0.46Mb	1.16Mb	extract_heartbeat
waInstaller::setState
{------------------------------------------------------------
array (
  'start_time' => 1787084808,
  'start_time_float' => 1787084808.627036,
  'elapsed_time' => 0.0,
  'stage' => false,
  'stage_name' => 'extract',
  'state_heartbeat' => 0.007539987564086914,
  'thread_id' => '8',
  'chunk_id' => 'wa-content',
  'stage_status' => 'heartbeat',
  'timestamp' => 1787084808,
  'timestamp_float' => 1787084808.766827,
  'stage_start_time' => 1787084808.766827,
  'stage_performance' => 58895654.40850283,
  'stage_current_value' => 443904.0,
  'datetime' => 'Tue, 18 Aug 2026 20:26:48 +0000',
  'stage_value' => 14169600.0,
  'resume' => 
  array (
    'offset' => 867.0,
    'tar_size' => 27675.0,
  ),
  'debug' => 
  array (
    'block_performance' => 32.0,
    'additional' => NULL,
  ),
)
}------------------------------------------------------------
2026-08-18T20:26:48+00:0000268	8	DEBUG	0.46Mb	1.16Mb	extract_heartbeat
waInstaller::setState
{------------------------------------------------------------
array (
  'start_time' => 1787084808,
  'start_time_float' => 1787084808.627036,
  'elapsed_time' => 0.0,
  'stage' => false,
  'stage_name' => 'extract',
  'state_heartbeat' => 0.0048367977142333984,
  'thread_id' => '8',
  'chunk_id' => 'wa-content',
  'stage_status' => 'heartbeat',
  'timestamp' => 1787084808,
  'timestamp_float' => 1787084808.771662,
  'stage_start_time' => 1787084808.771662,
  'stage_performance' => 25732951.647714384,
  'stage_current_value' => 568320.0,
  'datetime' => 'Tue, 18 Aug 2026 20:26:48 +0000',
  'stage_value' => 14169600.0,
  'resume' => 
  array (
    'offset' => 1110.0,
    'tar_size' => 27675.0,
  ),
  'debug' => 
  array (
    'block_performance' => 32.0,
    'additional' => NULL,
  ),
)
}------------------------------------------------------------
2026-08-18T20:26:48+00:0000269	8	DEBUG	0.46Mb	1.16Mb	extract_heartbeat
waInstaller::setState
{------------------------------------------------------------
array (
  'start_time' => 1787084808,
  'start_time_float' => 1787084808.627036,
  'elapsed_time' => 0.0,
  'stage' => false,
  'stage_name' => 'extract',
  'state_heartbeat' => 0.005304098129272461,
  'thread_id' => '8',
  'chunk_id' => 'wa-content',
  'stage_status' => 'heartbeat',
  'timestamp' => 1787084808,
  'timestamp_float' => 1787084808.776963,
  'stage_start_time' => 1787084808.776963,
  'stage_performance' => 24146393.45147072,
  'stage_current_value' => 696320.0,
  'datetime' => 'Tue, 18 Aug 2026 20:26:48 +0000',
  'stage_value' => 14169600.0,
  'resume' => 
  array (
    'offset' => 1360.0,
    'tar_size' => 27675.0,
  ),
  'debug' => 
  array (
    'block_performance' => 32.0,
    'additional' => NULL,
  ),
)
}------------------------------------------------------------
2026-08-18T20:26:48+00:0000270	8	DEBUG	0.46Mb	1.16Mb	extract_heartbeat
waInstaller::setState
{------------------------------------------------------------
array (
  'start_time' => 1787084808,
  'start_time_float' => 1787084808.627036,
  'elapsed_time' => 0.0,
  'stage' => false,
  'stage_name' => 'extract',
  'state_heartbeat' => 0.006072998046875,
  'thread_id' => '8',
  'chunk_id' => 'wa-content',
  'stage_status' => 'heartbeat',
  'timestamp' => 1787084808,
  'timestamp_float' => 1787084808.783033,
  'stage_start_time' => 1787084808.783034,
  'stage_performance' => 25726953.63682784,
  'stage_current_value' => 852480.0,
  'datetime' => 'Tue, 18 Aug 2026 20:26:48 +0000',
  'stage_value' => 14169600.0,
  'resume' => 
  array (
    'offset' => 1665.0,
    'tar_size' => 27675.0,
  ),
  'debug' => 
  array (
    'block_performance' => 32.0,
    'additional' => NULL,
  ),
)
}------------------------------------------------------------
2026-08-18T20:26:48+00:0000271	8	DEBUG	0.46Mb	1.16Mb	extract_heartbeat
waInstaller::adjustStageChunk
{------------------------------------------------------------
array (
  'current_chunk' => 32.0,
  'calculated_chunk' => 6567.55,
  'performance_data' => 
  array (
    'extract' => 
    array (
      0 => 0,
      1 => 14379,
      2 => 6282.5,
      3 => 5895.25,
      4 => 6281,
    ),
  ),
  'stack_length' => 5,
)
}------------------------------------------------------------
2026-08-18T20:26:48+00:0000272	8	DEBUG	0.46Mb	1.16Mb	extract_heartbeat
waInstaller::setState
{------------------------------------------------------------
array (
  'start_time' => 1787084808,
  'start_time_float' => 1787084808.627036,
  'elapsed_time' => 0.0,
  'stage' => false,
  'stage_name' => 'extract',
  'state_heartbeat' => 0.014166116714477539,
  'thread_id' => '8',
  'chunk_id' => 'wa-content',
  'stage_status' => 'heartbeat',
  'timestamp' => 1787084808,
  'timestamp_float' => 1787084808.797194,
  'stage_start_time' => 1787084808.797195,
  'stage_performance' => 45266508.30520574,
  'stage_current_value' => 1493504.0,
  'datetime' => 'Tue, 18 Aug 2026 20:26:48 +0000',
  'stage_value' => 14169600.0,
  'resume' => 
  array (
    'offset' => 2917.0,
    'tar_size' => 27675.0,
  ),
  'debug' => 
  array (
    'block_performance' => 64.0,
    'additional' => NULL,
  ),
)
}------------------------------------------------------------
2026-08-18T20:26:48+00:0000273	8	DEBUG	0.46Mb	1.16Mb	extract_heartbeat
waInstaller::adjustStageChunk
{------------------------------------------------------------
array (
  'current_chunk' => 64.0,
  'calculated_chunk' => 8777.85,
  'performance_data' => 
  array (
    'extract' => 
    array (
      0 => 14379,
      1 => 6282.5,
      2 => 5895.25,
      3 => 6281,
      4 => 11051.5,
    ),
  ),
  'stack_length' => 5,
)
}------------------------------------------------------------
2026-08-18T20:26:48+00:0000274	8	DEBUG	0.46Mb	1.16Mb	extract_heartbeat
waInstaller::setState
{------------------------------------------------------------
array (
  'start_time' => 1787084808,
  'start_time_float' => 1787084808.627036,
  'elapsed_time' => 0.0,
  'stage' => false,
  'stage_name' => 'extract',
  'state_heartbeat' => 0.021821975708007812,
  'thread_id' => '8',
  'chunk_id' => 'wa-content',
  'stage_status' => 'heartbeat',
  'timestamp' => 1787084808,
  'timestamp_float' => 1787084808.819012,
  'stage_start_time' => 1787084808.819013,
  'stage_performance' => 45244270.88922643,
  'stage_current_value' => 2480640.0,
  'datetime' => 'Tue, 18 Aug 2026 20:26:48 +0000',
  'stage_value' => 14169600.0,
  'resume' => 
  array (
    'offset' => 4845.0,
    'tar_size' => 27675.0,
  ),
  'debug' => 
  array (
    'block_performance' => 128.0,
    'additional' => NULL,
  ),
)
}------------------------------------------------------------
2026-08-18T20:26:48+00:0000275	8	DEBUG	0.46Mb	1.16Mb	extract_heartbeat
waInstaller::adjustStageChunk
{------------------------------------------------------------
array (
  'current_chunk' => 128.0,
  'calculated_chunk' => 8111.25,
  'performance_data' => 
  array (
    'extract' => 
    array (
      0 => 6282.5,
      1 => 5895.25,
      2 => 6281,
      3 => 11051.5,
      4 => 11046,
    ),
  ),
  'stack_length' => 5,
)
}------------------------------------------------------------
2026-08-18T20:26:48+00:0000276	8	DEBUG	0.46Mb	1.16Mb	extract_heartbeat
waInstaller::setState
{------------------------------------------------------------
array (
  'start_time' => 1787084808,
  'start_time_float' => 1787084808.627036,
  'elapsed_time' => 0.0,
  'stage' => false,
  'stage_name' => 'extract',
  'state_heartbeat' => 0.016360998153686523,
  'thread_id' => '8',
  'chunk_id' => 'wa-content',
  'stage_status' => 'heartbeat',
  'timestamp' => 1787084808,
  'timestamp_float' => 1787084808.835367,
  'stage_start_time' => 1787084808.835368,
  'stage_performance' => 8108082.8133764835,
  'stage_current_value' => 2613248.0,
  'datetime' => 'Tue, 18 Aug 2026 20:26:48 +0000',
  'stage_value' => 14169600.0,
  'resume' => 
  array (
    'offset' => 5104.0,
    'tar_size' => 27675.0,
  ),
  'debug' => 
  array (
    'block_performance' => 128.0,
    'additional' => NULL,
  ),
)
}------------------------------------------------------------
2026-08-18T20:26:48+00:0000277	8	DEBUG	0.46Mb	1.16Mb	extract_heartbeat
waInstaller::adjustStageChunk
{------------------------------------------------------------
array (
  'current_chunk' => 128.0,
  'calculated_chunk' => 7250.7,
  'performance_data' => 
  array (
    'extract' => 
    array (
      0 => 5895.25,
      1 => 6281,
      2 => 11051.5,
      3 => 11046,
      4 => 1979.75,
    ),
  ),
  'stack_length' => 5,
)
}------------------------------------------------------------
2026-08-18T20:26:48+00:0000278	8	DEBUG	0.46Mb	1.16Mb	extract_heartbeat
waInstaller::setState
{------------------------------------------------------------
array (
  'start_time' => 1787084808,
  'start_time_float' => 1787084808.627036,
  'elapsed_time' => 0.0,
  'stage' => false,
  'stage_name' => 'extract',
  'state_heartbeat' => 0.02435612678527832,
  'thread_id' => '8',
  'chunk_id' => 'wa-content',
  'stage_status' => 'heartbeat',
  'timestamp' => 1787084808,
  'timestamp_float' => 1787084808.859718,
  'stage_start_time' => 1787084808.859718,
  'stage_performance' => 26639596.0485627,
  'stage_current_value' => 3261952.0,
  'datetime' => 'Tue, 18 Aug 2026 20:26:48 +0000',
  'stage_value' => 14169600.0,
  'resume' => 
  array (
    'offset' => 6371.0,
    'tar_size' => 27675.0,
  ),
  'debug' => 
  array (
    'block_performance' => 128.0,
    'additional' => NULL,
  ),
)
}------------------------------------------------------------
2026-08-18T20:26:48+00:0000279	8	DEBUG	0.46Mb	1.16Mb	extract_heartbeat
waInstaller::adjustStageChunk
{------------------------------------------------------------
array (
  'current_chunk' => 128.0,
  'calculated_chunk' => 7372.45,
  'performance_data' => 
  array (
    'extract' => 
    array (
      0 => 6281,
      1 => 11051.5,
      2 => 11046,
      3 => 1979.75,
      4 => 6504,
    ),
  ),
  'stack_length' => 5,
)
}------------------------------------------------------------
2026-08-18T20:26:48+00:0000280	8	DEBUG	0.46Mb	1.16Mb	extract_heartbeat
waInstaller::setState
{------------------------------------------------------------
array (
  'start_time' => 1787084808,
  'start_time_float' => 1787084808.627036,
  'elapsed_time' => 0.0,
  'stage' => false,
  'stage_name' => 'extract',
  'state_heartbeat' => 0.054704904556274414,
  'thread_id' => '8',
  'chunk_id' => 'wa-content',
  'stage_status' => 'heartbeat',
  'timestamp' => 1787084808,
  'timestamp_float' => 1787084808.914418,
  'stage_start_time' => 1787084808.914418,
  'stage_performance' => 77857842.04222676,
  'stage_current_value' => 7520768.0,
  'datetime' => 'Tue, 18 Aug 2026 20:26:48 +0000',
  'stage_value' => 14169600.0,
  'resume' => 
  array (
    'offset' => 14689.0,
    'tar_size' => 27675.0,
  ),
  'debug' => 
  array (
    'block_performance' => 128.0,
    'additional' => NULL,
  ),
)
}------------------------------------------------------------
2026-08-18T20:26:48+00:0000281	8	DEBUG	0.46Mb	1.16Mb	extract_heartbeat
waInstaller::adjustStageChunk
{------------------------------------------------------------
array (
  'current_chunk' => 128.0,
  'calculated_chunk' => 9917.95,
  'performance_data' => 
  array (
    'extract' => 
    array (
      0 => 11051.5,
      1 => 11046,
      2 => 1979.75,
      3 => 6504,
      4 => 19008.5,
    ),
  ),
  'stack_length' => 5,
)
}------------------------------------------------------------
2026-08-18T20:26:48+00:0000282	8	DEBUG	0.46Mb	1.16Mb	extract_heartbeat
waInstaller::setState
{------------------------------------------------------------
array (
  'start_time' => 1787084808,
  'start_time_float' => 1787084808.627036,
  'elapsed_time' => 0.0,
  'stage' => false,
  'stage_name' => 'extract',
  'state_heartbeat' => 0.04090309143066406,
  'thread_id' => '8',
  'chunk_id' => 'wa-content',
  'stage_status' => 'heartbeat',
  'timestamp' => 1787084808,
  'timestamp_float' => 1787084808.955317,
  'stage_start_time' => 1787084808.955317,
  'stage_performance' => 62730863.74919408,
  'stage_current_value' => 10086400.0,
  'datetime' => 'Tue, 18 Aug 2026 20:26:48 +0000',
  'stage_value' => 14169600.0,
  'resume' => 
  array (
    'offset' => 19700.0,
    'tar_size' => 27675.0,
  ),
  'debug' => 
  array (
    'block_performance' => 128.0,
    'additional' => NULL,
  ),
)
}------------------------------------------------------------
2026-08-18T20:26:48+00:0000283	8	DEBUG	0.46Mb	1.16Mb	extract_heartbeat
waInstaller::adjustStageChunk
{------------------------------------------------------------
array (
  'current_chunk' => 128.0,
  'calculated_chunk' => 10770.7,
  'performance_data' => 
  array (
    'extract' => 
    array (
      0 => 11046,
      1 => 1979.75,
      2 => 6504,
      3 => 19008.5,
      4 => 15315.25,
    ),
  ),
  'stack_length' => 5,
)
}------------------------------------------------------------
2026-08-18T20:26:48+00:0000284	8	DEBUG	0.46Mb	1.16Mb	extract_heartbeat
waInstaller::setState
{------------------------------------------------------------
array (
  'start_time' => 1787084808,
  'start_time_float' => 1787084808.627036,
  'elapsed_time' => 0.0,
  'stage' => false,
  'stage_name' => 'extract',
  'state_heartbeat' => 0.03632998466491699,
  'thread_id' => '8',
  'chunk_id' => 'wa-content',
  'stage_status' => 'heartbeat',
  'timestamp' => 1787084808,
  'timestamp_float' => 1787084808.991642,
  'stage_start_time' => 1787084808.991643,
  'stage_performance' => 64301319.27549587,
  'stage_current_value' => 12422144.0,
  'datetime' => 'Tue, 18 Aug 2026 20:26:48 +0000',
  'stage_value' => 14169600.0,
  'resume' => 
  array (
    'offset' => 24262.0,
    'tar_size' => 27675.0,
  ),
  'debug' => 
  array (
    'block_performance' => 128.0,
    'additional' => NULL,
  ),
)
}------------------------------------------------------------
2026-08-18T20:26:48+00:0000285	8	DEBUG	0.46Mb	1.16Mb	extract_heartbeat
waInstaller::adjustStageChunk
{------------------------------------------------------------
array (
  'current_chunk' => 128.0,
  'calculated_chunk' => 11701.25,
  'performance_data' => 
  array (
    'extract' => 
    array (
      0 => 1979.75,
      1 => 6504,
      2 => 19008.5,
      3 => 15315.25,
      4 => 15698.75,
    ),
  ),
  'stack_length' => 5,
)
}------------------------------------------------------------
2026-08-18T20:26:49+00:0000286	8	TRACE	0.44Mb	1.16Mb	extract_complete
waInstaller::setState
{------------------------------------------------------------
array (
  'start_time' => 1787084808,
  'start_time_float' => 1787084808.627036,
  'elapsed_time' => 0.0,
  'stage' => false,
  'stage_name' => 'extract',
  'state_heartbeat' => 0.02155900001525879,
  'thread_id' => '8',
  'chunk_id' => 'wa-content',
  'stage_status' => 'complete',
  'timestamp' => 1787084809,
  'timestamp_float' => 1787084809.013197,
  'stage_start_time' => 1787084809.013198,
  'stage_performance' => 0,
  'stage_current_value' => 12422144.0,
  'datetime' => 'Tue, 18 Aug 2026 20:26:48 +0000',
  'stage_value' => 14169600.0,
  'resume' => 
  array (
    'offset' => 24262.0,
    'tar_size' => 27675.0,
  ),
  'debug' => 
  array (
    'block_performance' => 128.0,
    'additional' => NULL,
  ),
)
}------------------------------------------------------------
2026-08-18T20:26:49+00:0000287	8	TRACE	0.44Mb	1.16Mb	extract_heartbeat
waInstaller::setState
{------------------------------------------------------------
array (
  'start_time' => 1787084808,
  'start_time_float' => 1787084808.627036,
  'elapsed_time' => 0.0,
  'stage' => false,
  'stage_name' => 'extract',
  'state_heartbeat' => 0.0007281303405761719,
  'thread_id' => '8',
  'chunk_id' => 'wa-system',
  'stage_status' => 'heartbeat',
  'timestamp' => 1787084809,
  'timestamp_float' => 1787084809.013918,
  'stage_start_time' => 1787084809.013918,
  'stage_performance' => 0,
  'stage_current_value' => 0,
  'datetime' => 'Tue, 18 Aug 2026 20:26:49 +0000',
  'stage_value' => 0,
  'resume' => 
  array (
    'offset' => 24262.0,
    'tar_size' => 27675.0,
  ),
  'debug' => 
  array (
    'block_performance' => 128.0,
    'additional' => NULL,
  ),
)
}------------------------------------------------------------
2026-08-18T20:26:49+00:0000288	8	TRACE	0.44Mb	1.16Mb	extract_heartbeat
waInstaller::stageExtract
{------------------------------------------------------------
array (
  'compressed_file' => '/var/www/pharmab2b/httpdocs/wa-sources/wa-system.tar.gz',
  'target_path' => 'wa-data/protected/wa-installer/8/update/wa-system/',
  'base_path' => 'wa-system/',
)
}------------------------------------------------------------
2026-08-18T20:26:49+00:0000289	8	DEBUG	0.46Mb	1.16Mb	extract_heartbeat
waInstaller::setState
{------------------------------------------------------------
array (
  'start_time' => 1787084808,
  'start_time_float' => 1787084808.627036,
  'elapsed_time' => 0.0,
  'stage' => false,
  'stage_name' => 'extract',
  'state_heartbeat' => 0.030810117721557617,
  'thread_id' => '8',
  'chunk_id' => 'wa-system',
  'stage_status' => 'heartbeat',
  'timestamp' => 1787084809,
  'timestamp_float' => 1787084809.044722,
  'stage_start_time' => 1787084809.044722,
  'stage_performance' => 0.0,
  'stage_current_value' => 0,
  'datetime' => 'Tue, 18 Aug 2026 20:26:49 +0000',
  'stage_value' => 11020800.0,
  'resume' => 
  array (
    'offset' => NULL,
    'tar_size' => 21525.0,
  ),
  'debug' => 
  array (
    'block_performance' => 128.0,
    'additional' => NULL,
  ),
)
}------------------------------------------------------------
2026-08-18T20:26:49+00:0000290	8	DEBUG	0.46Mb	1.16Mb	extract_heartbeat
waInstaller::adjustStageChunk
{------------------------------------------------------------
array (
  'current_chunk' => 128.0,
  'calculated_chunk' => 11305.3,
  'performance_data' => 
  array (
    'extract' => 
    array (
      0 => 6504,
      1 => 19008.5,
      2 => 15315.25,
      3 => 15698.75,
      4 => 0,
    ),
  ),
  'stack_length' => 5,
)
}------------------------------------------------------------
2026-08-18T20:26:49+00:0000291	8	DEBUG	0.46Mb	1.16Mb	extract_heartbeat
waInstaller::setState
{------------------------------------------------------------
array (
  'start_time' => 1787084808,
  'start_time_float' => 1787084808.627036,
  'elapsed_time' => 0.0,
  'stage' => false,
  'stage_name' => 'extract',
  'state_heartbeat' => 0.01404881477355957,
  'thread_id' => '8',
  'chunk_id' => 'wa-system',
  'stage_status' => 'heartbeat',
  'timestamp' => 1787084809,
  'timestamp_float' => 1787084809.058767,
  'stage_start_time' => 1787084809.058767,
  'stage_performance' => 34704449.79368178,
  'stage_current_value' => 487424.0,
  'datetime' => 'Tue, 18 Aug 2026 20:26:49 +0000',
  'stage_value' => 11020800.0,
  'resume' => 
  array (
    'offset' => 952.0,
    'tar_size' => 21525.0,
  ),
  'debug' => 
  array (
    'block_performance' => 128.0,
    'additional' => NULL,
  ),
)
}------------------------------------------------------------
2026-08-18T20:26:49+00:0000292	8	DEBUG	0.46Mb	1.16Mb	extract_heartbeat
waInstaller::adjustStageChunk
{------------------------------------------------------------
array (
  'current_chunk' => 128.0,
  'calculated_chunk' => 11699.1,
  'performance_data' => 
  array (
    'extract' => 
    array (
      0 => 19008.5,
      1 => 15315.25,
      2 => 15698.75,
      3 => 0,
      4 => 8473,
    ),
  ),
  'stack_length' => 5,
)
}------------------------------------------------------------
2026-08-18T20:26:49+00:0000293	8	DEBUG	0.46Mb	1.16Mb	extract_heartbeat
waInstaller::setState
{------------------------------------------------------------
array (
  'start_time' => 1787084808,
  'start_time_float' => 1787084808.627036,
  'elapsed_time' => 0.0,
  'stage' => false,
  'stage_name' => 'extract',
  'state_heartbeat' => 0.021008014678955078,
  'thread_id' => '8',
  'chunk_id' => 'wa-system',
  'stage_status' => 'heartbeat',
  'timestamp' => 1787084809,
  'timestamp_float' => 1787084809.079771,
  'stage_start_time' => 1787084809.079772,
  'stage_performance' => 38051488.41081989,
  'stage_current_value' => 1286656.0,
  'datetime' => 'Tue, 18 Aug 2026 20:26:49 +0000',
  'stage_value' => 11020800.0,
  'resume' => 
  array (
    'offset' => 2513.0,
    'tar_size' => 21525.0,
  ),
  'debug' => 
  array (
    'block_performance' => 128.0,
    'additional' => NULL,
  ),
)
}------------------------------------------------------------
2026-08-18T20:26:49+00:0000294	8	DEBUG	0.46Mb	1.16Mb	extract_heartbeat
waInstaller::adjustStageChunk
{------------------------------------------------------------
array (
  'current_chunk' => 128.0,
  'calculated_chunk' => 9755.4,
  'performance_data' => 
  array (
    'extract' => 
    array (
      0 => 15315.25,
      1 => 15698.75,
      2 => 0,
      3 => 8473,
      4 => 9290,
    ),
  ),
  'stack_length' => 5,
)
}------------------------------------------------------------
2026-08-18T20:26:49+00:0000295	8	DEBUG	0.46Mb	1.16Mb	extract_heartbeat
waInstaller::setState
{------------------------------------------------------------
array (
  'start_time' => 1787084808,
  'start_time_float' => 1787084808.627036,
  'elapsed_time' => 0.0,
  'stage' => false,
  'stage_name' => 'extract',
  'state_heartbeat' => 0.022703886032104492,
  'thread_id' => '8',
  'chunk_id' => 'wa-system',
  'stage_status' => 'heartbeat',
  'timestamp' => 1787084809,
  'timestamp_float' => 1787084809.102471,
  'stage_start_time' => 1787084809.102471,
  'stage_performance' => 48899229.593891464,
  'stage_current_value' => 2396672.0,
  'datetime' => 'Tue, 18 Aug 2026 20:26:49 +0000',
  'stage_value' => 11020800.0,
  'resume' => 
  array (
    'offset' => 4681.0,
    'tar_size' => 21525.0,
  ),
  'debug' => 
  array (
    'block_performance' => 128.0,
    'additional' => NULL,
  ),
)
}------------------------------------------------------------
2026-08-18T20:26:49+00:0000296	8	DEBUG	0.46Mb	1.16Mb	extract_heartbeat
waInstaller::adjustStageChunk
{------------------------------------------------------------
array (
  'current_chunk' => 128.0,
  'calculated_chunk' => 9080.05,
  'performance_data' => 
  array (
    'extract' => 
    array (
      0 => 15698.75,
      1 => 0,
      2 => 8473,
      3 => 9290,
      4 => 11938.5,
    ),
  ),
  'stack_length' => 5,
)
}------------------------------------------------------------
2026-08-18T20:26:49+00:0000297	8	DEBUG	0.46Mb	1.16Mb	extract_heartbeat
waInstaller::setState
{------------------------------------------------------------
array (
  'start_time' => 1787084808,
  'start_time_float' => 1787084808.627036,
  'elapsed_time' => 0.0,
  'stage' => false,
  'stage_name' => 'extract',
  'state_heartbeat' => 0.02366781234741211,
  'thread_id' => '8',
  'chunk_id' => 'wa-system',
  'stage_status' => 'heartbeat',
  'timestamp' => 1787084809,
  'timestamp_float' => 1787084809.126134,
  'stage_start_time' => 1787084809.126134,
  'stage_performance' => 42906831.04095759,
  'stage_current_value' => 3411968.0,
  'datetime' => 'Tue, 18 Aug 2026 20:26:49 +0000',
  'stage_value' => 11020800.0,
  'resume' => 
  array (
    'offset' => 6664.0,
    'tar_size' => 21525.0,
  ),
  'debug' => 
  array (
    'block_performance' => 128.0,
    'additional' => NULL,
  ),
)
}------------------------------------------------------------
2026-08-18T20:26:49+00:0000298	8	DEBUG	0.46Mb	1.16Mb	extract_heartbeat
waInstaller::adjustStageChunk
{------------------------------------------------------------
array (
  'current_chunk' => 128.0,
  'calculated_chunk' => 8035.4,
  'performance_data' => 
  array (
    'extract' => 
    array (
      0 => 0,
      1 => 8473,
      2 => 9290,
      3 => 11938.5,
      4 => 10475.5,
    ),
  ),
  'stack_length' => 5,
)
}------------------------------------------------------------
2026-08-18T20:26:49+00:0000299	8	DEBUG	0.46Mb	1.16Mb	extract_heartbeat
waInstaller::setState
{------------------------------------------------------------
array (
  'start_time' => 1787084808,
  'start_time_float' => 1787084808.627036,
  'elapsed_time' => 0.0,
  'stage' => false,
  'stage_name' => 'extract',
  'state_heartbeat' => 0.02045917510986328,
  'thread_id' => '8',
  'chunk_id' => 'wa-system',
  'stage_status' => 'heartbeat',
  'timestamp' => 1787084809,
  'timestamp_float' => 1787084809.146589,
  'stage_start_time' => 1787084809.146589,
  'stage_performance' => 45755581.42716941,
  'stage_current_value' => 4347904.0,
  'datetime' => 'Tue, 18 Aug 2026 20:26:49 +0000',
  'stage_value' => 11020800.0,
  'resume' => 
  array (
    'offset' => 8492.0,
    'tar_size' => 21525.0,
  ),
  'debug' => 
  array (
    'block_performance' => 128.0,
    'additional' => NULL,
  ),
)
}------------------------------------------------------------
2026-08-18T20:26:49+00:0000300	8	DEBUG	0.46Mb	1.16Mb	extract_heartbeat
waInstaller::adjustStageChunk
{------------------------------------------------------------
array (
  'current_chunk' => 128.0,
  'calculated_chunk' => 10269.6,
  'performance_data' => 
  array (
    'extract' => 
    array (
      0 => 8473,
      1 => 9290,
      2 => 11938.5,
      3 => 10475.5,
      4 => 11171,
    ),
  ),
  'stack_length' => 5,
)
}------------------------------------------------------------
2026-08-18T20:26:49+00:0000301	8	DEBUG	0.46Mb	1.16Mb	extract_heartbeat
waInstaller::setState
{------------------------------------------------------------
array (
  'start_time' => 1787084808,
  'start_time_float' => 1787084808.627036,
  'elapsed_time' => 0.0,
  'stage' => false,
  'stage_name' => 'extract',
  'state_heartbeat' => 0.020859956741333008,
  'thread_id' => '8',
  'chunk_id' => 'wa-system',
  'stage_status' => 'heartbeat',
  'timestamp' => 1787084809,
  'timestamp_float' => 1787084809.167445,
  'stage_start_time' => 1787084809.167445,
  'stage_performance' => 40113725.83145091,
  'stage_current_value' => 5184512.0,
  'datetime' => 'Tue, 18 Aug 2026 20:26:49 +0000',
  'stage_value' => 11020800.0,
  'resume' => 
  array (
    'offset' => 10126.0,
    'tar_size' => 21525.0,
  ),
  'debug' => 
  array (
    'block_performance' => 128.0,
    'additional' => NULL,
  ),
)
}------------------------------------------------------------
2026-08-18T20:26:49+00:0000302	8	DEBUG	0.46Mb	1.16Mb	extract_heartbeat
waInstaller::adjustStageChunk
{------------------------------------------------------------
array (
  'current_chunk' => 128.0,
  'calculated_chunk' => 10533.7,
  'performance_data' => 
  array (
    'extract' => 
    array (
      0 => 9290,
      1 => 11938.5,
      2 => 10475.5,
      3 => 11171,
      4 => 9793.5,
    ),
  ),
  'stack_length' => 5,
)
}------------------------------------------------------------
2026-08-18T20:26:49+00:0000303	8	DEBUG	0.46Mb	1.16Mb	extract_heartbeat
waInstaller::setState
{------------------------------------------------------------
array (
  'start_time' => 1787084808,
  'start_time_float' => 1787084808.627036,
  'elapsed_time' => 0.0,
  'stage' => false,
  'stage_name' => 'extract',
  'state_heartbeat' => 0.018752098083496094,
  'thread_id' => '8',
  'chunk_id' => 'wa-system',
  'stage_status' => 'heartbeat',
  'timestamp' => 1787084809,
  'timestamp_float' => 1787084809.186192,
  'stage_start_time' => 1787084809.186193,
  'stage_performance' => 41649127.73842378,
  'stage_current_value' => 5965312.0,
  'datetime' => 'Tue, 18 Aug 2026 20:26:49 +0000',
  'stage_value' => 11020800.0,
  'resume' => 
  array (
    'offset' => 11651.0,
    'tar_size' => 21525.0,
  ),
  'debug' => 
  array (
    'block_performance' => 128.0,
    'additional' => NULL,
  ),
)
}------------------------------------------------------------
2026-08-18T20:26:49+00:0000304	8	DEBUG	0.46Mb	1.16Mb	extract_heartbeat
waInstaller::adjustStageChunk
{------------------------------------------------------------
array (
  'current_chunk' => 128.0,
  'calculated_chunk' => 10709.35,
  'performance_data' => 
  array (
    'extract' => 
    array (
      0 => 11938.5,
      1 => 10475.5,
      2 => 11171,
      3 => 9793.5,
      4 => 10168.25,
    ),
  ),
  'stack_length' => 5,
)
}------------------------------------------------------------
2026-08-18T20:26:49+00:0000305	8	DEBUG	0.46Mb	1.16Mb	extract_heartbeat
waInstaller::setState
{------------------------------------------------------------
array (
  'start_time' => 1787084808,
  'start_time_float' => 1787084808.627036,
  'elapsed_time' => 0.0,
  'stage' => false,
  'stage_name' => 'extract',
  'state_heartbeat' => 0.02124190330505371,
  'thread_id' => '8',
  'chunk_id' => 'wa-system',
  'stage_status' => 'heartbeat',
  'timestamp' => 1787084809,
  'timestamp_float' => 1787084809.20743,
  'stage_start_time' => 1787084809.20743,
  'stage_performance' => 42381690.80114058,
  'stage_current_value' => 6865408.0,
  'datetime' => 'Tue, 18 Aug 2026 20:26:49 +0000',
  'stage_value' => 11020800.0,
  'resume' => 
  array (
    'offset' => 13409.0,
    'tar_size' => 21525.0,
  ),
  'debug' => 
  array (
    'block_performance' => 128.0,
    'additional' => NULL,
  ),
)
}------------------------------------------------------------
2026-08-18T20:26:49+00:0000306	8	DEBUG	0.46Mb	1.16Mb	extract_heartbeat
waInstaller::adjustStageChunk
{------------------------------------------------------------
array (
  'current_chunk' => 128.0,
  'calculated_chunk' => 10391.1,
  'performance_data' => 
  array (
    'extract' => 
    array (
      0 => 10475.5,
      1 => 11171,
      2 => 9793.5,
      3 => 10168.25,
      4 => 10347.25,
    ),
  ),
  'stack_length' => 5,
)
}------------------------------------------------------------
2026-08-18T20:26:49+00:0000307	8	DEBUG	0.46Mb	1.16Mb	extract_heartbeat
waInstaller::setState
{------------------------------------------------------------
array (
  'start_time' => 1787084808,
  'start_time_float' => 1787084808.627036,
  'elapsed_time' => 0.0,
  'stage' => false,
  'stage_name' => 'extract',
  'state_heartbeat' => 0.020789146423339844,
  'thread_id' => '8',
  'chunk_id' => 'wa-system',
  'stage_status' => 'heartbeat',
  'timestamp' => 1787084809,
  'timestamp_float' => 1787084809.228215,
  'stage_start_time' => 1787084809.228215,
  'stage_performance' => 31924417.667190492,
  'stage_current_value' => 7528960.0,
  'datetime' => 'Tue, 18 Aug 2026 20:26:49 +0000',
  'stage_value' => 11020800.0,
  'resume' => 
  array (
    'offset' => 14705.0,
    'tar_size' => 21525.0,
  ),
  'debug' => 
  array (
    'block_performance' => 128.0,
    'additional' => NULL,
  ),
)
}------------------------------------------------------------
2026-08-18T20:26:49+00:0000308	8	DEBUG	0.46Mb	1.16Mb	extract_heartbeat
waInstaller::adjustStageChunk
{------------------------------------------------------------
array (
  'current_chunk' => 128.0,
  'calculated_chunk' => 9854.85,
  'performance_data' => 
  array (
    'extract' => 
    array (
      0 => 11171,
      1 => 9793.5,
      2 => 10168.25,
      3 => 10347.25,
      4 => 7794.25,
    ),
  ),
  'stack_length' => 5,
)
}------------------------------------------------------------
2026-08-18T20:26:49+00:0000309	8	DEBUG	0.46Mb	1.16Mb	extract_heartbeat
waInstaller::setState
{------------------------------------------------------------
array (
  'start_time' => 1787084808,
  'start_time_float' => 1787084808.627036,
  'elapsed_time' => 0.0,
  'stage' => false,
  'stage_name' => 'extract',
  'state_heartbeat' => 0.02319192886352539,
  'thread_id' => '8',
  'chunk_id' => 'wa-system',
  'stage_status' => 'heartbeat',
  'timestamp' => 1787084809,
  'timestamp_float' => 1787084809.251403,
  'stage_start_time' => 1787084809.251403,
  'stage_performance' => 31353994.326019455,
  'stage_current_value' => 8256000.0,
  'datetime' => 'Tue, 18 Aug 2026 20:26:49 +0000',
  'stage_value' => 11020800.0,
  'resume' => 
  array (
    'offset' => 16125.0,
    'tar_size' => 21525.0,
  ),
  'debug' => 
  array (
    'block_performance' => 128.0,
    'additional' => NULL,
  ),
)
}------------------------------------------------------------
2026-08-18T20:26:49+00:0000310	8	DEBUG	0.46Mb	1.16Mb	extract_heartbeat
waInstaller::adjustStageChunk
{------------------------------------------------------------
array (
  'current_chunk' => 128.0,
  'calculated_chunk' => 9151.65,
  'performance_data' => 
  array (
    'extract' => 
    array (
      0 => 9793.5,
      1 => 10168.25,
      2 => 10347.25,
      3 => 7794.25,
      4 => 7655,
    ),
  ),
  'stack_length' => 5,
)
}------------------------------------------------------------
2026-08-18T20:26:49+00:0000311	8	DEBUG	0.46Mb	1.16Mb	extract_heartbeat
waInstaller::setState
{------------------------------------------------------------
array (
  'start_time' => 1787084808,
  'start_time_float' => 1787084808.627036,
  'elapsed_time' => 0.0,
  'stage' => false,
  'stage_name' => 'extract',
  'state_heartbeat' => 0.01813197135925293,
  'thread_id' => '8',
  'chunk_id' => 'wa-system',
  'stage_status' => 'heartbeat',
  'timestamp' => 1787084809,
  'timestamp_float' => 1787084809.269531,
  'stage_start_time' => 1787084809.269531,
  'stage_performance' => 35191685.632848464,
  'stage_current_value' => 8893952.0,
  'datetime' => 'Tue, 18 Aug 2026 20:26:49 +0000',
  'stage_value' => 11020800.0,
  'resume' => 
  array (
    'offset' => 17371.0,
    'tar_size' => 21525.0,
  ),
  'debug' => 
  array (
    'block_performance' => 128.0,
    'additional' => NULL,
  ),
)
}------------------------------------------------------------
2026-08-18T20:26:49+00:0000312	8	DEBUG	0.46Mb	1.16Mb	extract_heartbeat
waInstaller::adjustStageChunk
{------------------------------------------------------------
array (
  'current_chunk' => 128.0,
  'calculated_chunk' => 8911.3,
  'performance_data' => 
  array (
    'extract' => 
    array (
      0 => 10168.25,
      1 => 10347.25,
      2 => 7794.25,
      3 => 7655,
      4 => 8591.75,
    ),
  ),
  'stack_length' => 5,
)
}------------------------------------------------------------
2026-08-18T20:26:49+00:0000313	8	DEBUG	0.46Mb	1.16Mb	extract_heartbeat
waInstaller::setState
{------------------------------------------------------------
array (
  'start_time' => 1787084808,
  'start_time_float' => 1787084808.627036,
  'elapsed_time' => 0.0,
  'stage' => false,
  'stage_name' => 'extract',
  'state_heartbeat' => 0.0247800350189209,
  'thread_id' => '8',
  'chunk_id' => 'wa-system',
  'stage_status' => 'heartbeat',
  'timestamp' => 1787084809,
  'timestamp_float' => 1787084809.294306,
  'stage_start_time' => 1787084809.294307,
  'stage_performance' => 44555832.179379106,
  'stage_current_value' => 9997824.0,
  'datetime' => 'Tue, 18 Aug 2026 20:26:49 +0000',
  'stage_value' => 11020800.0,
  'resume' => 
  array (
    'offset' => 19527.0,
    'tar_size' => 21525.0,
  ),
  'debug' => 
  array (
    'block_performance' => 128.0,
    'additional' => NULL,
  ),
)
}------------------------------------------------------------
2026-08-18T20:26:49+00:0000314	8	DEBUG	0.46Mb	1.16Mb	extract_heartbeat
waInstaller::adjustStageChunk
{------------------------------------------------------------
array (
  'current_chunk' => 128.0,
  'calculated_chunk' => 9053.25,
  'performance_data' => 
  array (
    'extract' => 
    array (
      0 => 10347.25,
      1 => 7794.25,
      2 => 7655,
      3 => 8591.75,
      4 => 10878,
    ),
  ),
  'stack_length' => 5,
)
}------------------------------------------------------------
2026-08-18T20:26:49+00:0000315	8	TRACE	0.44Mb	1.16Mb	extract_complete
waInstaller::setState
{------------------------------------------------------------
array (
  'start_time' => 1787084808,
  'start_time_float' => 1787084808.627036,
  'elapsed_time' => 0.0,
  'stage' => false,
  'stage_name' => 'extract',
  'state_heartbeat' => 0.019110918045043945,
  'thread_id' => '8',
  'chunk_id' => 'wa-system',
  'stage_status' => 'complete',
  'timestamp' => 1787084809,
  'timestamp_float' => 1787084809.313412,
  'stage_start_time' => 1787084809.313412,
  'stage_performance' => 0,
  'stage_current_value' => 9997824.0,
  'datetime' => 'Tue, 18 Aug 2026 20:26:49 +0000',
  'stage_value' => 11020800.0,
  'resume' => 
  array (
    'offset' => 19527.0,
    'tar_size' => 21525.0,
  ),
  'debug' => 
  array (
    'block_performance' => 128.0,
    'additional' => NULL,
  ),
)
}------------------------------------------------------------
2026-08-18T20:26:49+00:0000316	8	TRACE	0.44Mb	1.16Mb	extract_heartbeat
waInstaller::setState
{------------------------------------------------------------
array (
  'start_time' => 1787084808,
  'start_time_float' => 1787084808.627036,
  'elapsed_time' => 0.0,
  'stage' => false,
  'stage_name' => 'extract',
  'state_heartbeat' => 0.0009500980377197266,
  'thread_id' => '8',
  'chunk_id' => 'wa-widgets/clock',
  'stage_status' => 'heartbeat',
  'timestamp' => 1787084809,
  'timestamp_float' => 1787084809.314356,
  'stage_start_time' => 1787084809.314356,
  'stage_performance' => 0,
  'stage_current_value' => 0,
  'datetime' => 'Tue, 18 Aug 2026 20:26:49 +0000',
  'stage_value' => 0,
  'resume' => 
  array (
    'offset' => 19527.0,
    'tar_size' => 21525.0,
  ),
  'debug' => 
  array (
    'block_performance' => 128.0,
    'additional' => NULL,
  ),
)
}------------------------------------------------------------
2026-08-18T20:26:49+00:0000317	8	TRACE	0.44Mb	1.16Mb	extract_heartbeat
waInstaller::stageExtract
{------------------------------------------------------------
array (
  'compressed_file' => '/var/www/pharmab2b/httpdocs/wa-sources/wa-widgets/clock.tar.gz',
  'target_path' => 'wa-data/protected/wa-installer/8/update/wa-widgets/clock/',
  'base_path' => 'wa-widgets/clock/',
)
}------------------------------------------------------------
2026-08-18T20:26:49+00:0000318	8	DEBUG	0.46Mb	1.16Mb	extract_heartbeat
waInstaller::setState
{------------------------------------------------------------
array (
  'start_time' => 1787084808,
  'start_time_float' => 1787084808.627036,
  'elapsed_time' => 0.0,
  'stage' => false,
  'stage_name' => 'extract',
  'state_heartbeat' => 0.0009198188781738281,
  'thread_id' => '8',
  'chunk_id' => 'wa-widgets/clock',
  'stage_status' => 'heartbeat',
  'timestamp' => 1787084809,
  'timestamp_float' => 1787084809.315273,
  'stage_start_time' => 1787084809.315273,
  'stage_performance' => 0.0,
  'stage_current_value' => 0,
  'datetime' => 'Tue, 18 Aug 2026 20:26:49 +0000',
  'stage_value' => 524800.0,
  'resume' => 
  array (
    'offset' => NULL,
    'tar_size' => 1025.0,
  ),
  'debug' => 
  array (
    'block_performance' => 128.0,
    'additional' => NULL,
  ),
)
}------------------------------------------------------------
2026-08-18T20:26:49+00:0000319	8	DEBUG	0.46Mb	1.16Mb	extract_heartbeat
waInstaller::adjustStageChunk
{------------------------------------------------------------
array (
  'current_chunk' => 128.0,
  'calculated_chunk' => 6983.8,
  'performance_data' => 
  array (
    'extract' => 
    array (
      0 => 7794.25,
      1 => 7655,
      2 => 8591.75,
      3 => 10878,
      4 => 0,
    ),
  ),
  'stack_length' => 5,
)
}------------------------------------------------------------
2026-08-18T20:26:49+00:0000320	8	TRACE	0.44Mb	1.16Mb	extract_complete
waInstaller::setState
{------------------------------------------------------------
array (
  'start_time' => 1787084808,
  'start_time_float' => 1787084808.627036,
  'elapsed_time' => 0.0,
  'stage' => false,
  'stage_name' => 'extract',
  'state_heartbeat' => 0.004525899887084961,
  'thread_id' => '8',
  'chunk_id' => 'wa-widgets/clock',
  'stage_status' => 'complete',
  'timestamp' => 1787084809,
  'timestamp_float' => 1787084809.319797,
  'stage_start_time' => 1787084809.319797,
  'stage_performance' => 0,
  'stage_current_value' => 0,
  'datetime' => 'Tue, 18 Aug 2026 20:26:49 +0000',
  'stage_value' => 524800.0,
  'resume' => 
  array (
    'offset' => NULL,
    'tar_size' => 1025.0,
  ),
  'debug' => 
  array (
    'block_performance' => 128.0,
    'additional' => NULL,
  ),
)
}------------------------------------------------------------
2026-08-18T20:26:49+00:0000321	8	TRACE	0.44Mb	1.16Mb	extract_heartbeat
waInstaller::setState
{------------------------------------------------------------
array (
  'start_time' => 1787084808,
  'start_time_float' => 1787084808.627036,
  'elapsed_time' => 0.0,
  'stage' => false,
  'stage_name' => 'extract',
  'state_heartbeat' => 0.0005998611450195312,
  'thread_id' => '8',
  'chunk_id' => 'wa-widgets/currencyquotes',
  'stage_status' => 'heartbeat',
  'timestamp' => 1787084809,
  'timestamp_float' => 1787084809.320392,
  'stage_start_time' => 1787084809.320392,
  'stage_performance' => 0,
  'stage_current_value' => 0,
  'datetime' => 'Tue, 18 Aug 2026 20:26:49 +0000',
  'stage_value' => 0,
  'resume' => 
  array (
    'offset' => NULL,
    'tar_size' => 1025.0,
  ),
  'debug' => 
  array (
    'block_performance' => 128.0,
    'additional' => NULL,
  ),
)
}------------------------------------------------------------
2026-08-18T20:26:49+00:0000322	8	TRACE	0.44Mb	1.16Mb	extract_heartbeat
waInstaller::stageExtract
{------------------------------------------------------------
array (
  'compressed_file' => '/var/www/pharmab2b/httpdocs/wa-sources/wa-widgets/currencyquotes.tar.gz',
  'target_path' => 'wa-data/protected/wa-installer/8/update/wa-widgets/currencyquotes/',
  'base_path' => 'wa-widgets/currencyquotes/',
)
}------------------------------------------------------------
2026-08-18T20:26:49+00:0000323	8	DEBUG	0.46Mb	1.16Mb	extract_heartbeat
waInstaller::setState
{------------------------------------------------------------
array (
  'start_time' => 1787084808,
  'start_time_float' => 1787084808.627036,
  'elapsed_time' => 0.0,
  'stage' => false,
  'stage_name' => 'extract',
  'state_heartbeat' => 0.0008080005645751953,
  'thread_id' => '8',
  'chunk_id' => 'wa-widgets/currencyquotes',
  'stage_status' => 'heartbeat',
  'timestamp' => 1787084809,
  'timestamp_float' => 1787084809.321198,
  'stage_start_time' => 1787084809.321198,
  'stage_performance' => 0.0,
  'stage_current_value' => 0,
  'datetime' => 'Tue, 18 Aug 2026 20:26:49 +0000',
  'stage_value' => 524800.0,
  'resume' => 
  array (
    'offset' => NULL,
    'tar_size' => 1025.0,
  ),
  'debug' => 
  array (
    'block_performance' => 128.0,
    'additional' => NULL,
  ),
)
}------------------------------------------------------------
2026-08-18T20:26:49+00:0000324	8	DEBUG	0.46Mb	1.16Mb	extract_heartbeat
waInstaller::adjustStageChunk
{------------------------------------------------------------
array (
  'current_chunk' => 128.0,
  'calculated_chunk' => 5424.95,
  'performance_data' => 
  array (
    'extract' => 
    array (
      0 => 7655,
      1 => 8591.75,
      2 => 10878,
      3 => 0,
      4 => 0,
    ),
  ),
  'stack_length' => 5,
)
}------------------------------------------------------------
2026-08-18T20:26:49+00:0000325	8	DEBUG	0.46Mb	1.16Mb	extract_heartbeat
waInstaller::setState
{------------------------------------------------------------
array (
  'start_time' => 1787084808,
  'start_time_float' => 1787084808.627036,
  'elapsed_time' => 0.0,
  'stage' => false,
  'stage_name' => 'extract',
  'state_heartbeat' => 0.0006721019744873047,
  'thread_id' => '8',
  'chunk_id' => 'wa-widgets/currencyquotes',
  'stage_status' => 'heartbeat',
  'timestamp' => 1787084809,
  'timestamp_float' => 1787084809.321868,
  'stage_start_time' => 1787084809.321868,
  'stage_performance' => 0.0,
  'stage_current_value' => 0.0,
  'datetime' => 'Tue, 18 Aug 2026 20:26:49 +0000',
  'stage_value' => 524800.0,
  'resume' => 
  array (
    'offset' => 0.0,
    'tar_size' => 1025.0,
  ),
  'debug' => 
  array (
    'block_performance' => 128.0,
    'additional' => NULL,
  ),
)
}------------------------------------------------------------
2026-08-18T20:26:49+00:0000326	8	DEBUG	0.46Mb	1.16Mb	extract_heartbeat
waInstaller::adjustStageChunk
{------------------------------------------------------------
array (
  'current_chunk' => 128.0,
  'calculated_chunk' => 3893.95,
  'performance_data' => 
  array (
    'extract' => 
    array (
      0 => 8591.75,
      1 => 10878,
      2 => 0,
      3 => 0,
      4 => 0,
    ),
  ),
  'stack_length' => 5,
)
}------------------------------------------------------------
2026-08-18T20:26:49+00:0000327	8	TRACE	0.44Mb	1.16Mb	extract_complete
waInstaller::setState
{------------------------------------------------------------
array (
  'start_time' => 1787084808,
  'start_time_float' => 1787084808.627036,
  'elapsed_time' => 0.0,
  'stage' => false,
  'stage_name' => 'extract',
  'state_heartbeat' => 0.0028829574584960938,
  'thread_id' => '8',
  'chunk_id' => 'wa-widgets/currencyquotes',
  'stage_status' => 'complete',
  'timestamp' => 1787084809,
  'timestamp_float' => 1787084809.324749,
  'stage_start_time' => 1787084809.32475,
  'stage_performance' => 0,
  'stage_current_value' => 0.0,
  'datetime' => 'Tue, 18 Aug 2026 20:26:49 +0000',
  'stage_value' => 524800.0,
  'resume' => 
  array (
    'offset' => 0.0,
    'tar_size' => 1025.0,
  ),
  'debug' => 
  array (
    'block_performance' => 128.0,
    'additional' => NULL,
  ),
)
}------------------------------------------------------------
2026-08-18T20:26:49+00:0000328	8	TRACE	0.44Mb	1.16Mb	extract_heartbeat
waInstaller::setState
{------------------------------------------------------------
array (
  'start_time' => 1787084808,
  'start_time_float' => 1787084808.627036,
  'elapsed_time' => 0.0,
  'stage' => false,
  'stage_name' => 'extract',
  'state_heartbeat' => 0.0006029605865478516,
  'thread_id' => '8',
  'chunk_id' => 'wa-widgets/news',
  'stage_status' => 'heartbeat',
  'timestamp' => 1787084809,
  'timestamp_float' => 1787084809.325347,
  'stage_start_time' => 1787084809.325347,
  'stage_performance' => 0,
  'stage_current_value' => 0,
  'datetime' => 'Tue, 18 Aug 2026 20:26:49 +0000',
  'stage_value' => 0,
  'resume' => 
  array (
    'offset' => 0.0,
    'tar_size' => 1025.0,
  ),
  'debug' => 
  array (
    'block_performance' => 128.0,
    'additional' => NULL,
  ),
)
}------------------------------------------------------------
2026-08-18T20:26:49+00:0000329	8	TRACE	0.44Mb	1.16Mb	extract_heartbeat
waInstaller::stageExtract
{------------------------------------------------------------
array (
  'compressed_file' => '/var/www/pharmab2b/httpdocs/wa-sources/wa-widgets/news.tar.gz',
  'target_path' => 'wa-data/protected/wa-installer/8/update/wa-widgets/news/',
  'base_path' => 'wa-widgets/news/',
)
}------------------------------------------------------------
2026-08-18T20:26:49+00:0000330	8	DEBUG	0.46Mb	1.16Mb	extract_heartbeat
waInstaller::setState
{------------------------------------------------------------
array (
  'start_time' => 1787084808,
  'start_time_float' => 1787084808.627036,
  'elapsed_time' => 0.0,
  'stage' => false,
  'stage_name' => 'extract',
  'state_heartbeat' => 0.0007770061492919922,
  'thread_id' => '8',
  'chunk_id' => 'wa-widgets/news',
  'stage_status' => 'heartbeat',
  'timestamp' => 1787084809,
  'timestamp_float' => 1787084809.326122,
  'stage_start_time' => 1787084809.326122,
  'stage_performance' => 0.0,
  'stage_current_value' => 0,
  'datetime' => 'Tue, 18 Aug 2026 20:26:49 +0000',
  'stage_value' => 524800.0,
  'resume' => 
  array (
    'offset' => NULL,
    'tar_size' => 1025.0,
  ),
  'debug' => 
  array (
    'block_performance' => 128.0,
    'additional' => NULL,
  ),
)
}------------------------------------------------------------
2026-08-18T20:26:49+00:0000331	8	DEBUG	0.46Mb	1.16Mb	extract_heartbeat
waInstaller::adjustStageChunk
{------------------------------------------------------------
array (
  'current_chunk' => 128.0,
  'calculated_chunk' => 2175.6,
  'performance_data' => 
  array (
    'extract' => 
    array (
      0 => 10878,
      1 => 0,
      2 => 0,
      3 => 0,
      4 => 0,
    ),
  ),
  'stack_length' => 5,
)
}------------------------------------------------------------
2026-08-18T20:26:49+00:0000332	8	TRACE	0.44Mb	1.16Mb	extract_complete
waInstaller::setState
{------------------------------------------------------------
array (
  'start_time' => 1787084808,
  'start_time_float' => 1787084808.627036,
  'elapsed_time' => 0.0,
  'stage' => false,
  'stage_name' => 'extract',
  'state_heartbeat' => 0.0032248497009277344,
  'thread_id' => '8',
  'chunk_id' => 'wa-widgets/news',
  'stage_status' => 'complete',
  'timestamp' => 1787084809,
  'timestamp_float' => 1787084809.329345,
  'stage_start_time' => 1787084809.329345,
  'stage_performance' => 0,
  'stage_current_value' => 0,
  'datetime' => 'Tue, 18 Aug 2026 20:26:49 +0000',
  'stage_value' => 524800.0,
  'resume' => 
  array (
    'offset' => NULL,
    'tar_size' => 1025.0,
  ),
  'debug' => 
  array (
    'block_performance' => 128.0,
    'additional' => NULL,
  ),
)
}------------------------------------------------------------
2026-08-18T20:26:49+00:0000333	8	TRACE	0.44Mb	1.16Mb	extract_heartbeat
waInstaller::setState
{------------------------------------------------------------
array (
  'start_time' => 1787084808,
  'start_time_float' => 1787084808.627036,
  'elapsed_time' => 0.0,
  'stage' => false,
  'stage_name' => 'extract',
  'state_heartbeat' => 0.0006160736083984375,
  'thread_id' => '8',
  'chunk_id' => 'wa-apps/blog',
  'stage_status' => 'heartbeat',
  'timestamp' => 1787084809,
  'timestamp_float' => 1787084809.329956,
  'stage_start_time' => 1787084809.329956,
  'stage_performance' => 0,
  'stage_current_value' => 0,
  'datetime' => 'Tue, 18 Aug 2026 20:26:49 +0000',
  'stage_value' => 0,
  'resume' => 
  array (
    'offset' => NULL,
    'tar_size' => 1025.0,
  ),
  'debug' => 
  array (
    'block_performance' => 128.0,
    'additional' => NULL,
  ),
)
}------------------------------------------------------------
2026-08-18T20:26:49+00:0000334	8	TRACE	0.44Mb	1.16Mb	extract_heartbeat
waInstaller::stageExtract
{------------------------------------------------------------
array (
  'compressed_file' => '/var/www/pharmab2b/httpdocs/wa-sources/wa-apps/blog.tar.gz',
  'target_path' => 'wa-data/protected/wa-installer/8/update/wa-apps/blog/',
  'base_path' => 'wa-apps/blog/',
)
}------------------------------------------------------------
2026-08-18T20:26:49+00:0000335	8	DEBUG	0.46Mb	1.16Mb	extract_heartbeat
waInstaller::setState
{------------------------------------------------------------
array (
  'start_time' => 1787084808,
  'start_time_float' => 1787084808.627036,
  'elapsed_time' => 0.0,
  'stage' => false,
  'stage_name' => 'extract',
  'state_heartbeat' => 0.007222890853881836,
  'thread_id' => '8',
  'chunk_id' => 'wa-apps/blog',
  'stage_status' => 'heartbeat',
  'timestamp' => 1787084809,
  'timestamp_float' => 1787084809.337175,
  'stage_start_time' => 1787084809.337175,
  'stage_performance' => 0.0,
  'stage_current_value' => 0,
  'datetime' => 'Tue, 18 Aug 2026 20:26:49 +0000',
  'stage_value' => 2624000.0,
  'resume' => 
  array (
    'offset' => NULL,
    'tar_size' => 5125.0,
  ),
  'debug' => 
  array (
    'block_performance' => 128.0,
    'additional' => NULL,
  ),
)
}------------------------------------------------------------
2026-08-18T20:26:49+00:0000336	8	DEBUG	0.46Mb	1.16Mb	extract_heartbeat
waInstaller::adjustStageChunk
{------------------------------------------------------------
array (
  'current_chunk' => 128.0,
  'calculated_chunk' => 0,
  'performance_data' => 
  array (
    'extract' => 
    array (
      0 => 0,
      1 => 0,
      2 => 0,
      3 => 0,
      4 => 0,
    ),
  ),
  'stack_length' => 5,
)
}------------------------------------------------------------
2026-08-18T20:26:49+00:0000337	8	DEBUG	0.46Mb	1.16Mb	extract_heartbeat
waInstaller::setState
{------------------------------------------------------------
array (
  'start_time' => 1787084808,
  'start_time_float' => 1787084808.627036,
  'elapsed_time' => 0.0,
  'stage' => false,
  'stage_name' => 'extract',
  'state_heartbeat' => 0.01950812339782715,
  'thread_id' => '8',
  'chunk_id' => 'wa-apps/blog',
  'stage_status' => 'heartbeat',
  'timestamp' => 1787084809,
  'timestamp_float' => 1787084809.356678,
  'stage_start_time' => 1787084809.356679,
  'stage_performance' => 51323079.287058994,
  'stage_current_value' => 1000960.0,
  'datetime' => 'Tue, 18 Aug 2026 20:26:49 +0000',
  'stage_value' => 2624000.0,
  'resume' => 
  array (
    'offset' => 1955.0,
    'tar_size' => 5125.0,
  ),
  'debug' => 
  array (
    'block_performance' => 64.0,
    'additional' => NULL,
  ),
)
}------------------------------------------------------------
2026-08-18T20:26:49+00:0000338	8	DEBUG	0.46Mb	1.16Mb	extract_heartbeat
waInstaller::adjustStageChunk
{------------------------------------------------------------
array (
  'current_chunk' => 64.0,
  'calculated_chunk' => 2506.05,
  'performance_data' => 
  array (
    'extract' => 
    array (
      0 => 0,
      1 => 0,
      2 => 0,
      3 => 0,
      4 => 12530.25,
    ),
  ),
  'stack_length' => 5,
)
}------------------------------------------------------------
2026-08-18T20:26:49+00:0000339	8	DEBUG	0.46Mb	1.16Mb	extract_heartbeat
waInstaller::setState
{------------------------------------------------------------
array (
  'start_time' => 1787084808,
  'start_time_float' => 1787084808.627036,
  'elapsed_time' => 0.0,
  'stage' => false,
  'stage_name' => 'extract',
  'state_heartbeat' => 0.021785974502563477,
  'thread_id' => '8',
  'chunk_id' => 'wa-apps/blog',
  'stage_status' => 'heartbeat',
  'timestamp' => 1787084809,
  'timestamp_float' => 1787084809.37846,
  'stage_start_time' => 1787084809.37846,
  'stage_performance' => 38525894.254290715,
  'stage_current_value' => 1840128.0,
  'datetime' => 'Tue, 18 Aug 2026 20:26:49 +0000',
  'stage_value' => 2624000.0,
  'resume' => 
  array (
    'offset' => 3594.0,
    'tar_size' => 5125.0,
  ),
  'debug' => 
  array (
    'block_performance' => 128.0,
    'additional' => NULL,
  ),
)
}------------------------------------------------------------
2026-08-18T20:26:49+00:0000340	8	DEBUG	0.46Mb	1.16Mb	extract_heartbeat
waInstaller::adjustStageChunk
{------------------------------------------------------------
array (
  'current_chunk' => 128.0,
  'calculated_chunk' => 4387.2,
  'performance_data' => 
  array (
    'extract' => 
    array (
      0 => 0,
      1 => 0,
      2 => 0,
      3 => 12530.25,
      4 => 9405.75,
    ),
  ),
  'stack_length' => 5,
)
}------------------------------------------------------------
2026-08-18T20:26:49+00:0000341	8	TRACE	0.44Mb	1.16Mb	extract_complete
waInstaller::setState
{------------------------------------------------------------
array (
  'start_time' => 1787084808,
  'start_time_float' => 1787084808.627036,
  'elapsed_time' => 0.0,
  'stage' => false,
  'stage_name' => 'extract',
  'state_heartbeat' => 0.006785154342651367,
  'thread_id' => '8',
  'chunk_id' => 'wa-apps/blog',
  'stage_status' => 'complete',
  'timestamp' => 1787084809,
  'timestamp_float' => 1787084809.385242,
  'stage_start_time' => 1787084809.385242,
  'stage_performance' => 0,
  'stage_current_value' => 1840128.0,
  'datetime' => 'Tue, 18 Aug 2026 20:26:49 +0000',
  'stage_value' => 2624000.0,
  'resume' => 
  array (
    'offset' => 3594.0,
    'tar_size' => 5125.0,
  ),
  'debug' => 
  array (
    'block_performance' => 128.0,
    'additional' => NULL,
  ),
)
}------------------------------------------------------------
2026-08-18T20:26:49+00:0000342	8	TRACE	0.44Mb	1.16Mb	extract_heartbeat
waInstaller::setState
{------------------------------------------------------------
array (
  'start_time' => 1787084808,
  'start_time_float' => 1787084808.627036,
  'elapsed_time' => 0.0,
  'stage' => false,
  'stage_name' => 'extract',
  'state_heartbeat' => 0.0005841255187988281,
  'thread_id' => '8',
  'chunk_id' => 'wa-apps/crm',
  'stage_status' => 'heartbeat',
  'timestamp' => 1787084809,
  'timestamp_float' => 1787084809.385821,
  'stage_start_time' => 1787084809.385822,
  'stage_performance' => 0,
  'stage_current_value' => 0,
  'datetime' => 'Tue, 18 Aug 2026 20:26:49 +0000',
  'stage_value' => 0,
  'resume' => 
  array (
    'offset' => 3594.0,
    'tar_size' => 5125.0,
  ),
  'debug' => 
  array (
    'block_performance' => 128.0,
    'additional' => NULL,
  ),
)
}------------------------------------------------------------
2026-08-18T20:26:49+00:0000343	8	TRACE	0.44Mb	1.16Mb	extract_heartbeat
waInstaller::stageExtract
{------------------------------------------------------------
array (
  'compressed_file' => '/var/www/pharmab2b/httpdocs/wa-sources/wa-apps/crm.tar.gz',
  'target_path' => 'wa-data/protected/wa-installer/8/update/wa-apps/crm/',
  'base_path' => 'wa-apps/crm/',
)
}------------------------------------------------------------
2026-08-18T20:26:49+00:0000344	8	DEBUG	0.46Mb	1.16Mb	extract_heartbeat
waInstaller::setState
{------------------------------------------------------------
array (
  'start_time' => 1787084808,
  'start_time_float' => 1787084808.627036,
  'elapsed_time' => 0.0,
  'stage' => false,
  'stage_name' => 'extract',
  'state_heartbeat' => 0.07588386535644531,
  'thread_id' => '8',
  'chunk_id' => 'wa-apps/crm',
  'stage_status' => 'heartbeat',
  'timestamp' => 1787084809,
  'timestamp_float' => 1787084809.4617,
  'stage_start_time' => 1787084809.4617,
  'stage_performance' => 0.0,
  'stage_current_value' => 0,
  'datetime' => 'Tue, 18 Aug 2026 20:26:49 +0000',
  'stage_value' => 28864000.0,
  'resume' => 
  array (
    'offset' => NULL,
    'tar_size' => 56375.0,
  ),
  'debug' => 
  array (
    'block_performance' => 128.0,
    'additional' => NULL,
  ),
)
}------------------------------------------------------------
2026-08-18T20:26:49+00:0000345	8	DEBUG	0.46Mb	1.16Mb	extract_heartbeat
waInstaller::adjustStageChunk
{------------------------------------------------------------
array (
  'current_chunk' => 128.0,
  'calculated_chunk' => 4387.2,
  'performance_data' => 
  array (
    'extract' => 
    array (
      0 => 0,
      1 => 0,
      2 => 12530.25,
      3 => 9405.75,
      4 => 0,
    ),
  ),
  'stack_length' => 5,
)
}------------------------------------------------------------
2026-08-18T20:26:49+00:0000346	8	DEBUG	0.46Mb	1.16Mb	extract_heartbeat
waInstaller::setState
{------------------------------------------------------------
array (
  'start_time' => 1787084808,
  'start_time_float' => 1787084808.627036,
  'elapsed_time' => 0.0,
  'stage' => false,
  'stage_name' => 'extract',
  'state_heartbeat' => 0.018445968627929688,
  'thread_id' => '8',
  'chunk_id' => 'wa-apps/crm',
  'stage_status' => 'heartbeat',
  'timestamp' => 1787084809,
  'timestamp_float' => 1787084809.480141,
  'stage_start_time' => 1787084809.480141,
  'stage_performance' => 51474972.3116863,
  'stage_current_value' => 949248.0,
  'datetime' => 'Tue, 18 Aug 2026 20:26:49 +0000',
  'stage_value' => 28864000.0,
  'resume' => 
  array (
    'offset' => 1854.0,
    'tar_size' => 56375.0,
  ),
  'debug' => 
  array (
    'block_performance' => 128.0,
    'additional' => NULL,
  ),
)
}------------------------------------------------------------
2026-08-18T20:26:49+00:0000347	8	DEBUG	0.46Mb	1.16Mb	extract_heartbeat
waInstaller::adjustStageChunk
{------------------------------------------------------------
array (
  'current_chunk' => 128.0,
  'calculated_chunk' => 6900.65,
  'performance_data' => 
  array (
    'extract' => 
    array (
      0 => 0,
      1 => 12530.25,
      2 => 9405.75,
      3 => 0,
      4 => 12567.25,
    ),
  ),
  'stack_length' => 5,
)
}------------------------------------------------------------
2026-08-18T20:26:49+00:0000348	8	DEBUG	0.46Mb	1.16Mb	extract_heartbeat
waInstaller::setState
{------------------------------------------------------------
array (
  'start_time' => 1787084808,
  'start_time_float' => 1787084808.627036,
  'elapsed_time' => 0.0,
  'stage' => false,
  'stage_name' => 'extract',
  'state_heartbeat' => 0.03879904747009277,
  'thread_id' => '8',
  'chunk_id' => 'wa-apps/crm',
  'stage_status' => 'heartbeat',
  'timestamp' => 1787084809,
  'timestamp_float' => 1787084809.518936,
  'stage_start_time' => 1787084809.518936,
  'stage_performance' => 73576502.52338402,
  'stage_current_value' => 3803648.0,
  'datetime' => 'Tue, 18 Aug 2026 20:26:49 +0000',
  'stage_value' => 28864000.0,
  'resume' => 
  array (
    'offset' => 7429.0,
    'tar_size' => 56375.0,
  ),
  'debug' => 
  array (
    'block_performance' => 128.0,
    'additional' => NULL,
  ),
)
}------------------------------------------------------------
2026-08-18T20:26:49+00:0000349	8	DEBUG	0.46Mb	1.16Mb	extract_heartbeat
waInstaller::adjustStageChunk
{------------------------------------------------------------
array (
  'current_chunk' => 128.0,
  'calculated_chunk' => 10493.3,
  'performance_data' => 
  array (
    'extract' => 
    array (
      0 => 12530.25,
      1 => 9405.75,
      2 => 0,
      3 => 12567.25,
      4 => 17963.25,
    ),
  ),
  'stack_length' => 5,
)
}------------------------------------------------------------
2026-08-18T20:26:49+00:0000350	8	DEBUG	0.46Mb	1.16Mb	extract_heartbeat
waInstaller::setState
{------------------------------------------------------------
array (
  'start_time' => 1787084808,
  'start_time_float' => 1787084808.627036,
  'elapsed_time' => 0.0,
  'stage' => false,
  'stage_name' => 'extract',
  'state_heartbeat' => 0.03286409378051758,
  'thread_id' => '8',
  'chunk_id' => 'wa-apps/crm',
  'stage_status' => 'heartbeat',
  'timestamp' => 1787084809,
  'timestamp_float' => 1787084809.551795,
  'stage_start_time' => 1787084809.551795,
  'stage_performance' => 72267863.09360692,
  'stage_current_value' => 6178304.0,
  'datetime' => 'Tue, 18 Aug 2026 20:26:49 +0000',
  'stage_value' => 28864000.0,
  'resume' => 
  array (
    'offset' => 12067.0,
    'tar_size' => 56375.0,
  ),
  'debug' => 
  array (
    'block_performance' => 128.0,
    'additional' => NULL,
  ),
)
}------------------------------------------------------------
2026-08-18T20:26:49+00:0000351	8	DEBUG	0.46Mb	1.16Mb	extract_heartbeat
waInstaller::adjustStageChunk
{------------------------------------------------------------
array (
  'current_chunk' => 128.0,
  'calculated_chunk' => 11516.0,
  'performance_data' => 
  array (
    'extract' => 
    array (
      0 => 9405.75,
      1 => 0,
      2 => 12567.25,
      3 => 17963.25,
      4 => 17643.75,
    ),
  ),
  'stack_length' => 5,
)
}------------------------------------------------------------
2026-08-18T20:26:49+00:0000352	8	DEBUG	0.46Mb	1.16Mb	extract_heartbeat
waInstaller::setState
{------------------------------------------------------------
array (
  'start_time' => 1787084808,
  'start_time_float' => 1787084808.627036,
  'elapsed_time' => 0.0,
  'stage' => false,
  'stage_name' => 'extract',
  'state_heartbeat' => 0.02033209800720215,
  'thread_id' => '8',
  'chunk_id' => 'wa-apps/crm',
  'stage_status' => 'heartbeat',
  'timestamp' => 1787084809,
  'timestamp_float' => 1787084809.572123,
  'stage_start_time' => 1787084809.572123,
  'stage_performance' => 44681522.73641247,
  'stage_current_value' => 7086592.0,
  'datetime' => 'Tue, 18 Aug 2026 20:26:49 +0000',
  'stage_value' => 28864000.0,
  'resume' => 
  array (
    'offset' => 13841.0,
    'tar_size' => 56375.0,
  ),
  'debug' => 
  array (
    'block_performance' => 128.0,
    'additional' => NULL,
  ),
)
}------------------------------------------------------------
2026-08-18T20:26:49+00:0000353	8	DEBUG	0.46Mb	1.16Mb	extract_heartbeat
waInstaller::adjustStageChunk
{------------------------------------------------------------
array (
  'current_chunk' => 128.0,
  'calculated_chunk' => 11816.6,
  'performance_data' => 
  array (
    'extract' => 
    array (
      0 => 0,
      1 => 12567.25,
      2 => 17963.25,
      3 => 17643.75,
      4 => 10908.75,
    ),
  ),
  'stack_length' => 5,
)
}------------------------------------------------------------
2026-08-18T20:26:49+00:0000354	8	DEBUG	0.46Mb	1.16Mb	extract_heartbeat
waInstaller::setState
{------------------------------------------------------------
array (
  'start_time' => 1787084808,
  'start_time_float' => 1787084808.627036,
  'elapsed_time' => 0.0,
  'stage' => false,
  'stage_name' => 'extract',
  'state_heartbeat' => 0.07562804222106934,
  'thread_id' => '8',
  'chunk_id' => 'wa-apps/crm',
  'stage_status' => 'heartbeat',
  'timestamp' => 1787084809,
  'timestamp_float' => 1787084809.647746,
  'stage_start_time' => 1787084809.647747,
  'stage_performance' => 73743456.18664128,
  'stage_current_value' => 12663296.0,
  'datetime' => 'Tue, 18 Aug 2026 20:26:49 +0000',
  'stage_value' => 28864000.0,
  'resume' => 
  array (
    'offset' => 24733.0,
    'tar_size' => 56375.0,
  ),
  'debug' => 
  array (
    'block_performance' => 128.0,
    'additional' => NULL,
  ),
)
}------------------------------------------------------------
2026-08-18T20:26:49+00:0000355	8	DEBUG	0.46Mb	1.16Mb	extract_heartbeat
waInstaller::adjustStageChunk
{------------------------------------------------------------
array (
  'current_chunk' => 128.0,
  'calculated_chunk' => 15417.4,
  'performance_data' => 
  array (
    'extract' => 
    array (
      0 => 12567.25,
      1 => 17963.25,
      2 => 17643.75,
      3 => 10908.75,
      4 => 18004,
    ),
  ),
  'stack_length' => 5,
)
}------------------------------------------------------------
2026-08-18T20:26:49+00:0000356	8	DEBUG	0.46Mb	1.16Mb	extract_heartbeat
waInstaller::setState
{------------------------------------------------------------
array (
  'start_time' => 1787084808,
  'start_time_float' => 1787084808.627036,
  'elapsed_time' => 0.0,
  'stage' => false,
  'stage_name' => 'extract',
  'state_heartbeat' => 0.12279796600341797,
  'thread_id' => '8',
  'chunk_id' => 'wa-apps/crm',
  'stage_status' => 'heartbeat',
  'timestamp' => 1787084809,
  'timestamp_float' => 1787084809.77054,
  'stage_start_time' => 1787084809.770541,
  'stage_performance' => 64928821.083336085,
  'stage_current_value' => 20636160.0,
  'datetime' => 'Tue, 18 Aug 2026 20:26:49 +0000',
  'stage_value' => 28864000.0,
  'resume' => 
  array (
    'offset' => 40305.0,
    'tar_size' => 56375.0,
  ),
  'debug' => 
  array (
    'block_performance' => 128.0,
    'additional' => NULL,
  ),
)
}------------------------------------------------------------
2026-08-18T20:26:49+00:0000357	8	DEBUG	0.46Mb	1.16Mb	extract_heartbeat
waInstaller::adjustStageChunk
{------------------------------------------------------------
array (
  'current_chunk' => 128.0,
  'calculated_chunk' => 16074.35,
  'performance_data' => 
  array (
    'extract' => 
    array (
      0 => 17963.25,
      1 => 17643.75,
      2 => 10908.75,
      3 => 18004,
      4 => 15852,
    ),
  ),
  'stack_length' => 5,
)
}------------------------------------------------------------
2026-08-18T20:26:49+00:0000358	8	DEBUG	0.46Mb	1.16Mb	extract_heartbeat
waInstaller::setState
{------------------------------------------------------------
array (
  'start_time' => 1787084808,
  'start_time_float' => 1787084808.627036,
  'elapsed_time' => 0.0,
  'stage' => false,
  'stage_name' => 'extract',
  'state_heartbeat' => 0.01960611343383789,
  'thread_id' => '8',
  'chunk_id' => 'wa-apps/crm',
  'stage_status' => 'heartbeat',
  'timestamp' => 1787084809,
  'timestamp_float' => 1787084809.790142,
  'stage_start_time' => 1787084809.790142,
  'stage_performance' => 28836152.467153996,
  'stage_current_value' => 21201408.0,
  'datetime' => 'Tue, 18 Aug 2026 20:26:49 +0000',
  'stage_value' => 28864000.0,
  'resume' => 
  array (
    'offset' => 41409.0,
    'tar_size' => 56375.0,
  ),
  'debug' => 
  array (
    'block_performance' => 128.0,
    'additional' => NULL,
  ),
)
}------------------------------------------------------------
2026-08-18T20:26:49+00:0000359	8	DEBUG	0.46Mb	1.16Mb	extract_heartbeat
waInstaller::adjustStageChunk
{------------------------------------------------------------
array (
  'current_chunk' => 128.0,
  'calculated_chunk' => 13889.75,
  'performance_data' => 
  array (
    'extract' => 
    array (
      0 => 17643.75,
      1 => 10908.75,
      2 => 18004,
      3 => 15852,
      4 => 7040.25,
    ),
  ),
  'stack_length' => 5,
)
}------------------------------------------------------------
2026-08-18T20:26:49+00:0000360	8	DEBUG	0.46Mb	1.16Mb	extract_heartbeat
waInstaller::setState
{------------------------------------------------------------
array (
  'start_time' => 1787084808,
  'start_time_float' => 1787084808.627036,
  'elapsed_time' => 0.0,
  'stage' => false,
  'stage_name' => 'extract',
  'state_heartbeat' => 0.01633596420288086,
  'thread_id' => '8',
  'chunk_id' => 'wa-apps/crm',
  'stage_status' => 'heartbeat',
  'timestamp' => 1787084809,
  'timestamp_float' => 1787084809.806472,
  'stage_start_time' => 1787084809.806472,
  'stage_performance' => 32011750.17312718,
  'stage_current_value' => 21724160.0,
  'datetime' => 'Tue, 18 Aug 2026 20:26:49 +0000',
  'stage_value' => 28864000.0,
  'resume' => 
  array (
    'offset' => 42430.0,
    'tar_size' => 56375.0,
  ),
  'debug' => 
  array (
    'block_performance' => 128.0,
    'additional' => NULL,
  ),
)
}------------------------------------------------------------
2026-08-18T20:26:49+00:0000361	8	DEBUG	0.46Mb	1.16Mb	extract_heartbeat
waInstaller::adjustStageChunk
{------------------------------------------------------------
array (
  'current_chunk' => 128.0,
  'calculated_chunk' => 11924.1,
  'performance_data' => 
  array (
    'extract' => 
    array (
      0 => 10908.75,
      1 => 18004,
      2 => 15852,
      3 => 7040.25,
      4 => 7815.5,
    ),
  ),
  'stack_length' => 5,
)
}------------------------------------------------------------
2026-08-18T20:26:49+00:0000362	8	DEBUG	0.46Mb	1.16Mb	extract_heartbeat
waInstaller::setState
{------------------------------------------------------------
array (
  'start_time' => 1787084808,
  'start_time_float' => 1787084808.627036,
  'elapsed_time' => 0.0,
  'stage' => false,
  'stage_name' => 'extract',
  'state_heartbeat' => 0.01951885223388672,
  'thread_id' => '8',
  'chunk_id' => 'wa-apps/crm',
  'stage_status' => 'heartbeat',
  'timestamp' => 1787084809,
  'timestamp_float' => 1787084809.825987,
  'stage_start_time' => 1787084809.825987,
  'stage_performance' => 23638796.447832674,
  'stage_current_value' => 22185472.0,
  'datetime' => 'Tue, 18 Aug 2026 20:26:49 +0000',
  'stage_value' => 28864000.0,
  'resume' => 
  array (
    'offset' => 43331.0,
    'tar_size' => 56375.0,
  ),
  'debug' => 
  array (
    'block_performance' => 128.0,
    'additional' => NULL,
  ),
)
}------------------------------------------------------------
2026-08-18T20:26:49+00:0000363	8	DEBUG	0.46Mb	1.16Mb	extract_heartbeat
waInstaller::adjustStageChunk
{------------------------------------------------------------
array (
  'current_chunk' => 128.0,
  'calculated_chunk' => 10896.6,
  'performance_data' => 
  array (
    'extract' => 
    array (
      0 => 18004,
      1 => 15852,
      2 => 7040.25,
      3 => 7815.5,
      4 => 5771.25,
    ),
  ),
  'stack_length' => 5,
)
}------------------------------------------------------------
2026-08-18T20:26:49+00:0000364	8	DEBUG	0.46Mb	1.16Mb	extract_heartbeat
waInstaller::setState
{------------------------------------------------------------
array (
  'start_time' => 1787084808,
  'start_time_float' => 1787084808.627036,
  'elapsed_time' => 0.0,
  'stage' => false,
  'stage_name' => 'extract',
  'state_heartbeat' => 0.023024797439575195,
  'thread_id' => '8',
  'chunk_id' => 'wa-apps/crm',
  'stage_status' => 'heartbeat',
  'timestamp' => 1787084809,
  'timestamp_float' => 1787084809.849006,
  'stage_start_time' => 1787084809.849007,
  'stage_performance' => 53916190.524423085,
  'stage_current_value' => 23426560.0,
  'datetime' => 'Tue, 18 Aug 2026 20:26:49 +0000',
  'stage_value' => 28864000.0,
  'resume' => 
  array (
    'offset' => 45755.0,
    'tar_size' => 56375.0,
  ),
  'debug' => 
  array (
    'block_performance' => 128.0,
    'additional' => NULL,
  ),
)
}------------------------------------------------------------
2026-08-18T20:26:49+00:0000365	8	DEBUG	0.46Mb	1.16Mb	extract_heartbeat
waInstaller::adjustStageChunk
{------------------------------------------------------------
array (
  'current_chunk' => 128.0,
  'calculated_chunk' => 9928.45,
  'performance_data' => 
  array (
    'extract' => 
    array (
      0 => 15852,
      1 => 7040.25,
      2 => 7815.5,
      3 => 5771.25,
      4 => 13163.25,
    ),
  ),
  'stack_length' => 5,
)
}------------------------------------------------------------
2026-08-18T20:26:49+00:0000366	8	DEBUG	0.46Mb	1.16Mb	extract_heartbeat
waInstaller::setState
{------------------------------------------------------------
array (
  'start_time' => 1787084808,
  'start_time_float' => 1787084808.627036,
  'elapsed_time' => 0.0,
  'stage' => false,
  'stage_name' => 'extract',
  'state_heartbeat' => 0.018833160400390625,
  'thread_id' => '8',
  'chunk_id' => 'wa-apps/crm',
  'stage_status' => 'heartbeat',
  'timestamp' => 1787084809,
  'timestamp_float' => 1787084809.867834,
  'stage_start_time' => 1787084809.867834,
  'stage_performance' => 35160962.33888389,
  'stage_current_value' => 24088576.0,
  'datetime' => 'Tue, 18 Aug 2026 20:26:49 +0000',
  'stage_value' => 28864000.0,
  'resume' => 
  array (
    'offset' => 47048.0,
    'tar_size' => 56375.0,
  ),
  'debug' => 
  array (
    'block_performance' => 128.0,
    'additional' => NULL,
  ),
)
}------------------------------------------------------------
2026-08-18T20:26:49+00:0000367	8	DEBUG	0.46Mb	1.16Mb	extract_heartbeat
waInstaller::adjustStageChunk
{------------------------------------------------------------
array (
  'current_chunk' => 128.0,
  'calculated_chunk' => 8474.9,
  'performance_data' => 
  array (
    'extract' => 
    array (
      0 => 7040.25,
      1 => 7815.5,
      2 => 5771.25,
      3 => 13163.25,
      4 => 8584.25,
    ),
  ),
  'stack_length' => 5,
)
}------------------------------------------------------------
2026-08-18T20:26:49+00:0000368	8	DEBUG	0.46Mb	1.16Mb	extract_heartbeat
waInstaller::setState
{------------------------------------------------------------
array (
  'start_time' => 1787084808,
  'start_time_float' => 1787084808.627036,
  'elapsed_time' => 0.0,
  'stage' => false,
  'stage_name' => 'extract',
  'state_heartbeat' => 0.023185014724731445,
  'thread_id' => '8',
  'chunk_id' => 'wa-apps/crm',
  'stage_status' => 'heartbeat',
  'timestamp' => 1787084809,
  'timestamp_float' => 1787084809.891014,
  'stage_start_time' => 1787084809.891014,
  'stage_performance' => 35672118.93688801,
  'stage_current_value' => 24915456.0,
  'datetime' => 'Tue, 18 Aug 2026 20:26:49 +0000',
  'stage_value' => 28864000.0,
  'resume' => 
  array (
    'offset' => 48663.0,
    'tar_size' => 56375.0,
  ),
  'debug' => 
  array (
    'block_performance' => 128.0,
    'additional' => NULL,
  ),
)
}------------------------------------------------------------
2026-08-18T20:26:49+00:0000369	8	DEBUG	0.46Mb	1.16Mb	extract_heartbeat
waInstaller::adjustStageChunk
{------------------------------------------------------------
array (
  'current_chunk' => 128.0,
  'calculated_chunk' => 8808.7,
  'performance_data' => 
  array (
    'extract' => 
    array (
      0 => 7815.5,
      1 => 5771.25,
      2 => 13163.25,
      3 => 8584.25,
      4 => 8709.25,
    ),
  ),
  'stack_length' => 5,
)
}------------------------------------------------------------
2026-08-18T20:26:49+00:0000370	8	DEBUG	0.46Mb	1.16Mb	extract_heartbeat
waInstaller::setState
{------------------------------------------------------------
array (
  'start_time' => 1787084808,
  'start_time_float' => 1787084808.627036,
  'elapsed_time' => 0.0,
  'stage' => false,
  'stage_name' => 'extract',
  'state_heartbeat' => 0.023022890090942383,
  'thread_id' => '8',
  'chunk_id' => 'wa-apps/crm',
  'stage_status' => 'heartbeat',
  'timestamp' => 1787084809,
  'timestamp_float' => 1787084809.914033,
  'stage_start_time' => 1787084809.914033,
  'stage_performance' => 43195231.84753697,
  'stage_current_value' => 25909760.0,
  'datetime' => 'Tue, 18 Aug 2026 20:26:49 +0000',
  'stage_value' => 28864000.0,
  'resume' => 
  array (
    'offset' => 50605.0,
    'tar_size' => 56375.0,
  ),
  'debug' => 
  array (
    'block_performance' => 128.0,
    'additional' => NULL,
  ),
)
}------------------------------------------------------------
2026-08-18T20:26:49+00:0000371	8	DEBUG	0.46Mb	1.16Mb	extract_heartbeat
waInstaller::adjustStageChunk
{------------------------------------------------------------
array (
  'current_chunk' => 128.0,
  'calculated_chunk' => 9354.75,
  'performance_data' => 
  array (
    'extract' => 
    array (
      0 => 5771.25,
      1 => 13163.25,
      2 => 8584.25,
      3 => 8709.25,
      4 => 10545.75,
    ),
  ),
  'stack_length' => 5,
)
}------------------------------------------------------------
2026-08-18T20:26:49+00:0000372	8	DEBUG	0.46Mb	1.16Mb	extract_heartbeat
waInstaller::setState
{------------------------------------------------------------
array (
  'start_time' => 1787084808,
  'start_time_float' => 1787084808.627036,
  'elapsed_time' => 0.0,
  'stage' => false,
  'stage_name' => 'extract',
  'state_heartbeat' => 0.023591041564941406,
  'thread_id' => '8',
  'chunk_id' => 'wa-apps/crm',
  'stage_status' => 'heartbeat',
  'timestamp' => 1787084809,
  'timestamp_float' => 1787084809.93762,
  'stage_start_time' => 1787084809.93762,
  'stage_performance' => 44195213.90997766,
  'stage_current_value' => 26952192.0,
  'datetime' => 'Tue, 18 Aug 2026 20:26:49 +0000',
  'stage_value' => 28864000.0,
  'resume' => 
  array (
    'offset' => 52641.0,
    'tar_size' => 56375.0,
  ),
  'debug' => 
  array (
    'block_performance' => 128.0,
    'additional' => NULL,
  ),
)
}------------------------------------------------------------
2026-08-18T20:26:49+00:0000373	8	DEBUG	0.46Mb	1.16Mb	extract_heartbeat
waInstaller::adjustStageChunk
{------------------------------------------------------------
array (
  'current_chunk' => 128.0,
  'calculated_chunk' => 10358.5,
  'performance_data' => 
  array (
    'extract' => 
    array (
      0 => 13163.25,
      1 => 8584.25,
      2 => 8709.25,
      3 => 10545.75,
      4 => 10790,
    ),
  ),
  'stack_length' => 5,
)
}------------------------------------------------------------
2026-08-18T20:26:49+00:0000374	8	DEBUG	0.46Mb	1.16Mb	extract_heartbeat
waInstaller::setState
{------------------------------------------------------------
array (
  'start_time' => 1787084808,
  'start_time_float' => 1787084808.627036,
  'elapsed_time' => 0.0,
  'stage' => false,
  'stage_name' => 'extract',
  'state_heartbeat' => 0.024573087692260742,
  'thread_id' => '8',
  'chunk_id' => 'wa-apps/crm',
  'stage_status' => 'heartbeat',
  'timestamp' => 1787084809,
  'timestamp_float' => 1787084809.962188,
  'stage_start_time' => 1787084809.962189,
  'stage_performance' => 51829200.867340796,
  'stage_current_value' => 28225536.0,
  'datetime' => 'Tue, 18 Aug 2026 20:26:49 +0000',
  'stage_value' => 28864000.0,
  'resume' => 
  array (
    'offset' => 55128.0,
    'tar_size' => 56375.0,
  ),
  'debug' => 
  array (
    'block_performance' => 128.0,
    'additional' => NULL,
  ),
)
}------------------------------------------------------------
2026-08-18T20:26:49+00:0000375	8	DEBUG	0.46Mb	1.16Mb	extract_heartbeat
waInstaller::adjustStageChunk
{------------------------------------------------------------
array (
  'current_chunk' => 128.0,
  'calculated_chunk' => 10256.6,
  'performance_data' => 
  array (
    'extract' => 
    array (
      0 => 8584.25,
      1 => 8709.25,
      2 => 10545.75,
      3 => 10790,
      4 => 12653.75,
    ),
  ),
  'stack_length' => 5,
)
}------------------------------------------------------------
2026-08-18T20:26:49+00:0000376	8	TRACE	0.44Mb	1.16Mb	extract_complete
waInstaller::setState
{------------------------------------------------------------
array (
  'start_time' => 1787084808,
  'start_time_float' => 1787084808.627036,
  'elapsed_time' => 0.0,
  'stage' => false,
  'stage_name' => 'extract',
  'state_heartbeat' => 0.008539915084838867,
  'thread_id' => '8',
  'chunk_id' => 'wa-apps/crm',
  'stage_status' => 'complete',
  'timestamp' => 1787084809,
  'timestamp_float' => 1787084809.970724,
  'stage_start_time' => 1787084809.970725,
  'stage_performance' => 0,
  'stage_current_value' => 28225536.0,
  'datetime' => 'Tue, 18 Aug 2026 20:26:49 +0000',
  'stage_value' => 28864000.0,
  'resume' => 
  array (
    'offset' => 55128.0,
    'tar_size' => 56375.0,
  ),
  'debug' => 
  array (
    'block_performance' => 128.0,
    'additional' => NULL,
  ),
)
}------------------------------------------------------------
2026-08-18T20:26:49+00:0000377	8	TRACE	0.44Mb	1.16Mb	extract_heartbeat
waInstaller::setState
{------------------------------------------------------------
array (
  'start_time' => 1787084808,
  'start_time_float' => 1787084808.627036,
  'elapsed_time' => 0.0,
  'stage' => false,
  'stage_name' => 'extract',
  'state_heartbeat' => 0.000949859619140625,
  'thread_id' => '8',
  'chunk_id' => 'wa-apps/files',
  'stage_status' => 'heartbeat',
  'timestamp' => 1787084809,
  'timestamp_float' => 1787084809.971667,
  'stage_start_time' => 1787084809.971667,
  'stage_performance' => 0,
  'stage_current_value' => 0,
  'datetime' => 'Tue, 18 Aug 2026 20:26:49 +0000',
  'stage_value' => 0,
  'resume' => 
  array (
    'offset' => 55128.0,
    'tar_size' => 56375.0,
  ),
  'debug' => 
  array (
    'block_performance' => 128.0,
    'additional' => NULL,
  ),
)
}------------------------------------------------------------
2026-08-18T20:26:49+00:0000378	8	TRACE	0.44Mb	1.16Mb	extract_heartbeat
waInstaller::stageExtract
{------------------------------------------------------------
array (
  'compressed_file' => '/var/www/pharmab2b/httpdocs/wa-sources/wa-apps/files.tar.gz',
  'target_path' => 'wa-data/protected/wa-installer/8/update/wa-apps/files/',
  'base_path' => 'wa-apps/files/',
)
}------------------------------------------------------------
2026-08-18T20:26:49+00:0000379	8	DEBUG	0.46Mb	1.16Mb	extract_heartbeat
waInstaller::setState
{------------------------------------------------------------
array (
  'start_time' => 1787084808,
  'start_time_float' => 1787084808.627036,
  'elapsed_time' => 0.0,
  'stage' => false,
  'stage_name' => 'extract',
  'state_heartbeat' => 0.010787010192871094,
  'thread_id' => '8',
  'chunk_id' => 'wa-apps/files',
  'stage_status' => 'heartbeat',
  'timestamp' => 1787084809,
  'timestamp_float' => 1787084809.982449,
  'stage_start_time' => 1787084809.982449,
  'stage_performance' => 0.0,
  'stage_current_value' => 0,
  'datetime' => 'Tue, 18 Aug 2026 20:26:49 +0000',
  'stage_value' => 3673600.0,
  'resume' => 
  array (
    'offset' => NULL,
    'tar_size' => 7175.0,
  ),
  'debug' => 
  array (
    'block_performance' => 128.0,
    'additional' => NULL,
  ),
)
}------------------------------------------------------------
2026-08-18T20:26:49+00:0000380	8	DEBUG	0.46Mb	1.16Mb	extract_heartbeat
waInstaller::adjustStageChunk
{------------------------------------------------------------
array (
  'current_chunk' => 128.0,
  'calculated_chunk' => 8539.75,
  'performance_data' => 
  array (
    'extract' => 
    array (
      0 => 8709.25,
      1 => 10545.75,
      2 => 10790,
      3 => 12653.75,
      4 => 0,
    ),
  ),
  'stack_length' => 5,
)
}------------------------------------------------------------
2026-08-18T20:26:49+00:0000381	8	DEBUG	0.46Mb	1.16Mb	extract_heartbeat
waInstaller::setState
{------------------------------------------------------------
array (
  'start_time' => 1787084808,
  'start_time_float' => 1787084808.627036,
  'elapsed_time' => 0.0,
  'stage' => false,
  'stage_name' => 'extract',
  'state_heartbeat' => 0.013716936111450195,
  'thread_id' => '8',
  'chunk_id' => 'wa-apps/files',
  'stage_status' => 'heartbeat',
  'timestamp' => 1787084809,
  'timestamp_float' => 1787084809.996162,
  'stage_start_time' => 1787084809.996162,
  'stage_performance' => 27405469.74115029,
  'stage_current_value' => 375808.0,
  'datetime' => 'Tue, 18 Aug 2026 20:26:49 +0000',
  'stage_value' => 3673600.0,
  'resume' => 
  array (
    'offset' => 734.0,
    'tar_size' => 7175.0,
  ),
  'debug' => 
  array (
    'block_performance' => 128.0,
    'additional' => NULL,
  ),
)
}------------------------------------------------------------
2026-08-18T20:26:49+00:0000382	8	DEBUG	0.46Mb	1.16Mb	extract_heartbeat
waInstaller::adjustStageChunk
{------------------------------------------------------------
array (
  'current_chunk' => 128.0,
  'calculated_chunk' => 8136.1,
  'performance_data' => 
  array (
    'extract' => 
    array (
      0 => 10545.75,
      1 => 10790,
      2 => 12653.75,
      3 => 0,
      4 => 6691,
    ),
  ),
  'stack_length' => 5,
)
}------------------------------------------------------------
2026-08-18T20:26:50+00:0000383	8	DEBUG	0.46Mb	1.16Mb	extract_heartbeat
waInstaller::setState
{------------------------------------------------------------
array (
  'start_time' => 1787084808,
  'start_time_float' => 1787084808.627036,
  'elapsed_time' => 0.0,
  'stage' => false,
  'stage_name' => 'extract',
  'state_heartbeat' => 0.02869415283203125,
  'thread_id' => '8',
  'chunk_id' => 'wa-apps/files',
  'stage_status' => 'heartbeat',
  'timestamp' => 1787084810,
  'timestamp_float' => 1787084810.024853,
  'stage_start_time' => 1787084810.024853,
  'stage_performance' => 52072539.11752632,
  'stage_current_value' => 1869824.0,
  'datetime' => 'Tue, 18 Aug 2026 20:26:49 +0000',
  'stage_value' => 3673600.0,
  'resume' => 
  array (
    'offset' => 3652.0,
    'tar_size' => 7175.0,
  ),
  'debug' => 
  array (
    'block_performance' => 128.0,
    'additional' => NULL,
  ),
)
}------------------------------------------------------------
2026-08-18T20:26:50+00:0000384	8	DEBUG	0.46Mb	1.16Mb	extract_heartbeat
waInstaller::adjustStageChunk
{------------------------------------------------------------
array (
  'current_chunk' => 128.0,
  'calculated_chunk' => 8569.6,
  'performance_data' => 
  array (
    'extract' => 
    array (
      0 => 10790,
      1 => 12653.75,
      2 => 0,
      3 => 6691,
      4 => 12713.25,
    ),
  ),
  'stack_length' => 5,
)
}------------------------------------------------------------
2026-08-18T20:26:50+00:0000385	8	DEBUG	0.46Mb	1.16Mb	extract_heartbeat
waInstaller::setState
{------------------------------------------------------------
array (
  'start_time' => 1787084808,
  'start_time_float' => 1787084808.627036,
  'elapsed_time' => 0.0,
  'stage' => false,
  'stage_name' => 'extract',
  'state_heartbeat' => 0.019936084747314453,
  'thread_id' => '8',
  'chunk_id' => 'wa-apps/files',
  'stage_status' => 'heartbeat',
  'timestamp' => 1787084810,
  'timestamp_float' => 1787084810.044785,
  'stage_start_time' => 1787084810.044786,
  'stage_performance' => 38351133.19773687,
  'stage_current_value' => 2634240.0,
  'datetime' => 'Tue, 18 Aug 2026 20:26:49 +0000',
  'stage_value' => 3673600.0,
  'resume' => 
  array (
    'offset' => 5145.0,
    'tar_size' => 7175.0,
  ),
  'debug' => 
  array (
    'block_performance' => 128.0,
    'additional' => NULL,
  ),
)
}------------------------------------------------------------
2026-08-18T20:26:50+00:0000386	8	DEBUG	0.46Mb	1.16Mb	extract_heartbeat
waInstaller::adjustStageChunk
{------------------------------------------------------------
array (
  'current_chunk' => 128.0,
  'calculated_chunk' => 8284.25,
  'performance_data' => 
  array (
    'extract' => 
    array (
      0 => 12653.75,
      1 => 0,
      2 => 6691,
      3 => 12713.25,
      4 => 9363.25,
    ),
  ),
  'stack_length' => 5,
)
}------------------------------------------------------------
2026-08-18T20:26:50+00:0000387	8	DEBUG	0.46Mb	1.16Mb	extract_heartbeat
waInstaller::setState
{------------------------------------------------------------
array (
  'start_time' => 1787084808,
  'start_time_float' => 1787084808.627036,
  'elapsed_time' => 0.0,
  'stage' => false,
  'stage_name' => 'extract',
  'state_heartbeat' => 0.019802093505859375,
  'thread_id' => '8',
  'chunk_id' => 'wa-apps/files',
  'stage_status' => 'heartbeat',
  'timestamp' => 1787084810,
  'timestamp_float' => 1787084810.064583,
  'stage_start_time' => 1787084810.064583,
  'stage_performance' => 30671318.37483592,
  'stage_current_value' => 3241472.0,
  'datetime' => 'Tue, 18 Aug 2026 20:26:49 +0000',
  'stage_value' => 3673600.0,
  'resume' => 
  array (
    'offset' => 6331.0,
    'tar_size' => 7175.0,
  ),
  'debug' => 
  array (
    'block_performance' => 128.0,
    'additional' => NULL,
  ),
)
}------------------------------------------------------------
2026-08-18T20:26:50+00:0000388	8	DEBUG	0.46Mb	1.16Mb	extract_heartbeat
waInstaller::adjustStageChunk
{------------------------------------------------------------
array (
  'current_chunk' => 128.0,
  'calculated_chunk' => 7251.15,
  'performance_data' => 
  array (
    'extract' => 
    array (
      0 => 0,
      1 => 6691,
      2 => 12713.25,
      3 => 9363.25,
      4 => 7488.25,
    ),
  ),
  'stack_length' => 5,
)
}------------------------------------------------------------
2026-08-18T20:26:50+00:0000389	8	TRACE	0.44Mb	1.16Mb	extract_complete
waInstaller::setState
{------------------------------------------------------------
array (
  'start_time' => 1787084808,
  'start_time_float' => 1787084808.627036,
  'elapsed_time' => 0.0,
  'stage' => false,
  'stage_name' => 'extract',
  'state_heartbeat' => 0.006973981857299805,
  'thread_id' => '8',
  'chunk_id' => 'wa-apps/files',
  'stage_status' => 'complete',
  'timestamp' => 1787084810,
  'timestamp_float' => 1787084810.071554,
  'stage_start_time' => 1787084810.071555,
  'stage_performance' => 0,
  'stage_current_value' => 3241472.0,
  'datetime' => 'Tue, 18 Aug 2026 20:26:49 +0000',
  'stage_value' => 3673600.0,
  'resume' => 
  array (
    'offset' => 6331.0,
    'tar_size' => 7175.0,
  ),
  'debug' => 
  array (
    'block_performance' => 128.0,
    'additional' => NULL,
  ),
)
}------------------------------------------------------------
2026-08-18T20:26:50+00:0000390	8	TRACE	0.44Mb	1.16Mb	extract_heartbeat
waInstaller::setState
{------------------------------------------------------------
array (
  'start_time' => 1787084808,
  'start_time_float' => 1787084808.627036,
  'elapsed_time' => 0.0,
  'stage' => false,
  'stage_name' => 'extract',
  'state_heartbeat' => 0.0006780624389648438,
  'thread_id' => '8',
  'chunk_id' => 'wa-apps/hub',
  'stage_status' => 'heartbeat',
  'timestamp' => 1787084810,
  'timestamp_float' => 1787084810.072227,
  'stage_start_time' => 1787084810.072227,
  'stage_performance' => 0,
  'stage_current_value' => 0,
  'datetime' => 'Tue, 18 Aug 2026 20:26:50 +0000',
  'stage_value' => 0,
  'resume' => 
  array (
    'offset' => 6331.0,
    'tar_size' => 7175.0,
  ),
  'debug' => 
  array (
    'block_performance' => 128.0,
    'additional' => NULL,
  ),
)
}------------------------------------------------------------
2026-08-18T20:26:50+00:0000391	8	TRACE	0.44Mb	1.16Mb	extract_heartbeat
waInstaller::stageExtract
{------------------------------------------------------------
array (
  'compressed_file' => '/var/www/pharmab2b/httpdocs/wa-sources/wa-apps/hub.tar.gz',
  'target_path' => 'wa-data/protected/wa-installer/8/update/wa-apps/hub/',
  'base_path' => 'wa-apps/hub/',
)
}------------------------------------------------------------
2026-08-18T20:26:50+00:0000392	8	DEBUG	0.46Mb	1.16Mb	extract_heartbeat
waInstaller::setState
{------------------------------------------------------------
array (
  'start_time' => 1787084808,
  'start_time_float' => 1787084808.627036,
  'elapsed_time' => 0.0,
  'stage' => false,
  'stage_name' => 'extract',
  'state_heartbeat' => 0.024569034576416016,
  'thread_id' => '8',
  'chunk_id' => 'wa-apps/hub',
  'stage_status' => 'heartbeat',
  'timestamp' => 1787084810,
  'timestamp_float' => 1787084810.096791,
  'stage_start_time' => 1787084810.096791,
  'stage_performance' => 0.0,
  'stage_current_value' => 0,
  'datetime' => 'Tue, 18 Aug 2026 20:26:50 +0000',
  'stage_value' => 5772800.0,
  'resume' => 
  array (
    'offset' => NULL,
    'tar_size' => 11275.0,
  ),
  'debug' => 
  array (
    'block_performance' => 128.0,
    'additional' => NULL,
  ),
)
}------------------------------------------------------------
2026-08-18T20:26:50+00:0000393	8	DEBUG	0.46Mb	1.16Mb	extract_heartbeat
waInstaller::adjustStageChunk
{------------------------------------------------------------
array (
  'current_chunk' => 128.0,
  'calculated_chunk' => 7251.15,
  'performance_data' => 
  array (
    'extract' => 
    array (
      0 => 6691,
      1 => 12713.25,
      2 => 9363.25,
      3 => 7488.25,
      4 => 0,
    ),
  ),
  'stack_length' => 5,
)
}------------------------------------------------------------
2026-08-18T20:26:50+00:0000394	8	DEBUG	0.46Mb	1.16Mb	extract_heartbeat
waInstaller::setState
{------------------------------------------------------------
array (
  'start_time' => 1787084808,
  'start_time_float' => 1787084808.627036,
  'elapsed_time' => 0.0,
  'stage' => false,
  'stage_name' => 'extract',
  'state_heartbeat' => 0.00563502311706543,
  'thread_id' => '8',
  'chunk_id' => 'wa-apps/hub',
  'stage_status' => 'heartbeat',
  'timestamp' => 1787084810,
  'timestamp_float' => 1787084810.102422,
  'stage_start_time' => 1787084810.102422,
  'stage_performance' => 0.0,
  'stage_current_value' => 0,
  'datetime' => 'Tue, 18 Aug 2026 20:26:50 +0000',
  'stage_value' => 7347200.0,
  'resume' => 
  array (
    'offset' => NULL,
    'tar_size' => 14350.0,
  ),
  'debug' => 
  array (
    'block_performance' => 128.0,
    'additional' => NULL,
  ),
)
}------------------------------------------------------------
2026-08-18T20:26:50+00:0000395	8	DEBUG	0.46Mb	1.16Mb	extract_heartbeat
waInstaller::adjustStageChunk
{------------------------------------------------------------
array (
  'current_chunk' => 128.0,
  'calculated_chunk' => 5912.95,
  'performance_data' => 
  array (
    'extract' => 
    array (
      0 => 12713.25,
      1 => 9363.25,
      2 => 7488.25,
      3 => 0,
      4 => 0,
    ),
  ),
  'stack_length' => 5,
)
}------------------------------------------------------------
2026-08-18T20:26:50+00:0000396	8	DEBUG	0.46Mb	1.16Mb	extract_heartbeat
waInstaller::setState
{------------------------------------------------------------
array (
  'start_time' => 1787084808,
  'start_time_float' => 1787084808.627036,
  'elapsed_time' => 0.0,
  'stage' => false,
  'stage_name' => 'extract',
  'state_heartbeat' => 0.0541689395904541,
  'thread_id' => '8',
  'chunk_id' => 'wa-apps/hub',
  'stage_status' => 'heartbeat',
  'timestamp' => 1787084810,
  'timestamp_float' => 1787084810.156587,
  'stage_start_time' => 1787084810.156587,
  'stage_performance' => 77038839.58025213,
  'stage_current_value' => 4172800.0,
  'datetime' => 'Tue, 18 Aug 2026 20:26:50 +0000',
  'stage_value' => 7347200.0,
  'resume' => 
  array (
    'offset' => 8150.0,
    'tar_size' => 14350.0,
  ),
  'debug' => 
  array (
    'block_performance' => 128.0,
    'additional' => NULL,
  ),
)
}------------------------------------------------------------
2026-08-18T20:26:50+00:0000397	8	DEBUG	0.46Mb	1.16Mb	extract_heartbeat
waInstaller::adjustStageChunk
{------------------------------------------------------------
array (
  'current_chunk' => 128.0,
  'calculated_chunk' => 7132.0,
  'performance_data' => 
  array (
    'extract' => 
    array (
      0 => 9363.25,
      1 => 7488.25,
      2 => 0,
      3 => 0,
      4 => 18808.5,
    ),
  ),
  'stack_length' => 5,
)
}------------------------------------------------------------
2026-08-18T20:26:50+00:0000398	8	DEBUG	0.46Mb	1.16Mb	extract_heartbeat
waInstaller::setState
{------------------------------------------------------------
array (
  'start_time' => 1787084808,
  'start_time_float' => 1787084808.627036,
  'elapsed_time' => 0.0,
  'stage' => false,
  'stage_name' => 'extract',
  'state_heartbeat' => 0.03677701950073242,
  'thread_id' => '8',
  'chunk_id' => 'wa-apps/hub',
  'stage_status' => 'heartbeat',
  'timestamp' => 1787084810,
  'timestamp_float' => 1787084810.19336,
  'stage_start_time' => 1787084810.19336,
  'stage_performance' => 46308501.23347035,
  'stage_current_value' => 5875712.0,
  'datetime' => 'Tue, 18 Aug 2026 20:26:50 +0000',
  'stage_value' => 7347200.0,
  'resume' => 
  array (
    'offset' => 11476.0,
    'tar_size' => 14350.0,
  ),
  'debug' => 
  array (
    'block_performance' => 128.0,
    'additional' => NULL,
  ),
)
}------------------------------------------------------------
2026-08-18T20:26:50+00:0000399	8	DEBUG	0.46Mb	1.16Mb	extract_heartbeat
waInstaller::adjustStageChunk
{------------------------------------------------------------
array (
  'current_chunk' => 128.0,
  'calculated_chunk' => 7520.55,
  'performance_data' => 
  array (
    'extract' => 
    array (
      0 => 7488.25,
      1 => 0,
      2 => 0,
      3 => 18808.5,
      4 => 11306,
    ),
  ),
  'stack_length' => 5,
)
}------------------------------------------------------------
2026-08-18T20:26:50+00:0000400	8	DEBUG	0.46Mb	1.16Mb	extract_heartbeat
waInstaller::setState
{------------------------------------------------------------
array (
  'start_time' => 1787084808,
  'start_time_float' => 1787084808.627036,
  'elapsed_time' => 0.0,
  'stage' => false,
  'stage_name' => 'extract',
  'state_heartbeat' => 0.029079914093017578,
  'thread_id' => '8',
  'chunk_id' => 'wa-apps/hub',
  'stage_status' => 'heartbeat',
  'timestamp' => 1787084810,
  'timestamp_float' => 1787084810.222436,
  'stage_start_time' => 1787084810.222436,
  'stage_performance' => 35411917.83824916,
  'stage_current_value' => 6905344.0,
  'datetime' => 'Tue, 18 Aug 2026 20:26:50 +0000',
  'stage_value' => 7347200.0,
  'resume' => 
  array (
    'offset' => 13487.0,
    'tar_size' => 14350.0,
  ),
  'debug' => 
  array (
    'block_performance' => 128.0,
    'additional' => NULL,
  ),
)
}------------------------------------------------------------
2026-08-18T20:26:50+00:0000401	8	DEBUG	0.46Mb	1.16Mb	extract_heartbeat
waInstaller::adjustStageChunk
{------------------------------------------------------------
array (
  'current_chunk' => 128.0,
  'calculated_chunk' => 7752.0,
  'performance_data' => 
  array (
    'extract' => 
    array (
      0 => 0,
      1 => 0,
      2 => 18808.5,
      3 => 11306,
      4 => 8645.5,
    ),
  ),
  'stack_length' => 5,
)
}------------------------------------------------------------
2026-08-18T20:26:50+00:0000402	8	TRACE	0.44Mb	1.16Mb	extract_complete
waInstaller::setState
{------------------------------------------------------------
array (
  'start_time' => 1787084808,
  'start_time_float' => 1787084808.627036,
  'elapsed_time' => 0.0,
  'stage' => false,
  'stage_name' => 'extract',
  'state_heartbeat' => 0.0018780231475830078,
  'thread_id' => '8',
  'chunk_id' => 'wa-apps/hub',
  'stage_status' => 'complete',
  'timestamp' => 1787084810,
  'timestamp_float' => 1787084810.224312,
  'stage_start_time' => 1787084810.224312,
  'stage_performance' => 0,
  'stage_current_value' => 6905344.0,
  'datetime' => 'Tue, 18 Aug 2026 20:26:50 +0000',
  'stage_value' => 7347200.0,
  'resume' => 
  array (
    'offset' => 13487.0,
    'tar_size' => 14350.0,
  ),
  'debug' => 
  array (
    'block_performance' => 128.0,
    'additional' => NULL,
  ),
)
}------------------------------------------------------------
2026-08-18T20:26:50+00:0000403	8	TRACE	0.44Mb	1.16Mb	extract_heartbeat
waInstaller::setState
{------------------------------------------------------------
array (
  'start_time' => 1787084808,
  'start_time_float' => 1787084808.627036,
  'elapsed_time' => 0.0,
  'stage' => false,
  'stage_name' => 'extract',
  'state_heartbeat' => 0.0005578994750976562,
  'thread_id' => '8',
  'chunk_id' => 'wa-apps/installer',
  'stage_status' => 'heartbeat',
  'timestamp' => 1787084810,
  'timestamp_float' => 1787084810.224865,
  'stage_start_time' => 1787084810.224865,
  'stage_performance' => 0,
  'stage_current_value' => 0,
  'datetime' => 'Tue, 18 Aug 2026 20:26:50 +0000',
  'stage_value' => 0,
  'resume' => 
  array (
    'offset' => 13487.0,
    'tar_size' => 14350.0,
  ),
  'debug' => 
  array (
    'block_performance' => 128.0,
    'additional' => NULL,
  ),
)
}------------------------------------------------------------
2026-08-18T20:26:50+00:0000404	8	TRACE	0.44Mb	1.16Mb	extract_heartbeat
waInstaller::stageExtract
{------------------------------------------------------------
array (
  'compressed_file' => '/var/www/pharmab2b/httpdocs/wa-sources/wa-apps/installer.tar.gz',
  'target_path' => 'wa-data/protected/wa-installer/8/update/wa-apps/installer/',
  'base_path' => 'wa-apps/installer/',
)
}------------------------------------------------------------
2026-08-18T20:26:50+00:0000405	8	DEBUG	0.46Mb	1.16Mb	extract_heartbeat
waInstaller::setState
{------------------------------------------------------------
array (
  'start_time' => 1787084808,
  'start_time_float' => 1787084808.627036,
  'elapsed_time' => 0.0,
  'stage' => false,
  'stage_name' => 'extract',
  'state_heartbeat' => 0.009516000747680664,
  'thread_id' => '8',
  'chunk_id' => 'wa-apps/installer',
  'stage_status' => 'heartbeat',
  'timestamp' => 1787084810,
  'timestamp_float' => 1787084810.234378,
  'stage_start_time' => 1787084810.234379,
  'stage_performance' => 0.0,
  'stage_current_value' => 0,
  'datetime' => 'Tue, 18 Aug 2026 20:26:50 +0000',
  'stage_value' => 2624000.0,
  'resume' => 
  array (
    'offset' => NULL,
    'tar_size' => 5125.0,
  ),
  'debug' => 
  array (
    'block_performance' => 128.0,
    'additional' => NULL,
  ),
)
}------------------------------------------------------------
2026-08-18T20:26:50+00:0000406	8	DEBUG	0.46Mb	1.16Mb	extract_heartbeat
waInstaller::adjustStageChunk
{------------------------------------------------------------
array (
  'current_chunk' => 128.0,
  'calculated_chunk' => 7752.0,
  'performance_data' => 
  array (
    'extract' => 
    array (
      0 => 0,
      1 => 18808.5,
      2 => 11306,
      3 => 8645.5,
      4 => 0,
    ),
  ),
  'stack_length' => 5,
)
}------------------------------------------------------------
2026-08-18T20:26:50+00:0000407	8	DEBUG	0.46Mb	1.16Mb	extract_heartbeat
waInstaller::setState
{------------------------------------------------------------
array (
  'start_time' => 1787084808,
  'start_time_float' => 1787084808.627036,
  'elapsed_time' => 0.0,
  'stage' => false,
  'stage_name' => 'extract',
  'state_heartbeat' => 0.03432893753051758,
  'thread_id' => '8',
  'chunk_id' => 'wa-apps/installer',
  'stage_status' => 'heartbeat',
  'timestamp' => 1787084810,
  'timestamp_float' => 1787084810.268704,
  'stage_start_time' => 1787084810.268704,
  'stage_performance' => 59946912.13847041,
  'stage_current_value' => 2057728.0,
  'datetime' => 'Tue, 18 Aug 2026 20:26:50 +0000',
  'stage_value' => 2624000.0,
  'resume' => 
  array (
    'offset' => 4019.0,
    'tar_size' => 5125.0,
  ),
  'debug' => 
  array (
    'block_performance' => 128.0,
    'additional' => NULL,
  ),
)
}------------------------------------------------------------
2026-08-18T20:26:50+00:0000408	8	DEBUG	0.46Mb	1.16Mb	extract_heartbeat
waInstaller::adjustStageChunk
{------------------------------------------------------------
array (
  'current_chunk' => 128.0,
  'calculated_chunk' => 10679.1,
  'performance_data' => 
  array (
    'extract' => 
    array (
      0 => 18808.5,
      1 => 11306,
      2 => 8645.5,
      3 => 0,
      4 => 14635.5,
    ),
  ),
  'stack_length' => 5,
)
}------------------------------------------------------------
2026-08-18T20:26:50+00:0000409	8	TRACE	0.44Mb	1.16Mb	extract_complete
waInstaller::setState
{------------------------------------------------------------
array (
  'start_time' => 1787084808,
  'start_time_float' => 1787084808.627036,
  'elapsed_time' => 0.0,
  'stage' => false,
  'stage_name' => 'extract',
  'state_heartbeat' => 0.006801128387451172,
  'thread_id' => '8',
  'chunk_id' => 'wa-apps/installer',
  'stage_status' => 'complete',
  'timestamp' => 1787084810,
  'timestamp_float' => 1787084810.275504,
  'stage_start_time' => 1787084810.275504,
  'stage_performance' => 0,
  'stage_current_value' => 2057728.0,
  'datetime' => 'Tue, 18 Aug 2026 20:26:50 +0000',
  'stage_value' => 2624000.0,
  'resume' => 
  array (
    'offset' => 4019.0,
    'tar_size' => 5125.0,
  ),
  'debug' => 
  array (
    'block_performance' => 128.0,
    'additional' => NULL,
  ),
)
}------------------------------------------------------------
2026-08-18T20:26:50+00:0000410	8	TRACE	0.44Mb	1.16Mb	extract_heartbeat
waInstaller::setState
{------------------------------------------------------------
array (
  'start_time' => 1787084808,
  'start_time_float' => 1787084808.627036,
  'elapsed_time' => 0.0,
  'stage' => false,
  'stage_name' => 'extract',
  'state_heartbeat' => 0.0006330013275146484,
  'thread_id' => '8',
  'chunk_id' => 'wa-apps/mailer',
  'stage_status' => 'heartbeat',
  'timestamp' => 1787084810,
  'timestamp_float' => 1787084810.276131,
  'stage_start_time' => 1787084810.276131,
  'stage_performance' => 0,
  'stage_current_value' => 0,
  'datetime' => 'Tue, 18 Aug 2026 20:26:50 +0000',
  'stage_value' => 0,
  'resume' => 
  array (
    'offset' => 4019.0,
    'tar_size' => 5125.0,
  ),
  'debug' => 
  array (
    'block_performance' => 128.0,
    'additional' => NULL,
  ),
)
}------------------------------------------------------------
2026-08-18T20:26:50+00:0000411	8	TRACE	0.44Mb	1.16Mb	extract_heartbeat
waInstaller::stageExtract
{------------------------------------------------------------
array (
  'compressed_file' => '/var/www/pharmab2b/httpdocs/wa-sources/wa-apps/mailer.tar.gz',
  'target_path' => 'wa-data/protected/wa-installer/8/update/wa-apps/mailer/',
  'base_path' => 'wa-apps/mailer/',
)
}------------------------------------------------------------
2026-08-18T20:26:50+00:0000412	8	DEBUG	0.46Mb	1.16Mb	extract_heartbeat
waInstaller::setState
{------------------------------------------------------------
array (
  'start_time' => 1787084808,
  'start_time_float' => 1787084808.627036,
  'elapsed_time' => 0.0,
  'stage' => false,
  'stage_name' => 'extract',
  'state_heartbeat' => 0.02067399024963379,
  'thread_id' => '8',
  'chunk_id' => 'wa-apps/mailer',
  'stage_status' => 'heartbeat',
  'timestamp' => 1787084810,
  'timestamp_float' => 1787084810.296801,
  'stage_start_time' => 1787084810.296801,
  'stage_performance' => 0.0,
  'stage_current_value' => 0,
  'datetime' => 'Tue, 18 Aug 2026 20:26:50 +0000',
  'stage_value' => 14169600.0,
  'resume' => 
  array (
    'offset' => NULL,
    'tar_size' => 27675.0,
  ),
  'debug' => 
  array (
    'block_performance' => 128.0,
    'additional' => NULL,
  ),
)
}------------------------------------------------------------
2026-08-18T20:26:50+00:0000413	8	DEBUG	0.46Mb	1.16Mb	extract_heartbeat
waInstaller::adjustStageChunk
{------------------------------------------------------------
array (
  'current_chunk' => 128.0,
  'calculated_chunk' => 6917.4,
  'performance_data' => 
  array (
    'extract' => 
    array (
      0 => 11306,
      1 => 8645.5,
      2 => 0,
      3 => 14635.5,
      4 => 0,
    ),
  ),
  'stack_length' => 5,
)
}------------------------------------------------------------
2026-08-18T20:26:50+00:0000414	8	DEBUG	0.46Mb	1.16Mb	extract_heartbeat
waInstaller::setState
{------------------------------------------------------------
array (
  'start_time' => 1787084808,
  'start_time_float' => 1787084808.627036,
  'elapsed_time' => 0.0,
  'stage' => false,
  'stage_name' => 'extract',
  'state_heartbeat' => 0.031340837478637695,
  'thread_id' => '8',
  'chunk_id' => 'wa-apps/mailer',
  'stage_status' => 'heartbeat',
  'timestamp' => 1787084810,
  'timestamp_float' => 1787084810.328137,
  'stage_start_time' => 1787084810.328137,
  'stage_performance' => 55160880.1178404,
  'stage_current_value' => 1728512.0,
  'datetime' => 'Tue, 18 Aug 2026 20:26:50 +0000',
  'stage_value' => 14169600.0,
  'resume' => 
  array (
    'offset' => 3376.0,
    'tar_size' => 27675.0,
  ),
  'debug' => 
  array (
    'block_performance' => 128.0,
    'additional' => NULL,
  ),
)
}------------------------------------------------------------
2026-08-18T20:26:50+00:0000415	8	DEBUG	0.46Mb	1.16Mb	extract_heartbeat
waInstaller::adjustStageChunk
{------------------------------------------------------------
array (
  'current_chunk' => 128.0,
  'calculated_chunk' => 7349.65,
  'performance_data' => 
  array (
    'extract' => 
    array (
      0 => 8645.5,
      1 => 0,
      2 => 14635.5,
      3 => 0,
      4 => 13467.25,
    ),
  ),
  'stack_length' => 5,
)
}------------------------------------------------------------
2026-08-18T20:26:50+00:0000416	8	DEBUG	0.46Mb	1.16Mb	extract_heartbeat
waInstaller::setState
{------------------------------------------------------------
array (
  'start_time' => 1787084808,
  'start_time_float' => 1787084808.627036,
  'elapsed_time' => 0.0,
  'stage' => false,
  'stage_name' => 'extract',
  'state_heartbeat' => 0.02032303810119629,
  'thread_id' => '8',
  'chunk_id' => 'wa-apps/mailer',
  'stage_status' => 'heartbeat',
  'timestamp' => 1787084810,
  'timestamp_float' => 1787084810.348456,
  'stage_start_time' => 1787084810.348457,
  'stage_performance' => 27113165.367126632,
  'stage_current_value' => 2279424.0,
  'datetime' => 'Tue, 18 Aug 2026 20:26:50 +0000',
  'stage_value' => 14169600.0,
  'resume' => 
  array (
    'offset' => 4452.0,
    'tar_size' => 27675.0,
  ),
  'debug' => 
  array (
    'block_performance' => 128.0,
    'additional' => NULL,
  ),
)
}------------------------------------------------------------
2026-08-18T20:26:50+00:0000417	8	DEBUG	0.46Mb	1.16Mb	extract_heartbeat
waInstaller::adjustStageChunk
{------------------------------------------------------------
array (
  'current_chunk' => 128.0,
  'calculated_chunk' => 6944.45,
  'performance_data' => 
  array (
    'extract' => 
    array (
      0 => 0,
      1 => 14635.5,
      2 => 0,
      3 => 13467.25,
      4 => 6619.5,
    ),
  ),
  'stack_length' => 5,
)
}------------------------------------------------------------
2026-08-18T20:26:50+00:0000418	8	DEBUG	0.46Mb	1.16Mb	extract_heartbeat
waInstaller::setState
{------------------------------------------------------------
array (
  'start_time' => 1787084808,
  'start_time_float' => 1787084808.627036,
  'elapsed_time' => 0.0,
  'stage' => false,
  'stage_name' => 'extract',
  'state_heartbeat' => 0.030614137649536133,
  'thread_id' => '8',
  'chunk_id' => 'wa-apps/mailer',
  'stage_status' => 'heartbeat',
  'timestamp' => 1787084810,
  'timestamp_float' => 1787084810.379045,
  'stage_start_time' => 1787084810.379045,
  'stage_performance' => 30797894.873889323,
  'stage_current_value' => 3221504.0,
  'datetime' => 'Tue, 18 Aug 2026 20:26:50 +0000',
  'stage_value' => 14169600.0,
  'resume' => 
  array (
    'offset' => 6292.0,
    'tar_size' => 27675.0,
  ),
  'debug' => 
  array (
    'block_performance' => 128.0,
    'additional' => NULL,
  ),
)
}------------------------------------------------------------
2026-08-18T20:26:50+00:0000419	8	DEBUG	0.46Mb	1.16Mb	extract_heartbeat
waInstaller::adjustStageChunk
{------------------------------------------------------------
array (
  'current_chunk' => 128.0,
  'calculated_chunk' => 8448.3,
  'performance_data' => 
  array (
    'extract' => 
    array (
      0 => 14635.5,
      1 => 0,
      2 => 13467.25,
      3 => 6619.5,
      4 => 7519.25,
    ),
  ),
  'stack_length' => 5,
)
}------------------------------------------------------------
2026-08-18T20:26:50+00:0000420	8	TRACE	0.44Mb	1.16Mb	extract_complete
waInstaller::setState
{------------------------------------------------------------
array (
  'start_time' => 1787084808,
  'start_time_float' => 1787084808.627036,
  'elapsed_time' => 0.0,
  'stage' => false,
  'stage_name' => 'extract',
  'state_heartbeat' => 0.11727190017700195,
  'thread_id' => '8',
  'chunk_id' => 'wa-apps/mailer',
  'stage_status' => 'complete',
  'timestamp' => 1787084810,
  'timestamp_float' => 1787084810.496312,
  'stage_start_time' => 1787084810.496312,
  'stage_performance' => 0,
  'stage_current_value' => 3221504.0,
  'datetime' => 'Tue, 18 Aug 2026 20:26:50 +0000',
  'stage_value' => 14169600.0,
  'resume' => 
  array (
    'offset' => 6292.0,
    'tar_size' => 27675.0,
  ),
  'debug' => 
  array (
    'block_performance' => 128.0,
    'additional' => NULL,
  ),
)
}------------------------------------------------------------
2026-08-18T20:26:50+00:0000421	8	TRACE	0.44Mb	1.16Mb	extract_heartbeat
waInstaller::setState
{------------------------------------------------------------
array (
  'start_time' => 1787084808,
  'start_time_float' => 1787084808.627036,
  'elapsed_time' => 0.0,
  'stage' => false,
  'stage_name' => 'extract',
  'state_heartbeat' => 0.0009810924530029297,
  'thread_id' => '8',
  'chunk_id' => 'wa-apps/photos',
  'stage_status' => 'heartbeat',
  'timestamp' => 1787084810,
  'timestamp_float' => 1787084810.497286,
  'stage_start_time' => 1787084810.497287,
  'stage_performance' => 0,
  'stage_current_value' => 0,
  'datetime' => 'Tue, 18 Aug 2026 20:26:50 +0000',
  'stage_value' => 0,
  'resume' => 
  array (
    'offset' => 6292.0,
    'tar_size' => 27675.0,
  ),
  'debug' => 
  array (
    'block_performance' => 128.0,
    'additional' => NULL,
  ),
)
}------------------------------------------------------------
2026-08-18T20:26:50+00:0000422	8	TRACE	0.44Mb	1.16Mb	extract_heartbeat
waInstaller::stageExtract
{------------------------------------------------------------
array (
  'compressed_file' => '/var/www/pharmab2b/httpdocs/wa-sources/wa-apps/photos.tar.gz',
  'target_path' => 'wa-data/protected/wa-installer/8/update/wa-apps/photos/',
  'base_path' => 'wa-apps/photos/',
)
}------------------------------------------------------------
2026-08-18T20:26:50+00:0000423	8	DEBUG	0.46Mb	1.16Mb	extract_heartbeat
waInstaller::setState
{------------------------------------------------------------
array (
  'start_time' => 1787084808,
  'start_time_float' => 1787084808.627036,
  'elapsed_time' => 0.0,
  'stage' => false,
  'stage_name' => 'extract',
  'state_heartbeat' => 0.03427886962890625,
  'thread_id' => '8',
  'chunk_id' => 'wa-apps/photos',
  'stage_status' => 'heartbeat',
  'timestamp' => 1787084810,
  'timestamp_float' => 1787084810.531559,
  'stage_start_time' => 1787084810.531559,
  'stage_performance' => 0.0,
  'stage_current_value' => 0,
  'datetime' => 'Tue, 18 Aug 2026 20:26:50 +0000',
  'stage_value' => 3673600.0,
  'resume' => 
  array (
    'offset' => NULL,
    'tar_size' => 7175.0,
  ),
  'debug' => 
  array (
    'block_performance' => 128.0,
    'additional' => NULL,
  ),
)
}------------------------------------------------------------
2026-08-18T20:26:50+00:0000424	8	DEBUG	0.46Mb	1.16Mb	extract_heartbeat
waInstaller::adjustStageChunk
{------------------------------------------------------------
array (
  'current_chunk' => 128.0,
  'calculated_chunk' => 5521.2,
  'performance_data' => 
  array (
    'extract' => 
    array (
      0 => 0,
      1 => 13467.25,
      2 => 6619.5,
      3 => 7519.25,
      4 => 0,
    ),
  ),
  'stack_length' => 5,
)
}------------------------------------------------------------
2026-08-18T20:26:50+00:0000425	8	DEBUG	0.46Mb	1.16Mb	extract_heartbeat
waInstaller::setState
{------------------------------------------------------------
array (
  'start_time' => 1787084808,
  'start_time_float' => 1787084808.627036,
  'elapsed_time' => 0.0,
  'stage' => false,
  'stage_name' => 'extract',
  'state_heartbeat' => 0.03191995620727539,
  'thread_id' => '8',
  'chunk_id' => 'wa-apps/photos',
  'stage_status' => 'heartbeat',
  'timestamp' => 1787084810,
  'timestamp_float' => 1787084810.563475,
  'stage_start_time' => 1787084810.563475,
  'stage_performance' => 71564072.41420834,
  'stage_current_value' => 2284032.0,
  'datetime' => 'Tue, 18 Aug 2026 20:26:50 +0000',
  'stage_value' => 3673600.0,
  'resume' => 
  array (
    'offset' => 4461.0,
    'tar_size' => 7175.0,
  ),
  'debug' => 
  array (
    'block_performance' => 128.0,
    'additional' => NULL,
  ),
)
}------------------------------------------------------------
2026-08-18T20:26:50+00:0000426	8	DEBUG	0.46Mb	1.16Mb	extract_heartbeat
waInstaller::adjustStageChunk
{------------------------------------------------------------
array (
  'current_chunk' => 128.0,
  'calculated_chunk' => 9015.55,
  'performance_data' => 
  array (
    'extract' => 
    array (
      0 => 13467.25,
      1 => 6619.5,
      2 => 7519.25,
      3 => 0,
      4 => 17471.75,
    ),
  ),
  'stack_length' => 5,
)
}------------------------------------------------------------
2026-08-18T20:26:50+00:0000427	8	DEBUG	0.46Mb	1.16Mb	extract_heartbeat
waInstaller::setState
{------------------------------------------------------------
array (
  'start_time' => 1787084808,
  'start_time_float' => 1787084808.627036,
  'elapsed_time' => 0.0,
  'stage' => false,
  'stage_name' => 'extract',
  'state_heartbeat' => 0.01635122299194336,
  'thread_id' => '8',
  'chunk_id' => 'wa-apps/photos',
  'stage_status' => 'heartbeat',
  'timestamp' => 1787084810,
  'timestamp_float' => 1787084810.579823,
  'stage_start_time' => 1787084810.579823,
  'stage_performance' => 29846605.85022386,
  'stage_current_value' => 2771968.0,
  'datetime' => 'Tue, 18 Aug 2026 20:26:50 +0000',
  'stage_value' => 3673600.0,
  'resume' => 
  array (
    'offset' => 5414.0,
    'tar_size' => 7175.0,
  ),
  'debug' => 
  array (
    'block_performance' => 128.0,
    'additional' => NULL,
  ),
)
}------------------------------------------------------------
2026-08-18T20:26:50+00:0000428	8	DEBUG	0.46Mb	1.16Mb	extract_heartbeat
waInstaller::adjustStageChunk
{------------------------------------------------------------
array (
  'current_chunk' => 128.0,
  'calculated_chunk' => 7779.5,
  'performance_data' => 
  array (
    'extract' => 
    array (
      0 => 6619.5,
      1 => 7519.25,
      2 => 0,
      3 => 17471.75,
      4 => 7287,
    ),
  ),
  'stack_length' => 5,
)
}------------------------------------------------------------
2026-08-18T20:26:50+00:0000429	8	TRACE	0.44Mb	1.16Mb	extract_complete
waInstaller::setState
{------------------------------------------------------------
array (
  'start_time' => 1787084808,
  'start_time_float' => 1787084808.627036,
  'elapsed_time' => 0.0,
  'stage' => false,
  'stage_name' => 'extract',
  'state_heartbeat' => 0.01655888557434082,
  'thread_id' => '8',
  'chunk_id' => 'wa-apps/photos',
  'stage_status' => 'complete',
  'timestamp' => 1787084810,
  'timestamp_float' => 1787084810.596377,
  'stage_start_time' => 1787084810.596378,
  'stage_performance' => 0,
  'stage_current_value' => 2771968.0,
  'datetime' => 'Tue, 18 Aug 2026 20:26:50 +0000',
  'stage_value' => 3673600.0,
  'resume' => 
  array (
    'offset' => 5414.0,
    'tar_size' => 7175.0,
  ),
  'debug' => 
  array (
    'block_performance' => 128.0,
    'additional' => NULL,
  ),
)
}------------------------------------------------------------
2026-08-18T20:26:50+00:0000430	8	TRACE	0.44Mb	1.16Mb	extract_heartbeat
waInstaller::setState
{------------------------------------------------------------
array (
  'start_time' => 1787084808,
  'start_time_float' => 1787084808.627036,
  'elapsed_time' => 0.0,
  'stage' => false,
  'stage_name' => 'extract',
  'state_heartbeat' => 0.001043081283569336,
  'thread_id' => '8',
  'chunk_id' => 'wa-apps/shop',
  'stage_status' => 'heartbeat',
  'timestamp' => 1787084810,
  'timestamp_float' => 1787084810.597409,
  'stage_start_time' => 1787084810.597409,
  'stage_performance' => 0,
  'stage_current_value' => 0,
  'datetime' => 'Tue, 18 Aug 2026 20:26:50 +0000',
  'stage_value' => 0,
  'resume' => 
  array (
    'offset' => 5414.0,
    'tar_size' => 7175.0,
  ),
  'debug' => 
  array (
    'block_performance' => 128.0,
    'additional' => NULL,
  ),
)
}------------------------------------------------------------
2026-08-18T20:26:50+00:0000431	8	TRACE	0.44Mb	1.16Mb	extract_heartbeat
waInstaller::stageExtract
{------------------------------------------------------------
array (
  'compressed_file' => '/var/www/pharmab2b/httpdocs/wa-sources/wa-apps/shop.tar.gz',
  'target_path' => 'wa-data/protected/wa-installer/8/update/wa-apps/shop/',
  'base_path' => 'wa-apps/shop/',
)
}------------------------------------------------------------
2026-08-18T20:26:50+00:0000432	8	DEBUG	0.46Mb	1.16Mb	extract_heartbeat
waInstaller::setState
{------------------------------------------------------------
array (
  'start_time' => 1787084808,
  'start_time_float' => 1787084808.627036,
  'elapsed_time' => 0.0,
  'stage' => false,
  'stage_name' => 'extract',
  'state_heartbeat' => 0.10779309272766113,
  'thread_id' => '8',
  'chunk_id' => 'wa-apps/shop',
  'stage_status' => 'heartbeat',
  'timestamp' => 1787084810,
  'timestamp_float' => 1787084810.705196,
  'stage_start_time' => 1787084810.705197,
  'stage_performance' => 0.0,
  'stage_current_value' => 0,
  'datetime' => 'Tue, 18 Aug 2026 20:26:50 +0000',
  'stage_value' => 36211200.0,
  'resume' => 
  array (
    'offset' => NULL,
    'tar_size' => 70725.0,
  ),
  'debug' => 
  array (
    'block_performance' => 128.0,
    'additional' => NULL,
  ),
)
}------------------------------------------------------------
2026-08-18T20:26:50+00:0000433	8	DEBUG	0.46Mb	1.16Mb	extract_heartbeat
waInstaller::adjustStageChunk
{------------------------------------------------------------
array (
  'current_chunk' => 128.0,
  'calculated_chunk' => 6455.6,
  'performance_data' => 
  array (
    'extract' => 
    array (
      0 => 7519.25,
      1 => 0,
      2 => 17471.75,
      3 => 7287,
      4 => 0,
    ),
  ),
  'stack_length' => 5,
)
}------------------------------------------------------------
2026-08-18T20:26:50+00:0000434	8	DEBUG	0.46Mb	1.16Mb	extract_heartbeat
waInstaller::setState
{------------------------------------------------------------
array (
  'start_time' => 1787084808,
  'start_time_float' => 1787084808.627036,
  'elapsed_time' => 0.0,
  'stage' => false,
  'stage_name' => 'extract',
  'state_heartbeat' => 0.010535001754760742,
  'thread_id' => '8',
  'chunk_id' => 'wa-apps/shop',
  'stage_status' => 'heartbeat',
  'timestamp' => 1787084810,
  'timestamp_float' => 1787084810.715728,
  'stage_start_time' => 1787084810.715729,
  'stage_performance' => 49731200.26947369,
  'stage_current_value' => 523776.0,
  'datetime' => 'Tue, 18 Aug 2026 20:26:50 +0000',
  'stage_value' => 36211200.0,
  'resume' => 
  array (
    'offset' => 1023.0,
    'tar_size' => 70725.0,
  ),
  'debug' => 
  array (
    'block_performance' => 128.0,
    'additional' => NULL,
  ),
)
}------------------------------------------------------------
2026-08-18T20:26:50+00:0000435	8	DEBUG	0.46Mb	1.16Mb	extract_heartbeat
waInstaller::adjustStageChunk
{------------------------------------------------------------
array (
  'current_chunk' => 128.0,
  'calculated_chunk' => 7380.05,
  'performance_data' => 
  array (
    'extract' => 
    array (
      0 => 0,
      1 => 17471.75,
      2 => 7287,
      3 => 0,
      4 => 12141.5,
    ),
  ),
  'stack_length' => 5,
)
}------------------------------------------------------------
2026-08-18T20:26:50+00:0000436	8	DEBUG	0.46Mb	1.16Mb	extract_heartbeat
waInstaller::setState
{------------------------------------------------------------
array (
  'start_time' => 1787084808,
  'start_time_float' => 1787084808.627036,
  'elapsed_time' => 0.0,
  'stage' => false,
  'stage_name' => 'extract',
  'state_heartbeat' => 0.04521584510803223,
  'thread_id' => '8',
  'chunk_id' => 'wa-apps/shop',
  'stage_status' => 'heartbeat',
  'timestamp' => 1787084810,
  'timestamp_float' => 1787084810.76094,
  'stage_start_time' => 1787084810.76094,
  'stage_performance' => 79803184.40068975,
  'stage_current_value' => 4131840.0,
  'datetime' => 'Tue, 18 Aug 2026 20:26:50 +0000',
  'stage_value' => 36211200.0,
  'resume' => 
  array (
    'offset' => 8070.0,
    'tar_size' => 70725.0,
  ),
  'debug' => 
  array (
    'block_performance' => 128.0,
    'additional' => NULL,
  ),
)
}------------------------------------------------------------
2026-08-18T20:26:50+00:0000437	8	DEBUG	0.46Mb	1.16Mb	extract_heartbeat
waInstaller::adjustStageChunk
{------------------------------------------------------------
array (
  'current_chunk' => 128.0,
  'calculated_chunk' => 11276.7,
  'performance_data' => 
  array (
    'extract' => 
    array (
      0 => 17471.75,
      1 => 7287,
      2 => 0,
      3 => 12141.5,
      4 => 19483.25,
    ),
  ),
  'stack_length' => 5,
)
}------------------------------------------------------------
2026-08-18T20:26:50+00:0000438	8	DEBUG	0.46Mb	1.16Mb	extract_heartbeat
waInstaller::setState
{------------------------------------------------------------
array (
  'start_time' => 1787084808,
  'start_time_float' => 1787084808.627036,
  'elapsed_time' => 0.0,
  'stage' => false,
  'stage_name' => 'extract',
  'state_heartbeat' => 0.04999184608459473,
  'thread_id' => '8',
  'chunk_id' => 'wa-apps/shop',
  'stage_status' => 'heartbeat',
  'timestamp' => 1787084810,
  'timestamp_float' => 1787084810.810927,
  'stage_start_time' => 1787084810.810928,
  'stage_performance' => 77004588.69438139,
  'stage_current_value' => 7981056.0,
  'datetime' => 'Tue, 18 Aug 2026 20:26:50 +0000',
  'stage_value' => 36211200.0,
  'resume' => 
  array (
    'offset' => 15588.0,
    'tar_size' => 70725.0,
  ),
  'debug' => 
  array (
    'block_performance' => 128.0,
    'additional' => NULL,
  ),
)
}------------------------------------------------------------
2026-08-18T20:26:50+00:0000439	8	DEBUG	0.46Mb	1.16Mb	extract_heartbeat
waInstaller::adjustStageChunk
{------------------------------------------------------------
array (
  'current_chunk' => 128.0,
  'calculated_chunk' => 11542.35,
  'performance_data' => 
  array (
    'extract' => 
    array (
      0 => 7287,
      1 => 0,
      2 => 12141.5,
      3 => 19483.25,
      4 => 18800,
    ),
  ),
  'stack_length' => 5,
)
}------------------------------------------------------------
2026-08-18T20:26:50+00:0000440	8	DEBUG	0.46Mb	1.16Mb	extract_heartbeat
waInstaller::setState
{------------------------------------------------------------
array (
  'start_time' => 1787084808,
  'start_time_float' => 1787084808.627036,
  'elapsed_time' => 0.0,
  'stage' => false,
  'stage_name' => 'extract',
  'state_heartbeat' => 0.12418508529663086,
  'thread_id' => '8',
  'chunk_id' => 'wa-apps/shop',
  'stage_status' => 'heartbeat',
  'timestamp' => 1787084810,
  'timestamp_float' => 1787084810.935108,
  'stage_start_time' => 1787084810.935108,
  'stage_performance' => 40240606.09131559,
  'stage_current_value' => 12978176.0,
  'datetime' => 'Tue, 18 Aug 2026 20:26:50 +0000',
  'stage_value' => 36211200.0,
  'resume' => 
  array (
    'offset' => 25348.0,
    'tar_size' => 70725.0,
  ),
  'debug' => 
  array (
    'block_performance' => 128.0,
    'additional' => NULL,
  ),
)
}------------------------------------------------------------
2026-08-18T20:26:50+00:0000441	8	DEBUG	0.46Mb	1.16Mb	extract_heartbeat
waInstaller::adjustStageChunk
{------------------------------------------------------------
array (
  'current_chunk' => 128.0,
  'calculated_chunk' => 12049.85,
  'performance_data' => 
  array (
    'extract' => 
    array (
      0 => 0,
      1 => 12141.5,
      2 => 19483.25,
      3 => 18800,
      4 => 9824.5,
    ),
  ),
  'stack_length' => 5,
)
}------------------------------------------------------------
2026-08-18T20:26:51+00:0000442	8	DEBUG	0.46Mb	1.16Mb	extract_heartbeat
waInstaller::setState
{------------------------------------------------------------
array (
  'start_time' => 1787084808,
  'start_time_float' => 1787084808.627036,
  'elapsed_time' => 0.0,
  'stage' => false,
  'stage_name' => 'extract',
  'state_heartbeat' => 0.07174396514892578,
  'thread_id' => '8',
  'chunk_id' => 'wa-apps/shop',
  'stage_status' => 'heartbeat',
  'timestamp' => 1787084811,
  'timestamp_float' => 1787084811.006847,
  'stage_start_time' => 1787084811.006848,
  'stage_performance' => 96277952.14782566,
  'stage_current_value' => 19885056.0,
  'datetime' => 'Tue, 18 Aug 2026 20:26:50 +0000',
  'stage_value' => 36211200.0,
  'resume' => 
  array (
    'offset' => 38838.0,
    'tar_size' => 70725.0,
  ),
  'debug' => 
  array (
    'block_performance' => 128.0,
    'additional' => NULL,
  ),
)
}------------------------------------------------------------
2026-08-18T20:26:51+00:0000443	8	DEBUG	0.46Mb	1.16Mb	extract_heartbeat
waInstaller::adjustStageChunk
{------------------------------------------------------------
array (
  'current_chunk' => 128.0,
  'calculated_chunk' => 16750.95,
  'performance_data' => 
  array (
    'extract' => 
    array (
      0 => 12141.5,
      1 => 19483.25,
      2 => 18800,
      3 => 9824.5,
      4 => 23505.5,
    ),
  ),
  'stack_length' => 5,
)
}------------------------------------------------------------
2026-08-18T20:26:51+00:0000444	8	DEBUG	0.46Mb	1.16Mb	extract_heartbeat
waInstaller::setState
{------------------------------------------------------------
array (
  'start_time' => 1787084808,
  'start_time_float' => 1787084808.627036,
  'elapsed_time' => 0.0,
  'stage' => false,
  'stage_name' => 'extract',
  'state_heartbeat' => 0.019759178161621094,
  'thread_id' => '8',
  'chunk_id' => 'wa-apps/shop',
  'stage_status' => 'heartbeat',
  'timestamp' => 1787084811,
  'timestamp_float' => 1787084811.026601,
  'stage_start_time' => 1787084811.026602,
  'stage_performance' => 52148175.72597912,
  'stage_current_value' => 20915200.0,
  'datetime' => 'Tue, 18 Aug 2026 20:26:50 +0000',
  'stage_value' => 36211200.0,
  'resume' => 
  array (
    'offset' => 40850.0,
    'tar_size' => 70725.0,
  ),
  'debug' => 
  array (
    'block_performance' => 128.0,
    'additional' => NULL,
  ),
)
}------------------------------------------------------------
2026-08-18T20:26:51+00:0000445	8	DEBUG	0.46Mb	1.16Mb	extract_heartbeat
waInstaller::adjustStageChunk
{------------------------------------------------------------
array (
  'current_chunk' => 128.0,
  'calculated_chunk' => 16868.95,
  'performance_data' => 
  array (
    'extract' => 
    array (
      0 => 19483.25,
      1 => 18800,
      2 => 9824.5,
      3 => 23505.5,
      4 => 12731.5,
    ),
  ),
  'stack_length' => 5,
)
}------------------------------------------------------------
2026-08-18T20:26:51+00:0000446	8	DEBUG	0.46Mb	1.16Mb	extract_heartbeat
waInstaller::setState
{------------------------------------------------------------
array (
  'start_time' => 1787084808,
  'start_time_float' => 1787084808.627036,
  'elapsed_time' => 0.0,
  'stage' => false,
  'stage_name' => 'extract',
  'state_heartbeat' => 0.0164029598236084,
  'thread_id' => '8',
  'chunk_id' => 'wa-apps/shop',
  'stage_status' => 'heartbeat',
  'timestamp' => 1787084811,
  'timestamp_float' => 1787084811.043,
  'stage_start_time' => 1787084811.043001,
  'stage_performance' => 35842389.402808875,
  'stage_current_value' => 21502976.0,
  'datetime' => 'Tue, 18 Aug 2026 20:26:50 +0000',
  'stage_value' => 36211200.0,
  'resume' => 
  array (
    'offset' => 41998.0,
    'tar_size' => 70725.0,
  ),
  'debug' => 
  array (
    'block_performance' => 128.0,
    'additional' => NULL,
  ),
)
}------------------------------------------------------------
2026-08-18T20:26:51+00:0000447	8	DEBUG	0.46Mb	1.16Mb	extract_heartbeat
waInstaller::adjustStageChunk
{------------------------------------------------------------
array (
  'current_chunk' => 128.0,
  'calculated_chunk' => 14722.45,
  'performance_data' => 
  array (
    'extract' => 
    array (
      0 => 18800,
      1 => 9824.5,
      2 => 23505.5,
      3 => 12731.5,
      4 => 8750.75,
    ),
  ),
  'stack_length' => 5,
)
}------------------------------------------------------------
2026-08-18T20:26:51+00:0000448	8	DEBUG	0.46Mb	1.16Mb	extract_heartbeat
waInstaller::setState
{------------------------------------------------------------
array (
  'start_time' => 1787084808,
  'start_time_float' => 1787084808.627036,
  'elapsed_time' => 0.0,
  'stage' => false,
  'stage_name' => 'extract',
  'state_heartbeat' => 0.01596999168395996,
  'thread_id' => '8',
  'chunk_id' => 'wa-apps/shop',
  'stage_status' => 'heartbeat',
  'timestamp' => 1787084811,
  'timestamp_float' => 1787084811.058966,
  'stage_start_time' => 1787084811.058966,
  'stage_performance' => 37006781.49795418,
  'stage_current_value' => 22093824.0,
  'datetime' => 'Tue, 18 Aug 2026 20:26:50 +0000',
  'stage_value' => 36211200.0,
  'resume' => 
  array (
    'offset' => 43152.0,
    'tar_size' => 70725.0,
  ),
  'debug' => 
  array (
    'block_performance' => 128.0,
    'additional' => NULL,
  ),
)
}------------------------------------------------------------
2026-08-18T20:26:51+00:0000449	8	DEBUG	0.46Mb	1.16Mb	extract_heartbeat
waInstaller::adjustStageChunk
{------------------------------------------------------------
array (
  'current_chunk' => 128.0,
  'calculated_chunk' => 12769.45,
  'performance_data' => 
  array (
    'extract' => 
    array (
      0 => 9824.5,
      1 => 23505.5,
      2 => 12731.5,
      3 => 8750.75,
      4 => 9035,
    ),
  ),
  'stack_length' => 5,
)
}------------------------------------------------------------
2026-08-18T20:26:51+00:0000450	8	DEBUG	0.46Mb	1.16Mb	extract_heartbeat
waInstaller::setState
{------------------------------------------------------------
array (
  'start_time' => 1787084808,
  'start_time_float' => 1787084808.627036,
  'elapsed_time' => 0.0,
  'stage' => false,
  'stage_name' => 'extract',
  'state_heartbeat' => 0.015954017639160156,
  'thread_id' => '8',
  'chunk_id' => 'wa-apps/shop',
  'stage_status' => 'heartbeat',
  'timestamp' => 1787084811,
  'timestamp_float' => 1787084811.074916,
  'stage_start_time' => 1787084811.074917,
  'stage_performance' => 32934994.88554388,
  'stage_current_value' => 22619136.0,
  'datetime' => 'Tue, 18 Aug 2026 20:26:50 +0000',
  'stage_value' => 36211200.0,
  'resume' => 
  array (
    'offset' => 44178.0,
    'tar_size' => 70725.0,
  ),
  'debug' => 
  array (
    'block_performance' => 128.0,
    'additional' => NULL,
  ),
)
}------------------------------------------------------------
2026-08-18T20:26:51+00:0000451	8	DEBUG	0.46Mb	1.16Mb	extract_heartbeat
waInstaller::adjustStageChunk
{------------------------------------------------------------
array (
  'current_chunk' => 128.0,
  'calculated_chunk' => 12412.75,
  'performance_data' => 
  array (
    'extract' => 
    array (
      0 => 23505.5,
      1 => 12731.5,
      2 => 8750.75,
      3 => 9035,
      4 => 8041,
    ),
  ),
  'stack_length' => 5,
)
}------------------------------------------------------------
2026-08-18T20:26:51+00:0000452	8	DEBUG	0.46Mb	1.16Mb	extract_heartbeat
waInstaller::setState
{------------------------------------------------------------
array (
  'start_time' => 1787084808,
  'start_time_float' => 1787084808.627036,
  'elapsed_time' => 0.0,
  'stage' => false,
  'stage_name' => 'extract',
  'state_heartbeat' => 0.019759178161621094,
  'thread_id' => '8',
  'chunk_id' => 'wa-apps/shop',
  'stage_status' => 'heartbeat',
  'timestamp' => 1787084811,
  'timestamp_float' => 1787084811.09467,
  'stage_start_time' => 1787084811.094671,
  'stage_performance' => 52303687.1844065,
  'stage_current_value' => 23652352.0,
  'datetime' => 'Tue, 18 Aug 2026 20:26:50 +0000',
  'stage_value' => 36211200.0,
  'resume' => 
  array (
    'offset' => 46196.0,
    'tar_size' => 70725.0,
  ),
  'debug' => 
  array (
    'block_performance' => 128.0,
    'additional' => NULL,
  ),
)
}------------------------------------------------------------
2026-08-18T20:26:51+00:0000453	8	DEBUG	0.46Mb	1.16Mb	extract_heartbeat
waInstaller::adjustStageChunk
{------------------------------------------------------------
array (
  'current_chunk' => 128.0,
  'calculated_chunk' => 10265.55,
  'performance_data' => 
  array (
    'extract' => 
    array (
      0 => 12731.5,
      1 => 8750.75,
      2 => 9035,
      3 => 8041,
      4 => 12769.5,
    ),
  ),
  'stack_length' => 5,
)
}------------------------------------------------------------
2026-08-18T20:26:51+00:0000454	8	DEBUG	0.46Mb	1.16Mb	extract_heartbeat
waInstaller::setState
{------------------------------------------------------------
array (
  'start_time' => 1787084808,
  'start_time_float' => 1787084808.627036,
  'elapsed_time' => 0.0,
  'stage' => false,
  'stage_name' => 'extract',
  'state_heartbeat' => 0.026356935501098633,
  'thread_id' => '8',
  'chunk_id' => 'wa-apps/shop',
  'stage_status' => 'heartbeat',
  'timestamp' => 1787084811,
  'timestamp_float' => 1787084811.121022,
  'stage_start_time' => 1787084811.121022,
  'stage_performance' => 62348681.1163868,
  'stage_current_value' => 25295360.0,
  'datetime' => 'Tue, 18 Aug 2026 20:26:50 +0000',
  'stage_value' => 36211200.0,
  'resume' => 
  array (
    'offset' => 49405.0,
    'tar_size' => 70725.0,
  ),
  'debug' => 
  array (
    'block_performance' => 128.0,
    'additional' => NULL,
  ),
)
}------------------------------------------------------------
2026-08-18T20:26:51+00:0000455	8	DEBUG	0.46Mb	1.16Mb	extract_heartbeat
waInstaller::adjustStageChunk
{------------------------------------------------------------
array (
  'current_chunk' => 128.0,
  'calculated_chunk' => 10763.65,
  'performance_data' => 
  array (
    'extract' => 
    array (
      0 => 8750.75,
      1 => 9035,
      2 => 8041,
      3 => 12769.5,
      4 => 15222,
    ),
  ),
  'stack_length' => 5,
)
}------------------------------------------------------------
2026-08-18T20:26:51+00:0000456	8	DEBUG	0.46Mb	1.16Mb	extract_heartbeat
waInstaller::setState
{------------------------------------------------------------
array (
  'start_time' => 1787084808,
  'start_time_float' => 1787084808.627036,
  'elapsed_time' => 0.0,
  'stage' => false,
  'stage_name' => 'extract',
  'state_heartbeat' => 0.028063058853149414,
  'thread_id' => '8',
  'chunk_id' => 'wa-apps/shop',
  'stage_status' => 'heartbeat',
  'timestamp' => 1787084811,
  'timestamp_float' => 1787084811.149081,
  'stage_start_time' => 1787084811.149081,
  'stage_performance' => 39669545.32961729,
  'stage_current_value' => 26408448.0,
  'datetime' => 'Tue, 18 Aug 2026 20:26:50 +0000',
  'stage_value' => 36211200.0,
  'resume' => 
  array (
    'offset' => 51579.0,
    'tar_size' => 70725.0,
  ),
  'debug' => 
  array (
    'block_performance' => 128.0,
    'additional' => NULL,
  ),
)
}------------------------------------------------------------
2026-08-18T20:26:51+00:0000457	8	DEBUG	0.46Mb	1.16Mb	extract_heartbeat
waInstaller::adjustStageChunk
{------------------------------------------------------------
array (
  'current_chunk' => 128.0,
  'calculated_chunk' => 10950.5,
  'performance_data' => 
  array (
    'extract' => 
    array (
      0 => 9035,
      1 => 8041,
      2 => 12769.5,
      3 => 15222,
      4 => 9685,
    ),
  ),
  'stack_length' => 5,
)
}------------------------------------------------------------
2026-08-18T20:26:51+00:0000458	8	DEBUG	0.46Mb	1.16Mb	extract_heartbeat
waInstaller::setState
{------------------------------------------------------------
array (
  'start_time' => 1787084808,
  'start_time_float' => 1787084808.627036,
  'elapsed_time' => 0.0,
  'stage' => false,
  'stage_name' => 'extract',
  'state_heartbeat' => 0.028393983840942383,
  'thread_id' => '8',
  'chunk_id' => 'wa-apps/shop',
  'stage_status' => 'heartbeat',
  'timestamp' => 1787084811,
  'timestamp_float' => 1787084811.177471,
  'stage_start_time' => 1787084811.177472,
  'stage_performance' => 6149786.052336323,
  'stage_current_value' => 26583040.0,
  'datetime' => 'Tue, 18 Aug 2026 20:26:50 +0000',
  'stage_value' => 36211200.0,
  'resume' => 
  array (
    'offset' => 51920.0,
    'tar_size' => 70725.0,
  ),
  'debug' => 
  array (
    'block_performance' => 128.0,
    'additional' => NULL,
  ),
)
}------------------------------------------------------------
2026-08-18T20:26:51+00:0000459	8	DEBUG	0.46Mb	1.16Mb	extract_heartbeat
waInstaller::adjustStageChunk
{------------------------------------------------------------
array (
  'current_chunk' => 128.0,
  'calculated_chunk' => 9443.8,
  'performance_data' => 
  array (
    'extract' => 
    array (
      0 => 8041,
      1 => 12769.5,
      2 => 15222,
      3 => 9685,
      4 => 1501.5,
    ),
  ),
  'stack_length' => 5,
)
}------------------------------------------------------------
2026-08-18T20:26:51+00:0000460	8	DEBUG	0.46Mb	1.16Mb	extract_heartbeat
waInstaller::setState
{------------------------------------------------------------
array (
  'start_time' => 1787084808,
  'start_time_float' => 1787084808.627036,
  'elapsed_time' => 0.0,
  'stage' => false,
  'stage_name' => 'extract',
  'state_heartbeat' => 0.016803979873657227,
  'thread_id' => '8',
  'chunk_id' => 'wa-apps/shop',
  'stage_status' => 'heartbeat',
  'timestamp' => 1787084811,
  'timestamp_float' => 1787084811.194272,
  'stage_start_time' => 1787084811.194272,
  'stage_performance' => 27914331.43038783,
  'stage_current_value' => 27052032.0,
  'datetime' => 'Tue, 18 Aug 2026 20:26:50 +0000',
  'stage_value' => 36211200.0,
  'resume' => 
  array (
    'offset' => 52836.0,
    'tar_size' => 70725.0,
  ),
  'debug' => 
  array (
    'block_performance' => 128.0,
    'additional' => NULL,
  ),
)
}------------------------------------------------------------
2026-08-18T20:26:51+00:0000461	8	DEBUG	0.46Mb	1.16Mb	extract_heartbeat
waInstaller::adjustStageChunk
{------------------------------------------------------------
array (
  'current_chunk' => 128.0,
  'calculated_chunk' => 9198.65,
  'performance_data' => 
  array (
    'extract' => 
    array (
      0 => 12769.5,
      1 => 15222,
      2 => 9685,
      3 => 1501.5,
      4 => 6815.25,
    ),
  ),
  'stack_length' => 5,
)
}------------------------------------------------------------
2026-08-18T20:26:51+00:0000462	8	DEBUG	0.46Mb	1.16Mb	extract_heartbeat
waInstaller::setState
{------------------------------------------------------------
array (
  'start_time' => 1787084808,
  'start_time_float' => 1787084808.627036,
  'elapsed_time' => 0.0,
  'stage' => false,
  'stage_name' => 'extract',
  'state_heartbeat' => 0.037901878356933594,
  'thread_id' => '8',
  'chunk_id' => 'wa-apps/shop',
  'stage_status' => 'heartbeat',
  'timestamp' => 1787084811,
  'timestamp_float' => 1787084811.23217,
  'stage_start_time' => 1787084811.23217,
  'stage_performance' => 73710151.13294245,
  'stage_current_value' => 29845504.0,
  'datetime' => 'Tue, 18 Aug 2026 20:26:50 +0000',
  'stage_value' => 36211200.0,
  'resume' => 
  array (
    'offset' => 58292.0,
    'tar_size' => 70725.0,
  ),
  'debug' => 
  array (
    'block_performance' => 128.0,
    'additional' => NULL,
  ),
)
}------------------------------------------------------------
2026-08-18T20:26:51+00:0000463	8	DEBUG	0.46Mb	1.16Mb	extract_heartbeat
waInstaller::adjustStageChunk
{------------------------------------------------------------
array (
  'current_chunk' => 128.0,
  'calculated_chunk' => 10243.9,
  'performance_data' => 
  array (
    'extract' => 
    array (
      0 => 15222,
      1 => 9685,
      2 => 1501.5,
      3 => 6815.25,
      4 => 17995.75,
    ),
  ),
  'stack_length' => 5,
)
}------------------------------------------------------------
2026-08-18T20:26:51+00:0000464	8	DEBUG	0.46Mb	1.16Mb	extract_heartbeat
waInstaller::setState
{------------------------------------------------------------
array (
  'start_time' => 1787084808,
  'start_time_float' => 1787084808.627036,
  'elapsed_time' => 0.0,
  'stage' => false,
  'stage_name' => 'extract',
  'state_heartbeat' => 0.02376580238342285,
  'thread_id' => '8',
  'chunk_id' => 'wa-apps/shop',
  'stage_status' => 'heartbeat',
  'timestamp' => 1787084811,
  'timestamp_float' => 1787084811.255932,
  'stage_start_time' => 1787084811.255933,
  'stage_performance' => 52854837.5913711,
  'stage_current_value' => 31101440.0,
  'datetime' => 'Tue, 18 Aug 2026 20:26:50 +0000',
  'stage_value' => 36211200.0,
  'resume' => 
  array (
    'offset' => 60745.0,
    'tar_size' => 70725.0,
  ),
  'debug' => 
  array (
    'block_performance' => 128.0,
    'additional' => NULL,
  ),
)
}------------------------------------------------------------
2026-08-18T20:26:51+00:0000465	8	DEBUG	0.46Mb	1.16Mb	extract_heartbeat
waInstaller::adjustStageChunk
{------------------------------------------------------------
array (
  'current_chunk' => 128.0,
  'calculated_chunk' => 9780.35,
  'performance_data' => 
  array (
    'extract' => 
    array (
      0 => 9685,
      1 => 1501.5,
      2 => 6815.25,
      3 => 17995.75,
      4 => 12904.25,
    ),
  ),
  'stack_length' => 5,
)
}------------------------------------------------------------
2026-08-18T20:26:51+00:0000466	8	DEBUG	0.46Mb	1.16Mb	extract_heartbeat
waInstaller::setState
{------------------------------------------------------------
array (
  'start_time' => 1787084808,
  'start_time_float' => 1787084808.627036,
  'elapsed_time' => 0.0,
  'stage' => false,
  'stage_name' => 'extract',
  'state_heartbeat' => 0.023588895797729492,
  'thread_id' => '8',
  'chunk_id' => 'wa-apps/shop',
  'stage_status' => 'heartbeat',
  'timestamp' => 1787084811,
  'timestamp_float' => 1787084811.279517,
  'stage_start_time' => 1787084811.279518,
  'stage_performance' => 60849928.886840135,
  'stage_current_value' => 32536576.0,
  'datetime' => 'Tue, 18 Aug 2026 20:26:50 +0000',
  'stage_value' => 36211200.0,
  'resume' => 
  array (
    'offset' => 63548.0,
    'tar_size' => 70725.0,
  ),
  'debug' => 
  array (
    'block_performance' => 128.0,
    'additional' => NULL,
  ),
)
}------------------------------------------------------------
2026-08-18T20:26:51+00:0000467	8	DEBUG	0.46Mb	1.16Mb	extract_heartbeat
waInstaller::adjustStageChunk
{------------------------------------------------------------
array (
  'current_chunk' => 128.0,
  'calculated_chunk' => 10814.55,
  'performance_data' => 
  array (
    'extract' => 
    array (
      0 => 1501.5,
      1 => 6815.25,
      2 => 17995.75,
      3 => 12904.25,
      4 => 14856,
    ),
  ),
  'stack_length' => 5,
)
}------------------------------------------------------------
2026-08-18T20:26:51+00:0000468	8	DEBUG	0.46Mb	1.16Mb	extract_heartbeat
waInstaller::setState
{------------------------------------------------------------
array (
  'start_time' => 1787084808,
  'start_time_float' => 1787084808.627036,
  'elapsed_time' => 0.0,
  'stage' => false,
  'stage_name' => 'extract',
  'state_heartbeat' => 0.01951313018798828,
  'thread_id' => '8',
  'chunk_id' => 'wa-apps/shop',
  'stage_status' => 'heartbeat',
  'timestamp' => 1787084811,
  'timestamp_float' => 1787084811.299026,
  'stage_start_time' => 1787084811.299027,
  'stage_performance' => 57684738.02417295,
  'stage_current_value' => 33661952.0,
  'datetime' => 'Tue, 18 Aug 2026 20:26:50 +0000',
  'stage_value' => 36211200.0,
  'resume' => 
  array (
    'offset' => 65746.0,
    'tar_size' => 70725.0,
  ),
  'debug' => 
  array (
    'block_performance' => 128.0,
    'additional' => NULL,
  ),
)
}------------------------------------------------------------
2026-08-18T20:26:51+00:0000469	8	DEBUG	0.46Mb	1.16Mb	extract_heartbeat
waInstaller::adjustStageChunk
{------------------------------------------------------------
array (
  'current_chunk' => 128.0,
  'calculated_chunk' => 13330.9,
  'performance_data' => 
  array (
    'extract' => 
    array (
      0 => 6815.25,
      1 => 17995.75,
      2 => 12904.25,
      3 => 14856,
      4 => 14083.25,
    ),
  ),
  'stack_length' => 5,
)
}------------------------------------------------------------
2026-08-18T20:26:51+00:0000470	8	DEBUG	0.46Mb	1.16Mb	extract_heartbeat
waInstaller::setState
{------------------------------------------------------------
array (
  'start_time' => 1787084808,
  'start_time_float' => 1787084808.627036,
  'elapsed_time' => 0.0,
  'stage' => false,
  'stage_name' => 'extract',
  'state_heartbeat' => 0.021472930908203125,
  'thread_id' => '8',
  'chunk_id' => 'wa-apps/shop',
  'stage_status' => 'heartbeat',
  'timestamp' => 1787084811,
  'timestamp_float' => 1787084811.320495,
  'stage_start_time' => 1787084811.320496,
  'stage_performance' => 61266732.83631881,
  'stage_current_value' => 34977280.0,
  'datetime' => 'Tue, 18 Aug 2026 20:26:50 +0000',
  'stage_value' => 36211200.0,
  'resume' => 
  array (
    'offset' => 68315.0,
    'tar_size' => 70725.0,
  ),
  'debug' => 
  array (
    'block_performance' => 128.0,
    'additional' => NULL,
  ),
)
}------------------------------------------------------------
2026-08-18T20:26:51+00:0000471	8	DEBUG	0.46Mb	1.16Mb	extract_heartbeat
waInstaller::adjustStageChunk
{------------------------------------------------------------
array (
  'current_chunk' => 128.0,
  'calculated_chunk' => 14959.4,
  'performance_data' => 
  array (
    'extract' => 
    array (
      0 => 17995.75,
      1 => 12904.25,
      2 => 14856,
      3 => 14083.25,
      4 => 14957.75,
    ),
  ),
  'stack_length' => 5,
)
}------------------------------------------------------------
2026-08-18T20:26:51+00:0000472	8	TRACE	0.44Mb	1.16Mb	extract_complete
waInstaller::setState
{------------------------------------------------------------
array (
  'start_time' => 1787084808,
  'start_time_float' => 1787084808.627036,
  'elapsed_time' => 0.0,
  'stage' => false,
  'stage_name' => 'extract',
  'state_heartbeat' => 0.015332221984863281,
  'thread_id' => '8',
  'chunk_id' => 'wa-apps/shop',
  'stage_status' => 'complete',
  'timestamp' => 1787084811,
  'timestamp_float' => 1787084811.335823,
  'stage_start_time' => 1787084811.335824,
  'stage_performance' => 0,
  'stage_current_value' => 34977280.0,
  'datetime' => 'Tue, 18 Aug 2026 20:26:50 +0000',
  'stage_value' => 36211200.0,
  'resume' => 
  array (
    'offset' => 68315.0,
    'tar_size' => 70725.0,
  ),
  'debug' => 
  array (
    'block_performance' => 128.0,
    'additional' => NULL,
  ),
)
}------------------------------------------------------------
2026-08-18T20:26:51+00:0000473	8	TRACE	0.44Mb	1.16Mb	extract_heartbeat
waInstaller::setState
{------------------------------------------------------------
array (
  'start_time' => 1787084808,
  'start_time_float' => 1787084808.627036,
  'elapsed_time' => 0.0,
  'stage' => false,
  'stage_name' => 'extract',
  'state_heartbeat' => 0.0007779598236083984,
  'thread_id' => '8',
  'chunk_id' => 'wa-apps/site',
  'stage_status' => 'heartbeat',
  'timestamp' => 1787084811,
  'timestamp_float' => 1787084811.336594,
  'stage_start_time' => 1787084811.336594,
  'stage_performance' => 0,
  'stage_current_value' => 0,
  'datetime' => 'Tue, 18 Aug 2026 20:26:51 +0000',
  'stage_value' => 0,
  'resume' => 
  array (
    'offset' => 68315.0,
    'tar_size' => 70725.0,
  ),
  'debug' => 
  array (
    'block_performance' => 128.0,
    'additional' => NULL,
  ),
)
}------------------------------------------------------------
2026-08-18T20:26:51+00:0000474	8	TRACE	0.44Mb	1.16Mb	extract_heartbeat
waInstaller::stageExtract
{------------------------------------------------------------
array (
  'compressed_file' => '/var/www/pharmab2b/httpdocs/wa-sources/wa-apps/site.tar.gz',
  'target_path' => 'wa-data/protected/wa-installer/8/update/wa-apps/site/',
  'base_path' => 'wa-apps/site/',
)
}------------------------------------------------------------
2026-08-18T20:26:51+00:0000475	8	DEBUG	0.46Mb	1.16Mb	extract_heartbeat
waInstaller::setState
{------------------------------------------------------------
array (
  'start_time' => 1787084808,
  'start_time_float' => 1787084808.627036,
  'elapsed_time' => 0.0,
  'stage' => false,
  'stage_name' => 'extract',
  'state_heartbeat' => 0.018878936767578125,
  'thread_id' => '8',
  'chunk_id' => 'wa-apps/site',
  'stage_status' => 'heartbeat',
  'timestamp' => 1787084811,
  'timestamp_float' => 1787084811.355469,
  'stage_start_time' => 1787084811.355469,
  'stage_performance' => 0.0,
  'stage_current_value' => 0,
  'datetime' => 'Tue, 18 Aug 2026 20:26:51 +0000',
  'stage_value' => 9446400.0,
  'resume' => 
  array (
    'offset' => NULL,
    'tar_size' => 18450.0,
  ),
  'debug' => 
  array (
    'block_performance' => 128.0,
    'additional' => NULL,
  ),
)
}------------------------------------------------------------
2026-08-18T20:26:51+00:0000476	8	DEBUG	0.46Mb	1.16Mb	extract_heartbeat
waInstaller::adjustStageChunk
{------------------------------------------------------------
array (
  'current_chunk' => 128.0,
  'calculated_chunk' => 11360.25,
  'performance_data' => 
  array (
    'extract' => 
    array (
      0 => 12904.25,
      1 => 14856,
      2 => 14083.25,
      3 => 14957.75,
      4 => 0,
    ),
  ),
  'stack_length' => 5,
)
}------------------------------------------------------------
2026-08-18T20:26:51+00:0000477	8	DEBUG	0.46Mb	1.16Mb	extract_heartbeat
waInstaller::setState
{------------------------------------------------------------
array (
  'start_time' => 1787084808,
  'start_time_float' => 1787084808.627036,
  'elapsed_time' => 0.0,
  'stage' => false,
  'stage_name' => 'extract',
  'state_heartbeat' => 0.2076869010925293,
  'thread_id' => '8',
  'chunk_id' => 'wa-apps/site',
  'stage_status' => 'heartbeat',
  'timestamp' => 1787084811,
  'timestamp_float' => 1787084811.56315,
  'stage_start_time' => 1787084811.563151,
  'stage_performance' => 0.0,
  'stage_current_value' => 0,
  'datetime' => 'Tue, 18 Aug 2026 20:26:51 +0000',
  'stage_value' => 68748800.0,
  'resume' => 
  array (
    'offset' => NULL,
    'tar_size' => 134275.0,
  ),
  'debug' => 
  array (
    'block_performance' => 128.0,
    'additional' => NULL,
  ),
)
}------------------------------------------------------------
2026-08-18T20:26:51+00:0000478	8	DEBUG	0.46Mb	1.16Mb	extract_heartbeat
waInstaller::adjustStageChunk
{------------------------------------------------------------
array (
  'current_chunk' => 128.0,
  'calculated_chunk' => 8779.4,
  'performance_data' => 
  array (
    'extract' => 
    array (
      0 => 14856,
      1 => 14083.25,
      2 => 14957.75,
      3 => 0,
      4 => 0,
    ),
  ),
  'stack_length' => 5,
)
}------------------------------------------------------------
2026-08-18T20:26:51+00:0000479	8	DEBUG	0.46Mb	1.16Mb	extract_heartbeat
waInstaller::setState
{------------------------------------------------------------
array (
  'start_time' => 1787084808,
  'start_time_float' => 1787084808.627036,
  'elapsed_time' => 0.0,
  'stage' => false,
  'stage_name' => 'extract',
  'state_heartbeat' => 0.08311200141906738,
  'thread_id' => '8',
  'chunk_id' => 'wa-apps/site',
  'stage_status' => 'heartbeat',
  'timestamp' => 1787084811,
  'timestamp_float' => 1787084811.646257,
  'stage_start_time' => 1787084811.646258,
  'stage_performance' => 86552137.18314514,
  'stage_current_value' => 7193088.0,
  'datetime' => 'Tue, 18 Aug 2026 20:26:51 +0000',
  'stage_value' => 68748800.0,
  'resume' => 
  array (
    'offset' => 14049.0,
    'tar_size' => 134275.0,
  ),
  'debug' => 
  array (
    'block_performance' => 128.0,
    'additional' => NULL,
  ),
)
}------------------------------------------------------------
2026-08-18T20:26:51+00:0000480	8	DEBUG	0.46Mb	1.16Mb	extract_heartbeat
waInstaller::adjustStageChunk
{------------------------------------------------------------
array (
  'current_chunk' => 128.0,
  'calculated_chunk' => 10034.4,
  'performance_data' => 
  array (
    'extract' => 
    array (
      0 => 14083.25,
      1 => 14957.75,
      2 => 0,
      3 => 0,
      4 => 21131,
    ),
  ),
  'stack_length' => 5,
)
}------------------------------------------------------------
2026-08-18T20:26:51+00:0000481	8	DEBUG	0.46Mb	1.16Mb	extract_heartbeat
waInstaller::setState
{------------------------------------------------------------
array (
  'start_time' => 1787084808,
  'start_time_float' => 1787084808.627036,
  'elapsed_time' => 0.0,
  'stage' => false,
  'stage_name' => 'extract',
  'state_heartbeat' => 0.10483503341674805,
  'thread_id' => '8',
  'chunk_id' => 'wa-apps/site',
  'stage_status' => 'heartbeat',
  'timestamp' => 1787084811,
  'timestamp_float' => 1787084811.751088,
  'stage_start_time' => 1787084811.751088,
  'stage_performance' => 88552753.90303689,
  'stage_current_value' => 16476160.0,
  'datetime' => 'Tue, 18 Aug 2026 20:26:51 +0000',
  'stage_value' => 68748800.0,
  'resume' => 
  array (
    'offset' => 32180.0,
    'tar_size' => 134275.0,
  ),
  'debug' => 
  array (
    'block_performance' => 128.0,
    'additional' => NULL,
  ),
)
}------------------------------------------------------------
2026-08-18T20:26:51+00:0000482	8	DEBUG	0.46Mb	1.16Mb	extract_heartbeat
waInstaller::adjustStageChunk
{------------------------------------------------------------
array (
  'current_chunk' => 128.0,
  'calculated_chunk' => 11541.65,
  'performance_data' => 
  array (
    'extract' => 
    array (
      0 => 14957.75,
      1 => 0,
      2 => 0,
      3 => 21131,
      4 => 21619.5,
    ),
  ),
  'stack_length' => 5,
)
}------------------------------------------------------------
2026-08-18T20:26:52+00:0000483	8	DEBUG	0.46Mb	1.16Mb	extract_heartbeat
waInstaller::setState
{------------------------------------------------------------
array (
  'start_time' => 1787084808,
  'start_time_float' => 1787084808.627036,
  'elapsed_time' => 0.0,
  'stage' => false,
  'stage_name' => 'extract',
  'state_heartbeat' => 0.34552812576293945,
  'thread_id' => '8',
  'chunk_id' => 'wa-apps/site',
  'stage_status' => 'heartbeat',
  'timestamp' => 1787084812,
  'timestamp_float' => 1787084812.096612,
  'stage_start_time' => 1787084812.096612,
  'stage_performance' => 98005235.17962398,
  'stage_current_value' => 50339328.0,
  'datetime' => 'Tue, 18 Aug 2026 20:26:51 +0000',
  'stage_value' => 68748800.0,
  'resume' => 
  array (
    'offset' => 98319.0,
    'tar_size' => 134275.0,
  ),
  'debug' => 
  array (
    'block_performance' => 128.0,
    'additional' => NULL,
  ),
)
}------------------------------------------------------------
2026-08-18T20:26:52+00:0000484	8	DEBUG	0.46Mb	1.16Mb	extract_heartbeat
waInstaller::adjustStageChunk
{------------------------------------------------------------
array (
  'current_chunk' => 128.0,
  'calculated_chunk' => 13335.55,
  'performance_data' => 
  array (
    'extract' => 
    array (
      0 => 0,
      1 => 0,
      2 => 21131,
      3 => 21619.5,
      4 => 23927.25,
    ),
  ),
  'stack_length' => 5,
)
}------------------------------------------------------------
2026-08-18T20:26:52+00:0000485	8	DEBUG	0.46Mb	1.16Mb	extract_heartbeat
waInstaller::setState
{------------------------------------------------------------
array (
  'start_time' => 1787084808,
  'start_time_float' => 1787084808.627036,
  'elapsed_time' => 0.0,
  'stage' => false,
  'stage_name' => 'extract',
  'state_heartbeat' => 0.14948010444641113,
  'thread_id' => '8',
  'chunk_id' => 'wa-apps/site',
  'stage_status' => 'heartbeat',
  'timestamp' => 1787084812,
  'timestamp_float' => 1787084812.246088,
  'stage_start_time' => 1787084812.246088,
  'stage_performance' => 89095422.85505018,
  'stage_current_value' => 63656960.0,
  'datetime' => 'Tue, 18 Aug 2026 20:26:51 +0000',
  'stage_value' => 68748800.0,
  'resume' => 
  array (
    'offset' => 124330.0,
    'tar_size' => 134275.0,
  ),
  'debug' => 
  array (
    'block_performance' => 128.0,
    'additional' => NULL,
  ),
)
}------------------------------------------------------------
2026-08-18T20:26:52+00:0000486	8	DEBUG	0.46Mb	1.16Mb	extract_heartbeat
waInstaller::adjustStageChunk
{------------------------------------------------------------
array (
  'current_chunk' => 128.0,
  'calculated_chunk' => 17685.95,
  'performance_data' => 
  array (
    'extract' => 
    array (
      0 => 0,
      1 => 21131,
      2 => 21619.5,
      3 => 23927.25,
      4 => 21752,
    ),
  ),
  'stack_length' => 5,
)
}------------------------------------------------------------
2026-08-18T20:26:52+00:0000487	8	DEBUG	0.46Mb	1.16Mb	extract_heartbeat
waInstaller::setState
{------------------------------------------------------------
array (
  'start_time' => 1787084808,
  'start_time_float' => 1787084808.627036,
  'elapsed_time' => 0.0,
  'stage' => false,
  'stage_name' => 'extract',
  'state_heartbeat' => 0.02274298667907715,
  'thread_id' => '8',
  'chunk_id' => 'wa-apps/site',
  'stage_status' => 'heartbeat',
  'timestamp' => 1787084812,
  'timestamp_float' => 1787084812.268827,
  'stage_start_time' => 1787084812.268827,
  'stage_performance' => 54624901.23144673,
  'stage_current_value' => 64899072.0,
  'datetime' => 'Tue, 18 Aug 2026 20:26:51 +0000',
  'stage_value' => 68748800.0,
  'resume' => 
  array (
    'offset' => 126756.0,
    'tar_size' => 134275.0,
  ),
  'debug' => 
  array (
    'block_performance' => 128.0,
    'additional' => NULL,
  ),
)
}------------------------------------------------------------
2026-08-18T20:26:52+00:0000488	8	DEBUG	0.46Mb	1.16Mb	extract_heartbeat
waInstaller::adjustStageChunk
{------------------------------------------------------------
array (
  'current_chunk' => 128.0,
  'calculated_chunk' => 20353.2,
  'performance_data' => 
  array (
    'extract' => 
    array (
      0 => 21131,
      1 => 21619.5,
      2 => 23927.25,
      3 => 21752,
      4 => 13336.25,
    ),
  ),
  'stack_length' => 5,
)
}------------------------------------------------------------
2026-08-18T20:26:52+00:0000489	8	DEBUG	0.46Mb	1.16Mb	extract_heartbeat
waInstaller::setState
{------------------------------------------------------------
array (
  'start_time' => 1787084808,
  'start_time_float' => 1787084808.627036,
  'elapsed_time' => 0.0,
  'stage' => false,
  'stage_name' => 'extract',
  'state_heartbeat' => 0.012526988983154297,
  'thread_id' => '8',
  'chunk_id' => 'wa-apps/site',
  'stage_status' => 'heartbeat',
  'timestamp' => 1787084812,
  'timestamp_float' => 1787084812.281351,
  'stage_start_time' => 1787084812.281352,
  'stage_performance' => 15493933.04001523,
  'stage_current_value' => 65093120.0,
  'datetime' => 'Tue, 18 Aug 2026 20:26:51 +0000',
  'stage_value' => 68748800.0,
  'resume' => 
  array (
    'offset' => 127135.0,
    'tar_size' => 134275.0,
  ),
  'debug' => 
  array (
    'block_performance' => 128.0,
    'additional' => NULL,
  ),
)
}------------------------------------------------------------
2026-08-18T20:26:52+00:0000490	8	DEBUG	0.46Mb	1.16Mb	extract_heartbeat
waInstaller::adjustStageChunk
{------------------------------------------------------------
array (
  'current_chunk' => 128.0,
  'calculated_chunk' => 16883.55,
  'performance_data' => 
  array (
    'extract' => 
    array (
      0 => 21619.5,
      1 => 23927.25,
      2 => 21752,
      3 => 13336.25,
      4 => 3782.75,
    ),
  ),
  'stack_length' => 5,
)
}------------------------------------------------------------
2026-08-18T20:26:52+00:0000491	8	DEBUG	0.46Mb	1.16Mb	extract_heartbeat
waInstaller::setState
{------------------------------------------------------------
array (
  'start_time' => 1787084808,
  'start_time_float' => 1787084808.627036,
  'elapsed_time' => 0.0,
  'stage' => false,
  'stage_name' => 'extract',
  'state_heartbeat' => 0.015769004821777344,
  'thread_id' => '8',
  'chunk_id' => 'wa-apps/site',
  'stage_status' => 'heartbeat',
  'timestamp' => 1787084812,
  'timestamp_float' => 1787084812.297116,
  'stage_start_time' => 1787084812.297116,
  'stage_performance' => 31437838.13898341,
  'stage_current_value' => 65588736.0,
  'datetime' => 'Tue, 18 Aug 2026 20:26:51 +0000',
  'stage_value' => 68748800.0,
  'resume' => 
  array (
    'offset' => 128103.0,
    'tar_size' => 134275.0,
  ),
  'debug' => 
  array (
    'block_performance' => 128.0,
    'additional' => NULL,
  ),
)
}------------------------------------------------------------
2026-08-18T20:26:52+00:0000492	8	DEBUG	0.46Mb	1.16Mb	extract_heartbeat
waInstaller::adjustStageChunk
{------------------------------------------------------------
array (
  'current_chunk' => 128.0,
  'calculated_chunk' => 14094.75,
  'performance_data' => 
  array (
    'extract' => 
    array (
      0 => 23927.25,
      1 => 21752,
      2 => 13336.25,
      3 => 3782.75,
      4 => 7675.5,
    ),
  ),
  'stack_length' => 5,
)
}------------------------------------------------------------
2026-08-18T20:26:52+00:0000493	8	DEBUG	0.46Mb	1.16Mb	extract_heartbeat
waInstaller::setState
{------------------------------------------------------------
array (
  'start_time' => 1787084808,
  'start_time_float' => 1787084808.627036,
  'elapsed_time' => 0.0,
  'stage' => false,
  'stage_name' => 'extract',
  'state_heartbeat' => 0.03209996223449707,
  'thread_id' => '8',
  'chunk_id' => 'wa-apps/site',
  'stage_status' => 'heartbeat',
  'timestamp' => 1787084812,
  'timestamp_float' => 1787084812.329213,
  'stage_start_time' => 1787084812.329213,
  'stage_performance' => 61477908.689327314,
  'stage_current_value' => 67561984.0,
  'datetime' => 'Tue, 18 Aug 2026 20:26:51 +0000',
  'stage_value' => 68748800.0,
  'resume' => 
  array (
    'offset' => 131957.0,
    'tar_size' => 134275.0,
  ),
  'debug' => 
  array (
    'block_performance' => 128.0,
    'additional' => NULL,
  ),
)
}------------------------------------------------------------
2026-08-18T20:26:52+00:0000494	8	DEBUG	0.46Mb	1.16Mb	extract_heartbeat
waInstaller::adjustStageChunk
{------------------------------------------------------------
array (
  'current_chunk' => 128.0,
  'calculated_chunk' => 12311.2,
  'performance_data' => 
  array (
    'extract' => 
    array (
      0 => 21752,
      1 => 13336.25,
      2 => 3782.75,
      3 => 7675.5,
      4 => 15009.5,
    ),
  ),
  'stack_length' => 5,
)
}------------------------------------------------------------
2026-08-18T20:26:52+00:0000495	8	TRACE	0.44Mb	1.16Mb	extract_complete
waInstaller::setState
{------------------------------------------------------------
array (
  'start_time' => 1787084808,
  'start_time_float' => 1787084808.627036,
  'elapsed_time' => 0.0,
  'stage' => false,
  'stage_name' => 'extract',
  'state_heartbeat' => 0.019140005111694336,
  'thread_id' => '8',
  'chunk_id' => 'wa-apps/site',
  'stage_status' => 'complete',
  'timestamp' => 1787084812,
  'timestamp_float' => 1787084812.348351,
  'stage_start_time' => 1787084812.348351,
  'stage_performance' => 0,
  'stage_current_value' => 67561984.0,
  'datetime' => 'Tue, 18 Aug 2026 20:26:51 +0000',
  'stage_value' => 68748800.0,
  'resume' => 
  array (
    'offset' => 131957.0,
    'tar_size' => 134275.0,
  ),
  'debug' => 
  array (
    'block_performance' => 128.0,
    'additional' => NULL,
  ),
)
}------------------------------------------------------------
2026-08-18T20:26:52+00:0000496	8	TRACE	0.44Mb	1.16Mb	extract_heartbeat
waInstaller::setState
{------------------------------------------------------------
array (
  'start_time' => 1787084808,
  'start_time_float' => 1787084808.627036,
  'elapsed_time' => 0.0,
  'stage' => false,
  'stage_name' => 'extract',
  'state_heartbeat' => 0.0007159709930419922,
  'thread_id' => '8',
  'chunk_id' => 'wa-apps/tasks',
  'stage_status' => 'heartbeat',
  'timestamp' => 1787084812,
  'timestamp_float' => 1787084812.349061,
  'stage_start_time' => 1787084812.349061,
  'stage_performance' => 0,
  'stage_current_value' => 0,
  'datetime' => 'Tue, 18 Aug 2026 20:26:52 +0000',
  'stage_value' => 0,
  'resume' => 
  array (
    'offset' => 131957.0,
    'tar_size' => 134275.0,
  ),
  'debug' => 
  array (
    'block_performance' => 128.0,
    'additional' => NULL,
  ),
)
}------------------------------------------------------------
2026-08-18T20:26:52+00:0000497	8	TRACE	0.44Mb	1.16Mb	extract_heartbeat
waInstaller::stageExtract
{------------------------------------------------------------
array (
  'compressed_file' => '/var/www/pharmab2b/httpdocs/wa-sources/wa-apps/tasks.tar.gz',
  'target_path' => 'wa-data/protected/wa-installer/8/update/wa-apps/tasks/',
  'base_path' => 'wa-apps/tasks/',
)
}------------------------------------------------------------
2026-08-18T20:26:52+00:0000498	8	DEBUG	0.46Mb	1.16Mb	extract_heartbeat
waInstaller::setState
{------------------------------------------------------------
array (
  'start_time' => 1787084808,
  'start_time_float' => 1787084808.627036,
  'elapsed_time' => 0.0,
  'stage' => false,
  'stage_name' => 'extract',
  'state_heartbeat' => 0.027803897857666016,
  'thread_id' => '8',
  'chunk_id' => 'wa-apps/tasks',
  'stage_status' => 'heartbeat',
  'timestamp' => 1787084812,
  'timestamp_float' => 1787084812.376861,
  'stage_start_time' => 1787084812.376861,
  'stage_performance' => 0.0,
  'stage_current_value' => 0,
  'datetime' => 'Tue, 18 Aug 2026 20:26:52 +0000',
  'stage_value' => 8396800.0,
  'resume' => 
  array (
    'offset' => NULL,
    'tar_size' => 16400.0,
  ),
  'debug' => 
  array (
    'block_performance' => 128.0,
    'additional' => NULL,
  ),
)
}------------------------------------------------------------
2026-08-18T20:26:52+00:0000499	8	DEBUG	0.46Mb	1.16Mb	extract_heartbeat
waInstaller::adjustStageChunk
{------------------------------------------------------------
array (
  'current_chunk' => 128.0,
  'calculated_chunk' => 7960.8,
  'performance_data' => 
  array (
    'extract' => 
    array (
      0 => 13336.25,
      1 => 3782.75,
      2 => 7675.5,
      3 => 15009.5,
      4 => 0,
    ),
  ),
  'stack_length' => 5,
)
}------------------------------------------------------------
2026-08-18T20:26:52+00:0000500	8	DEBUG	0.46Mb	1.16Mb	extract_heartbeat
waInstaller::setState
{------------------------------------------------------------
array (
  'start_time' => 1787084808,
  'start_time_float' => 1787084808.627036,
  'elapsed_time' => 0.0,
  'stage' => false,
  'stage_name' => 'extract',
  'state_heartbeat' => 0.007586956024169922,
  'thread_id' => '8',
  'chunk_id' => 'wa-apps/tasks',
  'stage_status' => 'heartbeat',
  'timestamp' => 1787084812,
  'timestamp_float' => 1787084812.384446,
  'stage_start_time' => 1787084812.384446,
  'stage_performance' => 0.0,
  'stage_current_value' => 0,
  'datetime' => 'Tue, 18 Aug 2026 20:26:52 +0000',
  'stage_value' => 11020800.0,
  'resume' => 
  array (
    'offset' => NULL,
    'tar_size' => 21525.0,
  ),
  'debug' => 
  array (
    'block_performance' => 128.0,
    'additional' => NULL,
  ),
)
}------------------------------------------------------------
2026-08-18T20:26:52+00:0000501	8	DEBUG	0.46Mb	1.16Mb	extract_heartbeat
waInstaller::adjustStageChunk
{------------------------------------------------------------
array (
  'current_chunk' => 128.0,
  'calculated_chunk' => 5293.55,
  'performance_data' => 
  array (
    'extract' => 
    array (
      0 => 3782.75,
      1 => 7675.5,
      2 => 15009.5,
      3 => 0,
      4 => 0,
    ),
  ),
  'stack_length' => 5,
)
}------------------------------------------------------------
2026-08-18T20:26:52+00:0000502	8	DEBUG	0.46Mb	1.16Mb	extract_heartbeat
waInstaller::setState
{------------------------------------------------------------
array (
  'start_time' => 1787084808,
  'start_time_float' => 1787084808.627036,
  'elapsed_time' => 0.0,
  'stage' => false,
  'stage_name' => 'extract',
  'state_heartbeat' => 0.006481170654296875,
  'thread_id' => '8',
  'chunk_id' => 'wa-apps/tasks',
  'stage_status' => 'heartbeat',
  'timestamp' => 1787084812,
  'timestamp_float' => 1787084812.390925,
  'stage_start_time' => 1787084812.390925,
  'stage_performance' => 37457488.46925483,
  'stage_current_value' => 242688.0,
  'datetime' => 'Tue, 18 Aug 2026 20:26:52 +0000',
  'stage_value' => 11020800.0,
  'resume' => 
  array (
    'offset' => 474.0,
    'tar_size' => 21525.0,
  ),
  'debug' => 
  array (
    'block_performance' => 128.0,
    'additional' => NULL,
  ),
)
}------------------------------------------------------------
2026-08-18T20:26:52+00:0000503	8	DEBUG	0.46Mb	1.16Mb	extract_heartbeat
waInstaller::adjustStageChunk
{------------------------------------------------------------
array (
  'current_chunk' => 128.0,
  'calculated_chunk' => 6366.0,
  'performance_data' => 
  array (
    'extract' => 
    array (
      0 => 7675.5,
      1 => 15009.5,
      2 => 0,
      3 => 0,
      4 => 9145,
    ),
  ),
  'stack_length' => 5,
)
}------------------------------------------------------------
2026-08-18T20:26:52+00:0000504	8	DEBUG	0.46Mb	1.16Mb	extract_heartbeat
waInstaller::setState
{------------------------------------------------------------
array (
  'start_time' => 1787084808,
  'start_time_float' => 1787084808.627036,
  'elapsed_time' => 0.0,
  'stage' => false,
  'stage_name' => 'extract',
  'state_heartbeat' => 0.045783042907714844,
  'thread_id' => '8',
  'chunk_id' => 'wa-apps/tasks',
  'stage_status' => 'heartbeat',
  'timestamp' => 1787084812,
  'timestamp_float' => 1787084812.436704,
  'stage_start_time' => 1787084812.436704,
  'stage_performance' => 87627971.22081548,
  'stage_current_value' => 4254208.0,
  'datetime' => 'Tue, 18 Aug 2026 20:26:52 +0000',
  'stage_value' => 11020800.0,
  'resume' => 
  array (
    'offset' => 8309.0,
    'tar_size' => 21525.0,
  ),
  'debug' => 
  array (
    'block_performance' => 128.0,
    'additional' => NULL,
  ),
)
}------------------------------------------------------------
2026-08-18T20:26:52+00:0000505	8	DEBUG	0.46Mb	1.16Mb	extract_heartbeat
waInstaller::adjustStageChunk
{------------------------------------------------------------
array (
  'current_chunk' => 128.0,
  'calculated_chunk' => 9109.65,
  'performance_data' => 
  array (
    'extract' => 
    array (
      0 => 15009.5,
      1 => 0,
      2 => 0,
      3 => 9145,
      4 => 21393.75,
    ),
  ),
  'stack_length' => 5,
)
}------------------------------------------------------------
2026-08-18T20:26:52+00:0000506	8	DEBUG	0.46Mb	1.16Mb	extract_heartbeat
waInstaller::setState
{------------------------------------------------------------
array (
  'start_time' => 1787084808,
  'start_time_float' => 1787084808.627036,
  'elapsed_time' => 0.0,
  'stage' => false,
  'stage_name' => 'extract',
  'state_heartbeat' => 0.0324251651763916,
  'thread_id' => '8',
  'chunk_id' => 'wa-apps/tasks',
  'stage_status' => 'heartbeat',
  'timestamp' => 1787084812,
  'timestamp_float' => 1787084812.469124,
  'stage_start_time' => 1787084812.469124,
  'stage_performance' => 64244473.30536844,
  'stage_current_value' => 6337024.0,
  'datetime' => 'Tue, 18 Aug 2026 20:26:52 +0000',
  'stage_value' => 11020800.0,
  'resume' => 
  array (
    'offset' => 12377.0,
    'tar_size' => 21525.0,
  ),
  'debug' => 
  array (
    'block_performance' => 128.0,
    'additional' => NULL,
  ),
)
}------------------------------------------------------------
2026-08-18T20:26:52+00:0000507	8	DEBUG	0.46Mb	1.16Mb	extract_heartbeat
waInstaller::adjustStageChunk
{------------------------------------------------------------
array (
  'current_chunk' => 128.0,
  'calculated_chunk' => 9244.7,
  'performance_data' => 
  array (
    'extract' => 
    array (
      0 => 0,
      1 => 0,
      2 => 9145,
      3 => 21393.75,
      4 => 15684.75,
    ),
  ),
  'stack_length' => 5,
)
}------------------------------------------------------------
2026-08-18T20:26:52+00:0000508	8	DEBUG	0.46Mb	1.16Mb	extract_heartbeat
waInstaller::setState
{------------------------------------------------------------
array (
  'start_time' => 1787084808,
  'start_time_float' => 1787084808.627036,
  'elapsed_time' => 0.0,
  'stage' => false,
  'stage_name' => 'extract',
  'state_heartbeat' => 0.03401494026184082,
  'thread_id' => '8',
  'chunk_id' => 'wa-apps/tasks',
  'stage_status' => 'heartbeat',
  'timestamp' => 1787084812,
  'timestamp_float' => 1787084812.503135,
  'stage_start_time' => 1787084812.503136,
  'stage_performance' => 61074090.51352943,
  'stage_current_value' => 8414208.0,
  'datetime' => 'Tue, 18 Aug 2026 20:26:52 +0000',
  'stage_value' => 11020800.0,
  'resume' => 
  array (
    'offset' => 16434.0,
    'tar_size' => 21525.0,
  ),
  'debug' => 
  array (
    'block_performance' => 128.0,
    'additional' => NULL,
  ),
)
}------------------------------------------------------------
2026-08-18T20:26:52+00:0000509	8	DEBUG	0.46Mb	1.16Mb	extract_heartbeat
waInstaller::adjustStageChunk
{------------------------------------------------------------
array (
  'current_chunk' => 128.0,
  'calculated_chunk' => 12226.85,
  'performance_data' => 
  array (
    'extract' => 
    array (
      0 => 0,
      1 => 9145,
      2 => 21393.75,
      3 => 15684.75,
      4 => 14910.75,
    ),
  ),
  'stack_length' => 5,
)
}------------------------------------------------------------
2026-08-18T20:26:52+00:0000510	8	DEBUG	0.46Mb	1.16Mb	extract_heartbeat
waInstaller::setState
{------------------------------------------------------------
array (
  'start_time' => 1787084808,
  'start_time_float' => 1787084808.627036,
  'elapsed_time' => 0.0,
  'stage' => false,
  'stage_name' => 'extract',
  'state_heartbeat' => 0.015964984893798828,
  'thread_id' => '8',
  'chunk_id' => 'wa-apps/tasks',
  'stage_status' => 'heartbeat',
  'timestamp' => 1787084812,
  'timestamp_float' => 1787084812.519096,
  'stage_start_time' => 1787084812.519096,
  'stage_performance' => 21845341.16495631,
  'stage_current_value' => 8762880.0,
  'datetime' => 'Tue, 18 Aug 2026 20:26:52 +0000',
  'stage_value' => 11020800.0,
  'resume' => 
  array (
    'offset' => 17115.0,
    'tar_size' => 21525.0,
  ),
  'debug' => 
  array (
    'block_performance' => 128.0,
    'additional' => NULL,
  ),
)
}------------------------------------------------------------
2026-08-18T20:26:52+00:0000511	8	DEBUG	0.46Mb	1.16Mb	extract_heartbeat
waInstaller::adjustStageChunk
{------------------------------------------------------------
array (
  'current_chunk' => 128.0,
  'calculated_chunk' => 13293.55,
  'performance_data' => 
  array (
    'extract' => 
    array (
      0 => 9145,
      1 => 21393.75,
      2 => 15684.75,
      3 => 14910.75,
      4 => 5333.5,
    ),
  ),
  'stack_length' => 5,
)
}------------------------------------------------------------
2026-08-18T20:26:52+00:0000512	8	DEBUG	0.46Mb	1.16Mb	extract_heartbeat
waInstaller::setState
{------------------------------------------------------------
array (
  'start_time' => 1787084808,
  'start_time_float' => 1787084808.627036,
  'elapsed_time' => 0.0,
  'stage' => false,
  'stage_name' => 'extract',
  'state_heartbeat' => 0.017096996307373047,
  'thread_id' => '8',
  'chunk_id' => 'wa-apps/tasks',
  'stage_status' => 'heartbeat',
  'timestamp' => 1787084812,
  'timestamp_float' => 1787084812.536189,
  'stage_start_time' => 1787084812.53619,
  'stage_performance' => 27647047.271794014,
  'stage_current_value' => 9235456.0,
  'datetime' => 'Tue, 18 Aug 2026 20:26:52 +0000',
  'stage_value' => 11020800.0,
  'resume' => 
  array (
    'offset' => 18038.0,
    'tar_size' => 21525.0,
  ),
  'debug' => 
  array (
    'block_performance' => 128.0,
    'additional' => NULL,
  ),
)
}------------------------------------------------------------
2026-08-18T20:26:52+00:0000513	8	DEBUG	0.46Mb	1.16Mb	extract_heartbeat
waInstaller::adjustStageChunk
{------------------------------------------------------------
array (
  'current_chunk' => 128.0,
  'calculated_chunk' => 12814.55,
  'performance_data' => 
  array (
    'extract' => 
    array (
      0 => 21393.75,
      1 => 15684.75,
      2 => 14910.75,
      3 => 5333.5,
      4 => 6750,
    ),
  ),
  'stack_length' => 5,
)
}------------------------------------------------------------
2026-08-18T20:26:52+00:0000514	8	DEBUG	0.46Mb	1.16Mb	extract_heartbeat
waInstaller::setState
{------------------------------------------------------------
array (
  'start_time' => 1787084808,
  'start_time_float' => 1787084808.627036,
  'elapsed_time' => 0.0,
  'stage' => false,
  'stage_name' => 'extract',
  'state_heartbeat' => 0.01711583137512207,
  'thread_id' => '8',
  'chunk_id' => 'wa-apps/tasks',
  'stage_status' => 'heartbeat',
  'timestamp' => 1787084812,
  'timestamp_float' => 1787084812.553301,
  'stage_start_time' => 1787084812.553301,
  'stage_performance' => 39854098.604433425,
  'stage_current_value' => 9917440.0,
  'datetime' => 'Tue, 18 Aug 2026 20:26:52 +0000',
  'stage_value' => 11020800.0,
  'resume' => 
  array (
    'offset' => 19370.0,
    'tar_size' => 21525.0,
  ),
  'debug' => 
  array (
    'block_performance' => 128.0,
    'additional' => NULL,
  ),
)
}------------------------------------------------------------
2026-08-18T20:26:52+00:0000515	8	DEBUG	0.46Mb	1.16Mb	extract_heartbeat
waInstaller::adjustStageChunk
{------------------------------------------------------------
array (
  'current_chunk' => 128.0,
  'calculated_chunk' => 10481.85,
  'performance_data' => 
  array (
    'extract' => 
    array (
      0 => 15684.75,
      1 => 14910.75,
      2 => 5333.5,
      3 => 6750,
      4 => 9730.25,
    ),
  ),
  'stack_length' => 5,
)
}------------------------------------------------------------
2026-08-18T20:26:52+00:0000516	8	TRACE	0.44Mb	1.16Mb	extract_complete
waInstaller::setState
{------------------------------------------------------------
array (
  'start_time' => 1787084808,
  'start_time_float' => 1787084808.627036,
  'elapsed_time' => 0.0,
  'stage' => false,
  'stage_name' => 'extract',
  'state_heartbeat' => 0.015244007110595703,
  'thread_id' => '8',
  'chunk_id' => 'wa-apps/tasks',
  'stage_status' => 'complete',
  'timestamp' => 1787084812,
  'timestamp_float' => 1787084812.568541,
  'stage_start_time' => 1787084812.568542,
  'stage_performance' => 0,
  'stage_current_value' => 9917440.0,
  'datetime' => 'Tue, 18 Aug 2026 20:26:52 +0000',
  'stage_value' => 11020800.0,
  'resume' => 
  array (
    'offset' => 19370.0,
    'tar_size' => 21525.0,
  ),
  'debug' => 
  array (
    'block_performance' => 128.0,
    'additional' => NULL,
  ),
)
}------------------------------------------------------------
2026-08-18T20:26:52+00:0000517	8	TRACE	0.44Mb	1.16Mb	extract_heartbeat
waInstaller::setState
{------------------------------------------------------------
array (
  'start_time' => 1787084808,
  'start_time_float' => 1787084808.627036,
  'elapsed_time' => 0.0,
  'stage' => false,
  'stage_name' => 'extract',
  'state_heartbeat' => 0.0007100105285644531,
  'thread_id' => '8',
  'chunk_id' => 'wa-apps/team',
  'stage_status' => 'heartbeat',
  'timestamp' => 1787084812,
  'timestamp_float' => 1787084812.569245,
  'stage_start_time' => 1787084812.569245,
  'stage_performance' => 0,
  'stage_current_value' => 0,
  'datetime' => 'Tue, 18 Aug 2026 20:26:52 +0000',
  'stage_value' => 0,
  'resume' => 
  array (
    'offset' => 19370.0,
    'tar_size' => 21525.0,
  ),
  'debug' => 
  array (
    'block_performance' => 128.0,
    'additional' => NULL,
  ),
)
}------------------------------------------------------------
2026-08-18T20:26:52+00:0000518	8	TRACE	0.44Mb	1.16Mb	extract_heartbeat
waInstaller::stageExtract
{------------------------------------------------------------
array (
  'compressed_file' => '/var/www/pharmab2b/httpdocs/wa-sources/wa-apps/team.tar.gz',
  'target_path' => 'wa-data/protected/wa-installer/8/update/wa-apps/team/',
  'base_path' => 'wa-apps/team/',
)
}------------------------------------------------------------
2026-08-18T20:26:52+00:0000519	8	DEBUG	0.46Mb	1.16Mb	extract_heartbeat
waInstaller::setState
{------------------------------------------------------------
array (
  'start_time' => 1787084808,
  'start_time_float' => 1787084808.627036,
  'elapsed_time' => 0.0,
  'stage' => false,
  'stage_name' => 'extract',
  'state_heartbeat' => 0.01650691032409668,
  'thread_id' => '8',
  'chunk_id' => 'wa-apps/team',
  'stage_status' => 'heartbeat',
  'timestamp' => 1787084812,
  'timestamp_float' => 1787084812.585749,
  'stage_start_time' => 1787084812.585749,
  'stage_performance' => 0.0,
  'stage_current_value' => 0,
  'datetime' => 'Tue, 18 Aug 2026 20:26:52 +0000',
  'stage_value' => 5248000.0,
  'resume' => 
  array (
    'offset' => NULL,
    'tar_size' => 10250.0,
  ),
  'debug' => 
  array (
    'block_performance' => 128.0,
    'additional' => NULL,
  ),
)
}------------------------------------------------------------
2026-08-18T20:26:52+00:0000520	8	DEBUG	0.46Mb	1.16Mb	extract_heartbeat
waInstaller::adjustStageChunk
{------------------------------------------------------------
array (
  'current_chunk' => 128.0,
  'calculated_chunk' => 7344.9,
  'performance_data' => 
  array (
    'extract' => 
    array (
      0 => 14910.75,
      1 => 5333.5,
      2 => 6750,
      3 => 9730.25,
      4 => 0,
    ),
  ),
  'stack_length' => 5,
)
}------------------------------------------------------------
2026-08-18T20:26:52+00:0000521	8	DEBUG	0.46Mb	1.16Mb	extract_heartbeat
waInstaller::setState
{------------------------------------------------------------
array (
  'start_time' => 1787084808,
  'start_time_float' => 1787084808.627036,
  'elapsed_time' => 0.0,
  'stage' => false,
  'stage_name' => 'extract',
  'state_heartbeat' => 0.020965099334716797,
  'thread_id' => '8',
  'chunk_id' => 'wa-apps/team',
  'stage_status' => 'heartbeat',
  'timestamp' => 1787084812,
  'timestamp_float' => 1787084812.60671,
  'stage_start_time' => 1787084812.606711,
  'stage_performance' => 87030770.36095408,
  'stage_current_value' => 1824256.0,
  'datetime' => 'Tue, 18 Aug 2026 20:26:52 +0000',
  'stage_value' => 5248000.0,
  'resume' => 
  array (
    'offset' => 3563.0,
    'tar_size' => 10250.0,
  ),
  'debug' => 
  array (
    'block_performance' => 128.0,
    'additional' => NULL,
  ),
)
}------------------------------------------------------------
2026-08-18T20:26:52+00:0000522	8	DEBUG	0.46Mb	1.16Mb	extract_heartbeat
waInstaller::adjustStageChunk
{------------------------------------------------------------
array (
  'current_chunk' => 128.0,
  'calculated_chunk' => 8612.3,
  'performance_data' => 
  array (
    'extract' => 
    array (
      0 => 5333.5,
      1 => 6750,
      2 => 9730.25,
      3 => 0,
      4 => 21247.75,
    ),
  ),
  'stack_length' => 5,
)
}------------------------------------------------------------
2026-08-18T20:26:52+00:0000523	8	DEBUG	0.46Mb	1.16Mb	extract_heartbeat
waInstaller::setState
{------------------------------------------------------------
array (
  'start_time' => 1787084808,
  'start_time_float' => 1787084808.627036,
  'elapsed_time' => 0.0,
  'stage' => false,
  'stage_name' => 'extract',
  'state_heartbeat' => 0.02872610092163086,
  'thread_id' => '8',
  'chunk_id' => 'wa-apps/team',
  'stage_status' => 'heartbeat',
  'timestamp' => 1787084812,
  'timestamp_float' => 1787084812.635432,
  'stage_start_time' => 1787084812.635433,
  'stage_performance' => 73906707.98801352,
  'stage_current_value' => 3947008.0,
  'datetime' => 'Tue, 18 Aug 2026 20:26:52 +0000',
  'stage_value' => 5248000.0,
  'resume' => 
  array (
    'offset' => 7709.0,
    'tar_size' => 10250.0,
  ),
  'debug' => 
  array (
    'block_performance' => 128.0,
    'additional' => NULL,
  ),
)
}------------------------------------------------------------
2026-08-18T20:26:52+00:0000524	8	DEBUG	0.46Mb	1.16Mb	extract_heartbeat
waInstaller::adjustStageChunk
{------------------------------------------------------------
array (
  'current_chunk' => 128.0,
  'calculated_chunk' => 11154.35,
  'performance_data' => 
  array (
    'extract' => 
    array (
      0 => 6750,
      1 => 9730.25,
      2 => 0,
      3 => 21247.75,
      4 => 18043.75,
    ),
  ),
  'stack_length' => 5,
)
}------------------------------------------------------------
2026-08-18T20:26:52+00:0000525	8	DEBUG	0.46Mb	1.16Mb	extract_heartbeat
waInstaller::setState
{------------------------------------------------------------
array (
  'start_time' => 1787084808,
  'start_time_float' => 1787084808.627036,
  'elapsed_time' => 0.0,
  'stage' => false,
  'stage_name' => 'extract',
  'state_heartbeat' => 0.02089691162109375,
  'thread_id' => '8',
  'chunk_id' => 'wa-apps/team',
  'stage_status' => 'heartbeat',
  'timestamp' => 1787084812,
  'timestamp_float' => 1787084812.656325,
  'stage_start_time' => 1787084812.656326,
  'stage_performance' => 49746574.372831844,
  'stage_current_value' => 4986368.0,
  'datetime' => 'Tue, 18 Aug 2026 20:26:52 +0000',
  'stage_value' => 5248000.0,
  'resume' => 
  array (
    'offset' => 9739.0,
    'tar_size' => 10250.0,
  ),
  'debug' => 
  array (
    'block_performance' => 128.0,
    'additional' => NULL,
  ),
)
}------------------------------------------------------------
2026-08-18T20:26:52+00:0000526	8	DEBUG	0.46Mb	1.16Mb	extract_heartbeat
waInstaller::adjustStageChunk
{------------------------------------------------------------
array (
  'current_chunk' => 128.0,
  'calculated_chunk' => 12233.4,
  'performance_data' => 
  array (
    'extract' => 
    array (
      0 => 9730.25,
      1 => 0,
      2 => 21247.75,
      3 => 18043.75,
      4 => 12145.25,
    ),
  ),
  'stack_length' => 5,
)
}------------------------------------------------------------
2026-08-18T20:26:52+00:0000527	8	TRACE	0.44Mb	1.16Mb	extract_complete
waInstaller::setState
{------------------------------------------------------------
array (
  'start_time' => 1787084808,
  'start_time_float' => 1787084808.627036,
  'elapsed_time' => 0.0,
  'stage' => false,
  'stage_name' => 'extract',
  'state_heartbeat' => 0.0012478828430175781,
  'thread_id' => '8',
  'chunk_id' => 'wa-apps/team',
  'stage_status' => 'complete',
  'timestamp' => 1787084812,
  'timestamp_float' => 1787084812.657572,
  'stage_start_time' => 1787084812.657572,
  'stage_performance' => 0,
  'stage_current_value' => 4986368.0,
  'datetime' => 'Tue, 18 Aug 2026 20:26:52 +0000',
  'stage_value' => 5248000.0,
  'resume' => 
  array (
    'offset' => 9739.0,
    'tar_size' => 10250.0,
  ),
  'debug' => 
  array (
    'block_performance' => 128.0,
    'additional' => NULL,
  ),
)
}------------------------------------------------------------
2026-08-18T20:26:52+00:0000528	8	TRACE	0.44Mb	1.16Mb	extract_heartbeat
waInstaller::setState
{------------------------------------------------------------
array (
  'start_time' => 1787084808,
  'start_time_float' => 1787084808.627036,
  'elapsed_time' => 0.0,
  'stage' => false,
  'stage_name' => 'extract',
  'state_heartbeat' => 0.0005769729614257812,
  'thread_id' => '8',
  'chunk_id' => 'wa-widgets/weather',
  'stage_status' => 'heartbeat',
  'timestamp' => 1787084812,
  'timestamp_float' => 1787084812.658144,
  'stage_start_time' => 1787084812.658144,
  'stage_performance' => 0,
  'stage_current_value' => 0,
  'datetime' => 'Tue, 18 Aug 2026 20:26:52 +0000',
  'stage_value' => 0,
  'resume' => 
  array (
    'offset' => 9739.0,
    'tar_size' => 10250.0,
  ),
  'debug' => 
  array (
    'block_performance' => 128.0,
    'additional' => NULL,
  ),
)
}------------------------------------------------------------
2026-08-18T20:26:52+00:0000529	8	TRACE	0.44Mb	1.16Mb	extract_heartbeat
waInstaller::stageExtract
{------------------------------------------------------------
array (
  'compressed_file' => '/var/www/pharmab2b/httpdocs/wa-sources/wa-widgets/weather.tar.gz',
  'target_path' => 'wa-data/protected/wa-installer/8/update/wa-widgets/weather/',
  'base_path' => 'wa-widgets/weather/',
)
}------------------------------------------------------------
2026-08-18T20:26:52+00:0000530	8	DEBUG	0.46Mb	1.16Mb	extract_heartbeat
waInstaller::setState
{------------------------------------------------------------
array (
  'start_time' => 1787084808,
  'start_time_float' => 1787084808.627036,
  'elapsed_time' => 0.0,
  'stage' => false,
  'stage_name' => 'extract',
  'state_heartbeat' => 0.0037009716033935547,
  'thread_id' => '8',
  'chunk_id' => 'wa-widgets/weather',
  'stage_status' => 'heartbeat',
  'timestamp' => 1787084812,
  'timestamp_float' => 1787084812.661843,
  'stage_start_time' => 1787084812.661843,
  'stage_performance' => 0.0,
  'stage_current_value' => 0,
  'datetime' => 'Tue, 18 Aug 2026 20:26:52 +0000',
  'stage_value' => 1574400.0,
  'resume' => 
  array (
    'offset' => NULL,
    'tar_size' => 3075.0,
  ),
  'debug' => 
  array (
    'block_performance' => 128.0,
    'additional' => NULL,
  ),
)
}------------------------------------------------------------
2026-08-18T20:26:52+00:0000531	8	DEBUG	0.46Mb	1.16Mb	extract_heartbeat
waInstaller::adjustStageChunk
{------------------------------------------------------------
array (
  'current_chunk' => 128.0,
  'calculated_chunk' => 10287.35,
  'performance_data' => 
  array (
    'extract' => 
    array (
      0 => 0,
      1 => 21247.75,
      2 => 18043.75,
      3 => 12145.25,
      4 => 0,
    ),
  ),
  'stack_length' => 5,
)
}------------------------------------------------------------
2026-08-18T20:26:52+00:0000532	8	TRACE	0.44Mb	1.16Mb	extract_complete
waInstaller::setState
{------------------------------------------------------------
array (
  'start_time' => 1787084808,
  'start_time_float' => 1787084808.627036,
  'elapsed_time' => 0.0,
  'stage' => false,
  'stage_name' => 'extract',
  'state_heartbeat' => 0.015283823013305664,
  'thread_id' => '8',
  'chunk_id' => 'wa-widgets/weather',
  'stage_status' => 'complete',
  'timestamp' => 1787084812,
  'timestamp_float' => 1787084812.677125,
  'stage_start_time' => 1787084812.677125,
  'stage_performance' => 0,
  'stage_current_value' => 0,
  'datetime' => 'Tue, 18 Aug 2026 20:26:52 +0000',
  'stage_value' => 1574400.0,
  'resume' => 
  array (
    'offset' => NULL,
    'tar_size' => 3075.0,
  ),
  'debug' => 
  array (
    'block_performance' => 128.0,
    'additional' => NULL,
  ),
)
}------------------------------------------------------------
2026-08-18T20:26:52+00:0000533	8	TRACE	0.44Mb	1.16Mb	extract_heartbeat
waInstaller::setState
{------------------------------------------------------------
array (
  'start_time' => 1787084808,
  'start_time_float' => 1787084808.627036,
  'elapsed_time' => 0.0,
  'stage' => false,
  'stage_name' => 'extract',
  'state_heartbeat' => 0.0006389617919921875,
  'thread_id' => '8',
  'chunk_id' => 'wa-plugins/shipping/courier',
  'stage_status' => 'heartbeat',
  'timestamp' => 1787084812,
  'timestamp_float' => 1787084812.677758,
  'stage_start_time' => 1787084812.677759,
  'stage_performance' => 0,
  'stage_current_value' => 0,
  'datetime' => 'Tue, 18 Aug 2026 20:26:52 +0000',
  'stage_value' => 0,
  'resume' => 
  array (
    'offset' => NULL,
    'tar_size' => 3075.0,
  ),
  'debug' => 
  array (
    'block_performance' => 128.0,
    'additional' => NULL,
  ),
)
}------------------------------------------------------------
2026-08-18T20:26:52+00:0000534	8	TRACE	0.44Mb	1.16Mb	extract_heartbeat
waInstaller::stageExtract
{------------------------------------------------------------
array (
  'compressed_file' => '/var/www/pharmab2b/httpdocs/wa-sources/wa-plugins/shipping/courier.tar.gz',
  'target_path' => 'wa-data/protected/wa-installer/8/update/wa-plugins/shipping/courier/',
  'base_path' => 'wa-plugins/shipping/courier/',
)
}------------------------------------------------------------
2026-08-18T20:26:52+00:0000535	8	DEBUG	0.46Mb	1.16Mb	extract_heartbeat
waInstaller::setState
{------------------------------------------------------------
array (
  'start_time' => 1787084808,
  'start_time_float' => 1787084808.627036,
  'elapsed_time' => 0.0,
  'stage' => false,
  'stage_name' => 'extract',
  'state_heartbeat' => 0.0011990070343017578,
  'thread_id' => '8',
  'chunk_id' => 'wa-plugins/shipping/courier',
  'stage_status' => 'heartbeat',
  'timestamp' => 1787084812,
  'timestamp_float' => 1787084812.678955,
  'stage_start_time' => 1787084812.678955,
  'stage_performance' => 0.0,
  'stage_current_value' => 0,
  'datetime' => 'Tue, 18 Aug 2026 20:26:52 +0000',
  'stage_value' => 524800.0,
  'resume' => 
  array (
    'offset' => NULL,
    'tar_size' => 1025.0,
  ),
  'debug' => 
  array (
    'block_performance' => 128.0,
    'additional' => NULL,
  ),
)
}------------------------------------------------------------
2026-08-18T20:26:52+00:0000536	8	DEBUG	0.46Mb	1.16Mb	extract_heartbeat
waInstaller::adjustStageChunk
{------------------------------------------------------------
array (
  'current_chunk' => 128.0,
  'calculated_chunk' => 10287.35,
  'performance_data' => 
  array (
    'extract' => 
    array (
      0 => 21247.75,
      1 => 18043.75,
      2 => 12145.25,
      3 => 0,
      4 => 0,
    ),
  ),
  'stack_length' => 5,
)
}------------------------------------------------------------
2026-08-18T20:26:52+00:0000537	8	TRACE	0.44Mb	1.16Mb	extract_complete
waInstaller::setState
{------------------------------------------------------------
array (
  'start_time' => 1787084808,
  'start_time_float' => 1787084808.627036,
  'elapsed_time' => 0.0,
  'stage' => false,
  'stage_name' => 'extract',
  'state_heartbeat' => 0.0042150020599365234,
  'thread_id' => '8',
  'chunk_id' => 'wa-plugins/shipping/courier',
  'stage_status' => 'complete',
  'timestamp' => 1787084812,
  'timestamp_float' => 1787084812.683168,
  'stage_start_time' => 1787084812.683169,
  'stage_performance' => 0,
  'stage_current_value' => 0,
  'datetime' => 'Tue, 18 Aug 2026 20:26:52 +0000',
  'stage_value' => 524800.0,
  'resume' => 
  array (
    'offset' => NULL,
    'tar_size' => 1025.0,
  ),
  'debug' => 
  array (
    'block_performance' => 128.0,
    'additional' => NULL,
  ),
)
}------------------------------------------------------------
2026-08-18T20:26:52+00:0000538	8	TRACE	0.44Mb	1.16Mb	extract_heartbeat
waInstaller::setState
{------------------------------------------------------------
array (
  'start_time' => 1787084808,
  'start_time_float' => 1787084808.627036,
  'elapsed_time' => 0.0,
  'stage' => false,
  'stage_name' => 'extract',
  'state_heartbeat' => 0.0005841255187988281,
  'thread_id' => '8',
  'chunk_id' => 'wa-plugins/shipping/sd',
  'stage_status' => 'heartbeat',
  'timestamp' => 1787084812,
  'timestamp_float' => 1787084812.683747,
  'stage_start_time' => 1787084812.683747,
  'stage_performance' => 0,
  'stage_current_value' => 0,
  'datetime' => 'Tue, 18 Aug 2026 20:26:52 +0000',
  'stage_value' => 0,
  'resume' => 
  array (
    'offset' => NULL,
    'tar_size' => 1025.0,
  ),
  'debug' => 
  array (
    'block_performance' => 128.0,
    'additional' => NULL,
  ),
)
}------------------------------------------------------------
2026-08-18T20:26:52+00:0000539	8	TRACE	0.44Mb	1.16Mb	extract_heartbeat
waInstaller::stageExtract
{------------------------------------------------------------
array (
  'compressed_file' => '/var/www/pharmab2b/httpdocs/wa-sources/wa-plugins/shipping/sd.tar.gz',
  'target_path' => 'wa-data/protected/wa-installer/8/update/wa-plugins/shipping/sd/',
  'base_path' => 'wa-plugins/shipping/sd/',
)
}------------------------------------------------------------
2026-08-18T20:26:52+00:0000540	8	DEBUG	0.46Mb	1.16Mb	extract_heartbeat
waInstaller::setState
{------------------------------------------------------------
array (
  'start_time' => 1787084808,
  'start_time_float' => 1787084808.627036,
  'elapsed_time' => 0.0,
  'stage' => false,
  'stage_name' => 'extract',
  'state_heartbeat' => 0.001071929931640625,
  'thread_id' => '8',
  'chunk_id' => 'wa-plugins/shipping/sd',
  'stage_status' => 'heartbeat',
  'timestamp' => 1787084812,
  'timestamp_float' => 1787084812.684817,
  'stage_start_time' => 1787084812.684817,
  'stage_performance' => 0.0,
  'stage_current_value' => 0,
  'datetime' => 'Tue, 18 Aug 2026 20:26:52 +0000',
  'stage_value' => 524800.0,
  'resume' => 
  array (
    'offset' => NULL,
    'tar_size' => 1025.0,
  ),
  'debug' => 
  array (
    'block_performance' => 128.0,
    'additional' => NULL,
  ),
)
}------------------------------------------------------------
2026-08-18T20:26:52+00:0000541	8	DEBUG	0.46Mb	1.16Mb	extract_heartbeat
waInstaller::adjustStageChunk
{------------------------------------------------------------
array (
  'current_chunk' => 128.0,
  'calculated_chunk' => 6037.8,
  'performance_data' => 
  array (
    'extract' => 
    array (
      0 => 18043.75,
      1 => 12145.25,
      2 => 0,
      3 => 0,
      4 => 0,
    ),
  ),
  'stack_length' => 5,
)
}------------------------------------------------------------
2026-08-18T20:26:52+00:0000542	8	TRACE	0.44Mb	1.16Mb	extract_complete
waInstaller::setState
{------------------------------------------------------------
array (
  'start_time' => 1787084808,
  'start_time_float' => 1787084808.627036,
  'elapsed_time' => 0.0,
  'stage' => false,
  'stage_name' => 'extract',
  'state_heartbeat' => 0.004349946975708008,
  'thread_id' => '8',
  'chunk_id' => 'wa-plugins/shipping/sd',
  'stage_status' => 'complete',
  'timestamp' => 1787084812,
  'timestamp_float' => 1787084812.689165,
  'stage_start_time' => 1787084812.689165,
  'stage_performance' => 0,
  'stage_current_value' => 0,
  'datetime' => 'Tue, 18 Aug 2026 20:26:52 +0000',
  'stage_value' => 524800.0,
  'resume' => 
  array (
    'offset' => NULL,
    'tar_size' => 1025.0,
  ),
  'debug' => 
  array (
    'block_performance' => 128.0,
    'additional' => NULL,
  ),
)
}------------------------------------------------------------
2026-08-18T20:26:52+00:0000543	8	TRACE	0.44Mb	1.16Mb	extract_heartbeat
waInstaller::setState
{------------------------------------------------------------
array (
  'start_time' => 1787084808,
  'start_time_float' => 1787084808.627036,
  'elapsed_time' => 0.0,
  'stage' => false,
  'stage_name' => 'extract',
  'state_heartbeat' => 0.0005638599395751953,
  'thread_id' => '8',
  'chunk_id' => 'wa-plugins/shipping/worldwide',
  'stage_status' => 'heartbeat',
  'timestamp' => 1787084812,
  'timestamp_float' => 1787084812.689725,
  'stage_start_time' => 1787084812.689725,
  'stage_performance' => 0,
  'stage_current_value' => 0,
  'datetime' => 'Tue, 18 Aug 2026 20:26:52 +0000',
  'stage_value' => 0,
  'resume' => 
  array (
    'offset' => NULL,
    'tar_size' => 1025.0,
  ),
  'debug' => 
  array (
    'block_performance' => 128.0,
    'additional' => NULL,
  ),
)
}------------------------------------------------------------
2026-08-18T20:26:52+00:0000544	8	TRACE	0.44Mb	1.16Mb	extract_heartbeat
waInstaller::stageExtract
{------------------------------------------------------------
array (
  'compressed_file' => '/var/www/pharmab2b/httpdocs/wa-sources/wa-plugins/shipping/worldwide.tar.gz',
  'target_path' => 'wa-data/protected/wa-installer/8/update/wa-plugins/shipping/worldwide/',
  'base_path' => 'wa-plugins/shipping/worldwide/',
)
}------------------------------------------------------------
2026-08-18T20:26:52+00:0000545	8	DEBUG	0.46Mb	1.16Mb	extract_heartbeat
waInstaller::setState
{------------------------------------------------------------
array (
  'start_time' => 1787084808,
  'start_time_float' => 1787084808.627036,
  'elapsed_time' => 0.0,
  'stage' => false,
  'stage_name' => 'extract',
  'state_heartbeat' => 0.0009050369262695312,
  'thread_id' => '8',
  'chunk_id' => 'wa-plugins/shipping/worldwide',
  'stage_status' => 'heartbeat',
  'timestamp' => 1787084812,
  'timestamp_float' => 1787084812.690628,
  'stage_start_time' => 1787084812.690628,
  'stage_performance' => 0.0,
  'stage_current_value' => 0,
  'datetime' => 'Tue, 18 Aug 2026 20:26:52 +0000',
  'stage_value' => 524800.0,
  'resume' => 
  array (
    'offset' => NULL,
    'tar_size' => 1025.0,
  ),
  'debug' => 
  array (
    'block_performance' => 128.0,
    'additional' => NULL,
  ),
)
}------------------------------------------------------------
2026-08-18T20:26:52+00:0000546	8	DEBUG	0.46Mb	1.16Mb	extract_heartbeat
waInstaller::adjustStageChunk
{------------------------------------------------------------
array (
  'current_chunk' => 128.0,
  'calculated_chunk' => 2429.05,
  'performance_data' => 
  array (
    'extract' => 
    array (
      0 => 12145.25,
      1 => 0,
      2 => 0,
      3 => 0,
      4 => 0,
    ),
  ),
  'stack_length' => 5,
)
}------------------------------------------------------------
2026-08-18T20:26:52+00:0000547	8	TRACE	0.44Mb	1.16Mb	extract_complete
waInstaller::setState
{------------------------------------------------------------
array (
  'start_time' => 1787084808,
  'start_time_float' => 1787084808.627036,
  'elapsed_time' => 0.0,
  'stage' => false,
  'stage_name' => 'extract',
  'state_heartbeat' => 0.0030028820037841797,
  'thread_id' => '8',
  'chunk_id' => 'wa-plugins/shipping/worldwide',
  'stage_status' => 'complete',
  'timestamp' => 1787084812,
  'timestamp_float' => 1787084812.693629,
  'stage_start_time' => 1787084812.693629,
  'stage_performance' => 0,
  'stage_current_value' => 0,
  'datetime' => 'Tue, 18 Aug 2026 20:26:52 +0000',
  'stage_value' => 524800.0,
  'resume' => 
  array (
    'offset' => NULL,
    'tar_size' => 1025.0,
  ),
  'debug' => 
  array (
    'block_performance' => 128.0,
    'additional' => NULL,
  ),
)
}------------------------------------------------------------
2026-08-18T20:26:52+00:0000548	8	TRACE	0.44Mb	1.16Mb	extract_heartbeat
waInstaller::setState
{------------------------------------------------------------
array (
  'start_time' => 1787084808,
  'start_time_float' => 1787084808.627036,
  'elapsed_time' => 0.0,
  'stage' => false,
  'stage_name' => 'extract',
  'state_heartbeat' => 0.0005998611450195312,
  'thread_id' => '8',
  'chunk_id' => 'wa-plugins/sms/webasystsms',
  'stage_status' => 'heartbeat',
  'timestamp' => 1787084812,
  'timestamp_float' => 1787084812.694223,
  'stage_start_time' => 1787084812.694224,
  'stage_performance' => 0,
  'stage_current_value' => 0,
  'datetime' => 'Tue, 18 Aug 2026 20:26:52 +0000',
  'stage_value' => 0,
  'resume' => 
  array (
    'offset' => NULL,
    'tar_size' => 1025.0,
  ),
  'debug' => 
  array (
    'block_performance' => 128.0,
    'additional' => NULL,
  ),
)
}------------------------------------------------------------
2026-08-18T20:26:52+00:0000549	8	TRACE	0.44Mb	1.16Mb	extract_heartbeat
waInstaller::stageExtract
{------------------------------------------------------------
array (
  'compressed_file' => '/var/www/pharmab2b/httpdocs/wa-sources/wa-plugins/sms/webasystsms.tar.gz',
  'target_path' => 'wa-data/protected/wa-installer/8/update/wa-plugins/sms/webasystsms/',
  'base_path' => 'wa-plugins/sms/webasystsms/',
)
}------------------------------------------------------------
2026-08-18T20:26:52+00:0000550	8	DEBUG	0.46Mb	1.16Mb	extract_heartbeat
waInstaller::setState
{------------------------------------------------------------
array (
  'start_time' => 1787084808,
  'start_time_float' => 1787084808.627036,
  'elapsed_time' => 0.0,
  'stage' => false,
  'stage_name' => 'extract',
  'state_heartbeat' => 0.0007090568542480469,
  'thread_id' => '8',
  'chunk_id' => 'wa-plugins/sms/webasystsms',
  'stage_status' => 'heartbeat',
  'timestamp' => 1787084812,
  'timestamp_float' => 1787084812.69493,
  'stage_start_time' => 1787084812.69493,
  'stage_performance' => 0.0,
  'stage_current_value' => 0,
  'datetime' => 'Tue, 18 Aug 2026 20:26:52 +0000',
  'stage_value' => 524800.0,
  'resume' => 
  array (
    'offset' => NULL,
    'tar_size' => 1025.0,
  ),
  'debug' => 
  array (
    'block_performance' => 128.0,
    'additional' => NULL,
  ),
)
}------------------------------------------------------------
2026-08-18T20:26:52+00:0000551	8	DEBUG	0.46Mb	1.16Mb	extract_heartbeat
waInstaller::adjustStageChunk
{------------------------------------------------------------
array (
  'current_chunk' => 128.0,
  'calculated_chunk' => 0,
  'performance_data' => 
  array (
    'extract' => 
    array (
      0 => 0,
      1 => 0,
      2 => 0,
      3 => 0,
      4 => 0,
    ),
  ),
  'stack_length' => 5,
)
}------------------------------------------------------------
2026-08-18T20:26:52+00:0000552	8	DEBUG	0.46Mb	1.16Mb	extract_heartbeat
waInstaller::setState
{------------------------------------------------------------
array (
  'start_time' => 1787084808,
  'start_time_float' => 1787084808.627036,
  'elapsed_time' => 0.0,
  'stage' => false,
  'stage_name' => 'extract',
  'state_heartbeat' => 0.00090789794921875,
  'thread_id' => '8',
  'chunk_id' => 'wa-plugins/sms/webasystsms',
  'stage_status' => 'heartbeat',
  'timestamp' => 1787084812,
  'timestamp_float' => 1787084812.695837,
  'stage_start_time' => 1787084812.695837,
  'stage_performance' => 2822665.152471083,
  'stage_current_value' => 2560.0,
  'datetime' => 'Tue, 18 Aug 2026 20:26:52 +0000',
  'stage_value' => 524800.0,
  'resume' => 
  array (
    'offset' => 5.0,
    'tar_size' => 1025.0,
  ),
  'debug' => 
  array (
    'block_performance' => 64.0,
    'additional' => NULL,
  ),
)
}------------------------------------------------------------
2026-08-18T20:26:52+00:0000553	8	DEBUG	0.46Mb	1.16Mb	extract_heartbeat
waInstaller::adjustStageChunk
{------------------------------------------------------------
array (
  'current_chunk' => 64.0,
  'calculated_chunk' => 137.85,
  'performance_data' => 
  array (
    'extract' => 
    array (
      0 => 0,
      1 => 0,
      2 => 0,
      3 => 0,
      4 => 689.25,
    ),
  ),
  'stack_length' => 5,
)
}------------------------------------------------------------
2026-08-18T20:26:52+00:0000554	8	TRACE	0.44Mb	1.16Mb	extract_complete
waInstaller::setState
{------------------------------------------------------------
array (
  'start_time' => 1787084808,
  'start_time_float' => 1787084808.627036,
  'elapsed_time' => 0.0,
  'stage' => false,
  'stage_name' => 'extract',
  'state_heartbeat' => 0.0013349056243896484,
  'thread_id' => '8',
  'chunk_id' => 'wa-plugins/sms/webasystsms',
  'stage_status' => 'complete',
  'timestamp' => 1787084812,
  'timestamp_float' => 1787084812.697171,
  'stage_start_time' => 1787084812.697171,
  'stage_performance' => 0,
  'stage_current_value' => 2560.0,
  'datetime' => 'Tue, 18 Aug 2026 20:26:52 +0000',
  'stage_value' => 524800.0,
  'resume' => 
  array (
    'offset' => 5.0,
    'tar_size' => 1025.0,
  ),
  'debug' => 
  array (
    'block_performance' => 64.0,
    'additional' => NULL,
  ),
)
}------------------------------------------------------------
2026-08-18T20:26:52+00:0000555	8	TRACE	0.44Mb	1.16Mb	extract_heartbeat
waInstaller::setState
{------------------------------------------------------------
array (
  'start_time' => 1787084808,
  'start_time_float' => 1787084808.627036,
  'elapsed_time' => 0.0,
  'stage' => false,
  'stage_name' => 'extract',
  'state_heartbeat' => 0.0005440711975097656,
  'thread_id' => '8',
  'chunk_id' => 'wa-apps/shop/plugins/migrate',
  'stage_status' => 'heartbeat',
  'timestamp' => 1787084812,
  'timestamp_float' => 1787084812.69771,
  'stage_start_time' => 1787084812.69771,
  'stage_performance' => 0,
  'stage_current_value' => 0,
  'datetime' => 'Tue, 18 Aug 2026 20:26:52 +0000',
  'stage_value' => 0,
  'resume' => 
  array (
    'offset' => 5.0,
    'tar_size' => 1025.0,
  ),
  'debug' => 
  array (
    'block_performance' => 64.0,
    'additional' => NULL,
  ),
)
}------------------------------------------------------------
2026-08-18T20:26:52+00:0000556	8	TRACE	0.44Mb	1.16Mb	extract_heartbeat
waInstaller::stageExtract
{------------------------------------------------------------
array (
  'compressed_file' => '/var/www/pharmab2b/httpdocs/wa-sources/wa-apps/shop/plugins/migrate.tar.gz',
  'target_path' => 'wa-data/protected/wa-installer/8/update/wa-apps/shop/plugins/migrate/',
  'base_path' => 'wa-apps/shop/plugins/migrate/',
)
}------------------------------------------------------------
2026-08-18T20:26:52+00:0000557	8	DEBUG	0.46Mb	1.16Mb	extract_heartbeat
waInstaller::setState
{------------------------------------------------------------
array (
  'start_time' => 1787084808,
  'start_time_float' => 1787084808.627036,
  'elapsed_time' => 0.0,
  'stage' => false,
  'stage_name' => 'extract',
  'state_heartbeat' => 0.003834962844848633,
  'thread_id' => '8',
  'chunk_id' => 'wa-apps/shop/plugins/migrate',
  'stage_status' => 'heartbeat',
  'timestamp' => 1787084812,
  'timestamp_float' => 1787084812.701543,
  'stage_start_time' => 1787084812.701543,
  'stage_performance' => 0.0,
  'stage_current_value' => 0,
  'datetime' => 'Tue, 18 Aug 2026 20:26:52 +0000',
  'stage_value' => 1574400.0,
  'resume' => 
  array (
    'offset' => NULL,
    'tar_size' => 3075.0,
  ),
  'debug' => 
  array (
    'block_performance' => 128.0,
    'additional' => NULL,
  ),
)
}------------------------------------------------------------
2026-08-18T20:26:52+00:0000558	8	DEBUG	0.46Mb	1.16Mb	extract_heartbeat
waInstaller::adjustStageChunk
{------------------------------------------------------------
array (
  'current_chunk' => 128.0,
  'calculated_chunk' => 137.85,
  'performance_data' => 
  array (
    'extract' => 
    array (
      0 => 0,
      1 => 0,
      2 => 0,
      3 => 689.25,
      4 => 0,
    ),
  ),
  'stack_length' => 5,
)
}------------------------------------------------------------
2026-08-18T20:26:52+00:0000559	8	TRACE	0.44Mb	1.16Mb	extract_complete
waInstaller::setState
{------------------------------------------------------------
array (
  'start_time' => 1787084808,
  'start_time_float' => 1787084808.627036,
  'elapsed_time' => 0.0,
  'stage' => false,
  'stage_name' => 'extract',
  'state_heartbeat' => 0.024408817291259766,
  'thread_id' => '8',
  'chunk_id' => 'wa-apps/shop/plugins/migrate',
  'stage_status' => 'complete',
  'timestamp' => 1787084812,
  'timestamp_float' => 1787084812.725949,
  'stage_start_time' => 1787084812.725949,
  'stage_performance' => 0,
  'stage_current_value' => 0,
  'datetime' => 'Tue, 18 Aug 2026 20:26:52 +0000',
  'stage_value' => 1574400.0,
  'resume' => 
  array (
    'offset' => NULL,
    'tar_size' => 3075.0,
  ),
  'debug' => 
  array (
    'block_performance' => 128.0,
    'additional' => NULL,
  ),
)
}------------------------------------------------------------
2026-08-18T20:26:52+00:0000560	8	TRACE	0.44Mb	1.16Mb	extract_heartbeat
waInstaller::setState
{------------------------------------------------------------
array (
  'start_time' => 1787084808,
  'start_time_float' => 1787084808.627036,
  'elapsed_time' => 0.0,
  'stage' => false,
  'stage_name' => 'extract',
  'state_heartbeat' => 0.0008058547973632812,
  'thread_id' => '8',
  'chunk_id' => 'wa-apps/shop/plugins/redirect',
  'stage_status' => 'heartbeat',
  'timestamp' => 1787084812,
  'timestamp_float' => 1787084812.726749,
  'stage_start_time' => 1787084812.726749,
  'stage_performance' => 0,
  'stage_current_value' => 0,
  'datetime' => 'Tue, 18 Aug 2026 20:26:52 +0000',
  'stage_value' => 0,
  'resume' => 
  array (
    'offset' => NULL,
    'tar_size' => 3075.0,
  ),
  'debug' => 
  array (
    'block_performance' => 128.0,
    'additional' => NULL,
  ),
)
}------------------------------------------------------------
2026-08-18T20:26:52+00:0000561	8	TRACE	0.44Mb	1.16Mb	extract_heartbeat
waInstaller::stageExtract
{------------------------------------------------------------
array (
  'compressed_file' => '/var/www/pharmab2b/httpdocs/wa-sources/wa-apps/shop/plugins/redirect.tar.gz',
  'target_path' => 'wa-data/protected/wa-installer/8/update/wa-apps/shop/plugins/redirect/',
  'base_path' => 'wa-apps/shop/plugins/redirect/',
)
}------------------------------------------------------------
2026-08-18T20:26:52+00:0000562	8	DEBUG	0.46Mb	1.16Mb	extract_heartbeat
waInstaller::setState
{------------------------------------------------------------
array (
  'start_time' => 1787084808,
  'start_time_float' => 1787084808.627036,
  'elapsed_time' => 0.0,
  'stage' => false,
  'stage_name' => 'extract',
  'state_heartbeat' => 0.0013780593872070312,
  'thread_id' => '8',
  'chunk_id' => 'wa-apps/shop/plugins/redirect',
  'stage_status' => 'heartbeat',
  'timestamp' => 1787084812,
  'timestamp_float' => 1787084812.728125,
  'stage_start_time' => 1787084812.728125,
  'stage_performance' => 0.0,
  'stage_current_value' => 0,
  'datetime' => 'Tue, 18 Aug 2026 20:26:52 +0000',
  'stage_value' => 524800.0,
  'resume' => 
  array (
    'offset' => NULL,
    'tar_size' => 1025.0,
  ),
  'debug' => 
  array (
    'block_performance' => 128.0,
    'additional' => NULL,
  ),
)
}------------------------------------------------------------
2026-08-18T20:26:52+00:0000563	8	DEBUG	0.46Mb	1.16Mb	extract_heartbeat
waInstaller::adjustStageChunk
{------------------------------------------------------------
array (
  'current_chunk' => 128.0,
  'calculated_chunk' => 137.85,
  'performance_data' => 
  array (
    'extract' => 
    array (
      0 => 0,
      1 => 0,
      2 => 689.25,
      3 => 0,
      4 => 0,
    ),
  ),
  'stack_length' => 5,
)
}------------------------------------------------------------
2026-08-18T20:26:52+00:0000564	8	DEBUG	0.46Mb	1.16Mb	extract_heartbeat
waInstaller::setState
{------------------------------------------------------------
array (
  'start_time' => 1787084808,
  'start_time_float' => 1787084808.627036,
  'elapsed_time' => 0.0,
  'stage' => false,
  'stage_name' => 'extract',
  'state_heartbeat' => 0.002846956253051758,
  'thread_id' => '8',
  'chunk_id' => 'wa-apps/shop/plugins/redirect',
  'stage_status' => 'heartbeat',
  'timestamp' => 1787084812,
  'timestamp_float' => 1787084812.73097,
  'stage_start_time' => 1787084812.73097,
  'stage_performance' => 16377892.387529332,
  'stage_current_value' => 46592.0,
  'datetime' => 'Tue, 18 Aug 2026 20:26:52 +0000',
  'stage_value' => 524800.0,
  'resume' => 
  array (
    'offset' => 91.0,
    'tar_size' => 1025.0,
  ),
  'debug' => 
  array (
    'block_performance' => 128.0,
    'additional' => NULL,
  ),
)
}------------------------------------------------------------
2026-08-18T20:26:52+00:0000565	8	DEBUG	0.46Mb	1.16Mb	extract_heartbeat
waInstaller::adjustStageChunk
{------------------------------------------------------------
array (
  'current_chunk' => 128.0,
  'calculated_chunk' => 937.6,
  'performance_data' => 
  array (
    'extract' => 
    array (
      0 => 0,
      1 => 689.25,
      2 => 0,
      3 => 0,
      4 => 3998.75,
    ),
  ),
  'stack_length' => 5,
)
}------------------------------------------------------------
2026-08-18T20:26:52+00:0000566	8	TRACE	0.44Mb	1.16Mb	extract_complete
waInstaller::setState
{------------------------------------------------------------
array (
  'start_time' => 1787084808,
  'start_time_float' => 1787084808.627036,
  'elapsed_time' => 0.0,
  'stage' => false,
  'stage_name' => 'extract',
  'state_heartbeat' => 0.0008981227874755859,
  'thread_id' => '8',
  'chunk_id' => 'wa-apps/shop/plugins/redirect',
  'stage_status' => 'complete',
  'timestamp' => 1787084812,
  'timestamp_float' => 1787084812.731867,
  'stage_start_time' => 1787084812.731867,
  'stage_performance' => 0,
  'stage_current_value' => 46592.0,
  'datetime' => 'Tue, 18 Aug 2026 20:26:52 +0000',
  'stage_value' => 524800.0,
  'resume' => 
  array (
    'offset' => 91.0,
    'tar_size' => 1025.0,
  ),
  'debug' => 
  array (
    'block_performance' => 128.0,
    'additional' => NULL,
  ),
)
}------------------------------------------------------------
2026-08-18T20:26:52+00:0000567	8	TRACE	0.44Mb	1.16Mb	extract_heartbeat
waInstaller::setState
{------------------------------------------------------------
array (
  'start_time' => 1787084808,
  'start_time_float' => 1787084808.627036,
  'elapsed_time' => 0.0,
  'stage' => false,
  'stage_name' => 'extract',
  'state_heartbeat' => 0.0006728172302246094,
  'thread_id' => '8',
  'chunk_id' => 'wa-apps/blog/widgets/comments',
  'stage_status' => 'heartbeat',
  'timestamp' => 1787084812,
  'timestamp_float' => 1787084812.732535,
  'stage_start_time' => 1787084812.732536,
  'stage_performance' => 0,
  'stage_current_value' => 0,
  'datetime' => 'Tue, 18 Aug 2026 20:26:52 +0000',
  'stage_value' => 0,
  'resume' => 
  array (
    'offset' => 91.0,
    'tar_size' => 1025.0,
  ),
  'debug' => 
  array (
    'block_performance' => 128.0,
    'additional' => NULL,
  ),
)
}------------------------------------------------------------
2026-08-18T20:26:52+00:0000568	8	TRACE	0.44Mb	1.16Mb	extract_heartbeat
waInstaller::stageExtract
{------------------------------------------------------------
array (
  'compressed_file' => '/var/www/pharmab2b/httpdocs/wa-sources/wa-apps/blog/widgets/comments.tar.gz',
  'target_path' => 'wa-data/protected/wa-installer/8/update/wa-apps/blog/widgets/comments/',
  'base_path' => 'wa-apps/blog/widgets/comments/',
)
}------------------------------------------------------------
2026-08-18T20:26:52+00:0000569	8	DEBUG	0.46Mb	1.16Mb	extract_heartbeat
waInstaller::setState
{------------------------------------------------------------
array (
  'start_time' => 1787084808,
  'start_time_float' => 1787084808.627036,
  'elapsed_time' => 0.0,
  'stage' => false,
  'stage_name' => 'extract',
  'state_heartbeat' => 0.0008881092071533203,
  'thread_id' => '8',
  'chunk_id' => 'wa-apps/blog/widgets/comments',
  'stage_status' => 'heartbeat',
  'timestamp' => 1787084812,
  'timestamp_float' => 1787084812.733421,
  'stage_start_time' => 1787084812.733421,
  'stage_performance' => 0.0,
  'stage_current_value' => 0,
  'datetime' => 'Tue, 18 Aug 2026 20:26:52 +0000',
  'stage_value' => 524800.0,
  'resume' => 
  array (
    'offset' => NULL,
    'tar_size' => 1025.0,
  ),
  'debug' => 
  array (
    'block_performance' => 128.0,
    'additional' => NULL,
  ),
)
}------------------------------------------------------------
2026-08-18T20:26:52+00:0000570	8	DEBUG	0.46Mb	1.16Mb	extract_heartbeat
waInstaller::adjustStageChunk
{------------------------------------------------------------
array (
  'current_chunk' => 128.0,
  'calculated_chunk' => 937.6,
  'performance_data' => 
  array (
    'extract' => 
    array (
      0 => 689.25,
      1 => 0,
      2 => 0,
      3 => 3998.75,
      4 => 0,
    ),
  ),
  'stack_length' => 5,
)
}------------------------------------------------------------
2026-08-18T20:26:52+00:0000571	8	TRACE	0.44Mb	1.16Mb	extract_complete
waInstaller::setState
{------------------------------------------------------------
array (
  'start_time' => 1787084808,
  'start_time_float' => 1787084808.627036,
  'elapsed_time' => 0.0,
  'stage' => false,
  'stage_name' => 'extract',
  'state_heartbeat' => 0.003081798553466797,
  'thread_id' => '8',
  'chunk_id' => 'wa-apps/blog/widgets/comments',
  'stage_status' => 'complete',
  'timestamp' => 1787084812,
  'timestamp_float' => 1787084812.736501,
  'stage_start_time' => 1787084812.736502,
  'stage_performance' => 0,
  'stage_current_value' => 0,
  'datetime' => 'Tue, 18 Aug 2026 20:26:52 +0000',
  'stage_value' => 524800.0,
  'resume' => 
  array (
    'offset' => NULL,
    'tar_size' => 1025.0,
  ),
  'debug' => 
  array (
    'block_performance' => 128.0,
    'additional' => NULL,
  ),
)
}------------------------------------------------------------
2026-08-18T20:26:52+00:0000572	8	TRACE	0.44Mb	1.16Mb	extract_heartbeat
waInstaller::setState
{------------------------------------------------------------
array (
  'start_time' => 1787084808,
  'start_time_float' => 1787084808.627036,
  'elapsed_time' => 0.0,
  'stage' => false,
  'stage_name' => 'extract',
  'state_heartbeat' => 0.0006561279296875,
  'thread_id' => '8',
  'chunk_id' => 'wa-apps/blog/widgets/posts',
  'stage_status' => 'heartbeat',
  'timestamp' => 1787084812,
  'timestamp_float' => 1787084812.737151,
  'stage_start_time' => 1787084812.737151,
  'stage_performance' => 0,
  'stage_current_value' => 0,
  'datetime' => 'Tue, 18 Aug 2026 20:26:52 +0000',
  'stage_value' => 0,
  'resume' => 
  array (
    'offset' => NULL,
    'tar_size' => 1025.0,
  ),
  'debug' => 
  array (
    'block_performance' => 128.0,
    'additional' => NULL,
  ),
)
}------------------------------------------------------------
2026-08-18T20:26:52+00:0000573	8	TRACE	0.44Mb	1.16Mb	extract_heartbeat
waInstaller::stageExtract
{------------------------------------------------------------
array (
  'compressed_file' => '/var/www/pharmab2b/httpdocs/wa-sources/wa-apps/blog/widgets/posts.tar.gz',
  'target_path' => 'wa-data/protected/wa-installer/8/update/wa-apps/blog/widgets/posts/',
  'base_path' => 'wa-apps/blog/widgets/posts/',
)
}------------------------------------------------------------
2026-08-18T20:26:52+00:0000574	8	DEBUG	0.46Mb	1.16Mb	extract_heartbeat
waInstaller::setState
{------------------------------------------------------------
array (
  'start_time' => 1787084808,
  'start_time_float' => 1787084808.627036,
  'elapsed_time' => 0.0,
  'stage' => false,
  'stage_name' => 'extract',
  'state_heartbeat' => 0.000820159912109375,
  'thread_id' => '8',
  'chunk_id' => 'wa-apps/blog/widgets/posts',
  'stage_status' => 'heartbeat',
  'timestamp' => 1787084812,
  'timestamp_float' => 1787084812.737969,
  'stage_start_time' => 1787084812.737969,
  'stage_performance' => 0.0,
  'stage_current_value' => 0,
  'datetime' => 'Tue, 18 Aug 2026 20:26:52 +0000',
  'stage_value' => 524800.0,
  'resume' => 
  array (
    'offset' => NULL,
    'tar_size' => 1025.0,
  ),
  'debug' => 
  array (
    'block_performance' => 128.0,
    'additional' => NULL,
  ),
)
}------------------------------------------------------------
2026-08-18T20:26:52+00:0000575	8	DEBUG	0.46Mb	1.16Mb	extract_heartbeat
waInstaller::adjustStageChunk
{------------------------------------------------------------
array (
  'current_chunk' => 128.0,
  'calculated_chunk' => 799.75,
  'performance_data' => 
  array (
    'extract' => 
    array (
      0 => 0,
      1 => 0,
      2 => 3998.75,
      3 => 0,
      4 => 0,
    ),
  ),
  'stack_length' => 5,
)
}------------------------------------------------------------
2026-08-18T20:26:52+00:0000576	8	TRACE	0.44Mb	1.16Mb	extract_complete
waInstaller::setState
{------------------------------------------------------------
array (
  'start_time' => 1787084808,
  'start_time_float' => 1787084808.627036,
  'elapsed_time' => 0.0,
  'stage' => false,
  'stage_name' => 'extract',
  'state_heartbeat' => 0.0030710697174072266,
  'thread_id' => '8',
  'chunk_id' => 'wa-apps/blog/widgets/posts',
  'stage_status' => 'complete',
  'timestamp' => 1787084812,
  'timestamp_float' => 1787084812.741038,
  'stage_start_time' => 1787084812.741038,
  'stage_performance' => 0,
  'stage_current_value' => 0,
  'datetime' => 'Tue, 18 Aug 2026 20:26:52 +0000',
  'stage_value' => 524800.0,
  'resume' => 
  array (
    'offset' => NULL,
    'tar_size' => 1025.0,
  ),
  'debug' => 
  array (
    'block_performance' => 128.0,
    'additional' => NULL,
  ),
)
}------------------------------------------------------------
2026-08-18T20:26:52+00:0000577	8	TRACE	0.44Mb	1.16Mb	extract_heartbeat
waInstaller::setState
{------------------------------------------------------------
array (
  'start_time' => 1787084808,
  'start_time_float' => 1787084808.627036,
  'elapsed_time' => 0.0,
  'stage' => false,
  'stage_name' => 'extract',
  'state_heartbeat' => 0.0006220340728759766,
  'thread_id' => '8',
  'chunk_id' => 'wa-apps/files/widgets/uploaded',
  'stage_status' => 'heartbeat',
  'timestamp' => 1787084812,
  'timestamp_float' => 1787084812.741655,
  'stage_start_time' => 1787084812.741656,
  'stage_performance' => 0,
  'stage_current_value' => 0,
  'datetime' => 'Tue, 18 Aug 2026 20:26:52 +0000',
  'stage_value' => 0,
  'resume' => 
  array (
    'offset' => NULL,
    'tar_size' => 1025.0,
  ),
  'debug' => 
  array (
    'block_performance' => 128.0,
    'additional' => NULL,
  ),
)
}------------------------------------------------------------
2026-08-18T20:26:52+00:0000578	8	TRACE	0.44Mb	1.16Mb	extract_heartbeat
waInstaller::stageExtract
{------------------------------------------------------------
array (
  'compressed_file' => '/var/www/pharmab2b/httpdocs/wa-sources/wa-apps/files/widgets/uploaded.tar.gz',
  'target_path' => 'wa-data/protected/wa-installer/8/update/wa-apps/files/widgets/uploaded/',
  'base_path' => 'wa-apps/files/widgets/uploaded/',
)
}------------------------------------------------------------
2026-08-18T20:26:52+00:0000579	8	DEBUG	0.46Mb	1.16Mb	extract_heartbeat
waInstaller::setState
{------------------------------------------------------------
array (
  'start_time' => 1787084808,
  'start_time_float' => 1787084808.627036,
  'elapsed_time' => 0.0,
  'stage' => false,
  'stage_name' => 'extract',
  'state_heartbeat' => 0.0011248588562011719,
  'thread_id' => '8',
  'chunk_id' => 'wa-apps/files/widgets/uploaded',
  'stage_status' => 'heartbeat',
  'timestamp' => 1787084812,
  'timestamp_float' => 1787084812.742778,
  'stage_start_time' => 1787084812.742778,
  'stage_performance' => 0.0,
  'stage_current_value' => 0,
  'datetime' => 'Tue, 18 Aug 2026 20:26:52 +0000',
  'stage_value' => 524800.0,
  'resume' => 
  array (
    'offset' => NULL,
    'tar_size' => 1025.0,
  ),
  'debug' => 
  array (
    'block_performance' => 128.0,
    'additional' => NULL,
  ),
)
}------------------------------------------------------------
2026-08-18T20:26:52+00:0000580	8	DEBUG	0.46Mb	1.16Mb	extract_heartbeat
waInstaller::adjustStageChunk
{------------------------------------------------------------
array (
  'current_chunk' => 128.0,
  'calculated_chunk' => 799.75,
  'performance_data' => 
  array (
    'extract' => 
    array (
      0 => 0,
      1 => 3998.75,
      2 => 0,
      3 => 0,
      4 => 0,
    ),
  ),
  'stack_length' => 5,
)
}------------------------------------------------------------
2026-08-18T20:26:52+00:0000581	8	TRACE	0.44Mb	1.16Mb	extract_complete
waInstaller::setState
{------------------------------------------------------------
array (
  'start_time' => 1787084808,
  'start_time_float' => 1787084808.627036,
  'elapsed_time' => 0.0,
  'stage' => false,
  'stage_name' => 'extract',
  'state_heartbeat' => 0.0028378963470458984,
  'thread_id' => '8',
  'chunk_id' => 'wa-apps/files/widgets/uploaded',
  'stage_status' => 'complete',
  'timestamp' => 1787084812,
  'timestamp_float' => 1787084812.745614,
  'stage_start_time' => 1787084812.745614,
  'stage_performance' => 0,
  'stage_current_value' => 0,
  'datetime' => 'Tue, 18 Aug 2026 20:26:52 +0000',
  'stage_value' => 524800.0,
  'resume' => 
  array (
    'offset' => NULL,
    'tar_size' => 1025.0,
  ),
  'debug' => 
  array (
    'block_performance' => 128.0,
    'additional' => NULL,
  ),
)
}------------------------------------------------------------
2026-08-18T20:26:52+00:0000582	8	TRACE	0.44Mb	1.16Mb	extract_heartbeat
waInstaller::setState
{------------------------------------------------------------
array (
  'start_time' => 1787084808,
  'start_time_float' => 1787084808.627036,
  'elapsed_time' => 0.0,
  'stage' => false,
  'stage_name' => 'extract',
  'state_heartbeat' => 0.0006799697875976562,
  'thread_id' => '8',
  'chunk_id' => 'wa-apps/hub/widgets/comments',
  'stage_status' => 'heartbeat',
  'timestamp' => 1787084812,
  'timestamp_float' => 1787084812.746288,
  'stage_start_time' => 1787084812.746288,
  'stage_performance' => 0,
  'stage_current_value' => 0,
  'datetime' => 'Tue, 18 Aug 2026 20:26:52 +0000',
  'stage_value' => 0,
  'resume' => 
  array (
    'offset' => NULL,
    'tar_size' => 1025.0,
  ),
  'debug' => 
  array (
    'block_performance' => 128.0,
    'additional' => NULL,
  ),
)
}------------------------------------------------------------
2026-08-18T20:26:52+00:0000583	8	TRACE	0.44Mb	1.16Mb	extract_heartbeat
waInstaller::stageExtract
{------------------------------------------------------------
array (
  'compressed_file' => '/var/www/pharmab2b/httpdocs/wa-sources/wa-apps/hub/widgets/comments.tar.gz',
  'target_path' => 'wa-data/protected/wa-installer/8/update/wa-apps/hub/widgets/comments/',
  'base_path' => 'wa-apps/hub/widgets/comments/',
)
}------------------------------------------------------------
2026-08-18T20:26:52+00:0000584	8	DEBUG	0.46Mb	1.16Mb	extract_heartbeat
waInstaller::setState
{------------------------------------------------------------
array (
  'start_time' => 1787084808,
  'start_time_float' => 1787084808.627036,
  'elapsed_time' => 0.0,
  'stage' => false,
  'stage_name' => 'extract',
  'state_heartbeat' => 0.0011458396911621094,
  'thread_id' => '8',
  'chunk_id' => 'wa-apps/hub/widgets/comments',
  'stage_status' => 'heartbeat',
  'timestamp' => 1787084812,
  'timestamp_float' => 1787084812.747432,
  'stage_start_time' => 1787084812.747432,
  'stage_performance' => 0.0,
  'stage_current_value' => 0,
  'datetime' => 'Tue, 18 Aug 2026 20:26:52 +0000',
  'stage_value' => 524800.0,
  'resume' => 
  array (
    'offset' => NULL,
    'tar_size' => 1025.0,
  ),
  'debug' => 
  array (
    'block_performance' => 128.0,
    'additional' => NULL,
  ),
)
}------------------------------------------------------------
2026-08-18T20:26:52+00:0000585	8	DEBUG	0.46Mb	1.16Mb	extract_heartbeat
waInstaller::adjustStageChunk
{------------------------------------------------------------
array (
  'current_chunk' => 128.0,
  'calculated_chunk' => 799.75,
  'performance_data' => 
  array (
    'extract' => 
    array (
      0 => 3998.75,
      1 => 0,
      2 => 0,
      3 => 0,
      4 => 0,
    ),
  ),
  'stack_length' => 5,
)
}------------------------------------------------------------
2026-08-18T20:26:52+00:0000586	8	TRACE	0.44Mb	1.16Mb	extract_complete
waInstaller::setState
{------------------------------------------------------------
array (
  'start_time' => 1787084808,
  'start_time_float' => 1787084808.627036,
  'elapsed_time' => 0.0,
  'stage' => false,
  'stage_name' => 'extract',
  'state_heartbeat' => 0.003083944320678711,
  'thread_id' => '8',
  'chunk_id' => 'wa-apps/hub/widgets/comments',
  'stage_status' => 'complete',
  'timestamp' => 1787084812,
  'timestamp_float' => 1787084812.750513,
  'stage_start_time' => 1787084812.750513,
  'stage_performance' => 0,
  'stage_current_value' => 0,
  'datetime' => 'Tue, 18 Aug 2026 20:26:52 +0000',
  'stage_value' => 524800.0,
  'resume' => 
  array (
    'offset' => NULL,
    'tar_size' => 1025.0,
  ),
  'debug' => 
  array (
    'block_performance' => 128.0,
    'additional' => NULL,
  ),
)
}------------------------------------------------------------
2026-08-18T20:26:52+00:0000587	8	TRACE	0.44Mb	1.16Mb	extract_heartbeat
waInstaller::setState
{------------------------------------------------------------
array (
  'start_time' => 1787084808,
  'start_time_float' => 1787084808.627036,
  'elapsed_time' => 0.0,
  'stage' => false,
  'stage_name' => 'extract',
  'state_heartbeat' => 0.0008959770202636719,
  'thread_id' => '8',
  'chunk_id' => 'wa-apps/photos/widgets/photos',
  'stage_status' => 'heartbeat',
  'timestamp' => 1787084812,
  'timestamp_float' => 1787084812.751402,
  'stage_start_time' => 1787084812.751402,
  'stage_performance' => 0,
  'stage_current_value' => 0,
  'datetime' => 'Tue, 18 Aug 2026 20:26:52 +0000',
  'stage_value' => 0,
  'resume' => 
  array (
    'offset' => NULL,
    'tar_size' => 1025.0,
  ),
  'debug' => 
  array (
    'block_performance' => 128.0,
    'additional' => NULL,
  ),
)
}------------------------------------------------------------
2026-08-18T20:26:52+00:0000588	8	TRACE	0.44Mb	1.16Mb	extract_heartbeat
waInstaller::stageExtract
{------------------------------------------------------------
array (
  'compressed_file' => '/var/www/pharmab2b/httpdocs/wa-sources/wa-apps/photos/widgets/photos.tar.gz',
  'target_path' => 'wa-data/protected/wa-installer/8/update/wa-apps/photos/widgets/photos/',
  'base_path' => 'wa-apps/photos/widgets/photos/',
)
}------------------------------------------------------------
2026-08-18T20:26:52+00:0000589	8	DEBUG	0.46Mb	1.16Mb	extract_heartbeat
waInstaller::setState
{------------------------------------------------------------
array (
  'start_time' => 1787084808,
  'start_time_float' => 1787084808.627036,
  'elapsed_time' => 0.0,
  'stage' => false,
  'stage_name' => 'extract',
  'state_heartbeat' => 0.0013551712036132812,
  'thread_id' => '8',
  'chunk_id' => 'wa-apps/photos/widgets/photos',
  'stage_status' => 'heartbeat',
  'timestamp' => 1787084812,
  'timestamp_float' => 1787084812.752755,
  'stage_start_time' => 1787084812.752755,
  'stage_performance' => 0.0,
  'stage_current_value' => 0,
  'datetime' => 'Tue, 18 Aug 2026 20:26:52 +0000',
  'stage_value' => 524800.0,
  'resume' => 
  array (
    'offset' => NULL,
    'tar_size' => 1025.0,
  ),
  'debug' => 
  array (
    'block_performance' => 128.0,
    'additional' => NULL,
  ),
)
}------------------------------------------------------------
2026-08-18T20:26:52+00:0000590	8	DEBUG	0.46Mb	1.16Mb	extract_heartbeat
waInstaller::adjustStageChunk
{------------------------------------------------------------
array (
  'current_chunk' => 128.0,
  'calculated_chunk' => 0,
  'performance_data' => 
  array (
    'extract' => 
    array (
      0 => 0,
      1 => 0,
      2 => 0,
      3 => 0,
      4 => 0,
    ),
  ),
  'stack_length' => 5,
)
}------------------------------------------------------------
2026-08-18T20:26:52+00:0000591	8	TRACE	0.44Mb	1.16Mb	extract_complete
waInstaller::setState
{------------------------------------------------------------
array (
  'start_time' => 1787084808,
  'start_time_float' => 1787084808.627036,
  'elapsed_time' => 0.0,
  'stage' => false,
  'stage_name' => 'extract',
  'state_heartbeat' => 0.003194093704223633,
  'thread_id' => '8',
  'chunk_id' => 'wa-apps/photos/widgets/photos',
  'stage_status' => 'complete',
  'timestamp' => 1787084812,
  'timestamp_float' => 1787084812.755947,
  'stage_start_time' => 1787084812.755947,
  'stage_performance' => 0,
  'stage_current_value' => 0,
  'datetime' => 'Tue, 18 Aug 2026 20:26:52 +0000',
  'stage_value' => 524800.0,
  'resume' => 
  array (
    'offset' => NULL,
    'tar_size' => 1025.0,
  ),
  'debug' => 
  array (
    'block_performance' => 128.0,
    'additional' => NULL,
  ),
)
}------------------------------------------------------------
2026-08-18T20:26:52+00:0000592	8	TRACE	0.44Mb	1.16Mb	extract_heartbeat
waInstaller::setState
{------------------------------------------------------------
array (
  'start_time' => 1787084808,
  'start_time_float' => 1787084808.627036,
  'elapsed_time' => 0.0,
  'stage' => false,
  'stage_name' => 'extract',
  'state_heartbeat' => 0.0006558895111083984,
  'thread_id' => '8',
  'chunk_id' => 'wa-apps/shop/widgets/customers',
  'stage_status' => 'heartbeat',
  'timestamp' => 1787084812,
  'timestamp_float' => 1787084812.756598,
  'stage_start_time' => 1787084812.756598,
  'stage_performance' => 0,
  'stage_current_value' => 0,
  'datetime' => 'Tue, 18 Aug 2026 20:26:52 +0000',
  'stage_value' => 0,
  'resume' => 
  array (
    'offset' => NULL,
    'tar_size' => 1025.0,
  ),
  'debug' => 
  array (
    'block_performance' => 128.0,
    'additional' => NULL,
  ),
)
}------------------------------------------------------------
2026-08-18T20:26:52+00:0000593	8	TRACE	0.44Mb	1.16Mb	extract_heartbeat
waInstaller::stageExtract
{------------------------------------------------------------
array (
  'compressed_file' => '/var/www/pharmab2b/httpdocs/wa-sources/wa-apps/shop/widgets/customers.tar.gz',
  'target_path' => 'wa-data/protected/wa-installer/8/update/wa-apps/shop/widgets/customers/',
  'base_path' => 'wa-apps/shop/widgets/customers/',
)
}------------------------------------------------------------
2026-08-18T20:26:52+00:0000594	8	DEBUG	0.46Mb	1.16Mb	extract_heartbeat
waInstaller::setState
{------------------------------------------------------------
array (
  'start_time' => 1787084808,
  'start_time_float' => 1787084808.627036,
  'elapsed_time' => 0.0,
  'stage' => false,
  'stage_name' => 'extract',
  'state_heartbeat' => 0.0008308887481689453,
  'thread_id' => '8',
  'chunk_id' => 'wa-apps/shop/widgets/customers',
  'stage_status' => 'heartbeat',
  'timestamp' => 1787084812,
  'timestamp_float' => 1787084812.757428,
  'stage_start_time' => 1787084812.757428,
  'stage_performance' => 0.0,
  'stage_current_value' => 0,
  'datetime' => 'Tue, 18 Aug 2026 20:26:52 +0000',
  'stage_value' => 524800.0,
  'resume' => 
  array (
    'offset' => NULL,
    'tar_size' => 1025.0,
  ),
  'debug' => 
  array (
    'block_performance' => 64.0,
    'additional' => NULL,
  ),
)
}------------------------------------------------------------
2026-08-18T20:26:52+00:0000595	8	DEBUG	0.46Mb	1.16Mb	extract_heartbeat
waInstaller::adjustStageChunk
{------------------------------------------------------------
array (
  'current_chunk' => 64.0,
  'calculated_chunk' => 0,
  'performance_data' => 
  array (
    'extract' => 
    array (
      0 => 0,
      1 => 0,
      2 => 0,
      3 => 0,
      4 => 0,
    ),
  ),
  'stack_length' => 5,
)
}------------------------------------------------------------
2026-08-18T20:26:52+00:0000596	8	TRACE	0.44Mb	1.16Mb	extract_complete
waInstaller::setState
{------------------------------------------------------------
array (
  'start_time' => 1787084808,
  'start_time_float' => 1787084808.627036,
  'elapsed_time' => 0.0,
  'stage' => false,
  'stage_name' => 'extract',
  'state_heartbeat' => 0.0034079551696777344,
  'thread_id' => '8',
  'chunk_id' => 'wa-apps/shop/widgets/customers',
  'stage_status' => 'complete',
  'timestamp' => 1787084812,
  'timestamp_float' => 1787084812.760833,
  'stage_start_time' => 1787084812.760834,
  'stage_performance' => 0,
  'stage_current_value' => 0,
  'datetime' => 'Tue, 18 Aug 2026 20:26:52 +0000',
  'stage_value' => 524800.0,
  'resume' => 
  array (
    'offset' => NULL,
    'tar_size' => 1025.0,
  ),
  'debug' => 
  array (
    'block_performance' => 64.0,
    'additional' => NULL,
  ),
)
}------------------------------------------------------------
2026-08-18T20:26:52+00:0000597	8	TRACE	0.44Mb	1.16Mb	extract_heartbeat
waInstaller::setState
{------------------------------------------------------------
array (
  'start_time' => 1787084808,
  'start_time_float' => 1787084808.627036,
  'elapsed_time' => 0.0,
  'stage' => false,
  'stage_name' => 'extract',
  'state_heartbeat' => 0.0006489753723144531,
  'thread_id' => '8',
  'chunk_id' => 'wa-apps/shop/widgets/kpi',
  'stage_status' => 'heartbeat',
  'timestamp' => 1787084812,
  'timestamp_float' => 1787084812.761478,
  'stage_start_time' => 1787084812.761478,
  'stage_performance' => 0,
  'stage_current_value' => 0,
  'datetime' => 'Tue, 18 Aug 2026 20:26:52 +0000',
  'stage_value' => 0,
  'resume' => 
  array (
    'offset' => NULL,
    'tar_size' => 1025.0,
  ),
  'debug' => 
  array (
    'block_performance' => 64.0,
    'additional' => NULL,
  ),
)
}------------------------------------------------------------
2026-08-18T20:26:52+00:0000598	8	TRACE	0.44Mb	1.16Mb	extract_heartbeat
waInstaller::stageExtract
{------------------------------------------------------------
array (
  'compressed_file' => '/var/www/pharmab2b/httpdocs/wa-sources/wa-apps/shop/widgets/kpi.tar.gz',
  'target_path' => 'wa-data/protected/wa-installer/8/update/wa-apps/shop/widgets/kpi/',
  'base_path' => 'wa-apps/shop/widgets/kpi/',
)
}------------------------------------------------------------
2026-08-18T20:26:52+00:0000599	8	DEBUG	0.46Mb	1.16Mb	extract_heartbeat
waInstaller::setState
{------------------------------------------------------------
array (
  'start_time' => 1787084808,
  'start_time_float' => 1787084808.627036,
  'elapsed_time' => 0.0,
  'stage' => false,
  'stage_name' => 'extract',
  'state_heartbeat' => 0.0008759498596191406,
  'thread_id' => '8',
  'chunk_id' => 'wa-apps/shop/widgets/kpi',
  'stage_status' => 'heartbeat',
  'timestamp' => 1787084812,
  'timestamp_float' => 1787084812.762352,
  'stage_start_time' => 1787084812.762352,
  'stage_performance' => 0.0,
  'stage_current_value' => 0,
  'datetime' => 'Tue, 18 Aug 2026 20:26:52 +0000',
  'stage_value' => 524800.0,
  'resume' => 
  array (
    'offset' => NULL,
    'tar_size' => 1025.0,
  ),
  'debug' => 
  array (
    'block_performance' => 32.0,
    'additional' => NULL,
  ),
)
}------------------------------------------------------------
2026-08-18T20:26:52+00:0000600	8	DEBUG	0.46Mb	1.16Mb	extract_heartbeat
waInstaller::adjustStageChunk
{------------------------------------------------------------
array (
  'current_chunk' => 32.0,
  'calculated_chunk' => 0,
  'performance_data' => 
  array (
    'extract' => 
    array (
      0 => 0,
      1 => 0,
      2 => 0,
      3 => 0,
      4 => 0,
    ),
  ),
  'stack_length' => 5,
)
}------------------------------------------------------------
2026-08-18T20:26:52+00:0000601	8	TRACE	0.44Mb	1.16Mb	extract_complete
waInstaller::setState
{------------------------------------------------------------
array (
  'start_time' => 1787084808,
  'start_time_float' => 1787084808.627036,
  'elapsed_time' => 0.0,
  'stage' => false,
  'stage_name' => 'extract',
  'state_heartbeat' => 0.0029349327087402344,
  'thread_id' => '8',
  'chunk_id' => 'wa-apps/shop/widgets/kpi',
  'stage_status' => 'complete',
  'timestamp' => 1787084812,
  'timestamp_float' => 1787084812.765285,
  'stage_start_time' => 1787084812.765286,
  'stage_performance' => 0,
  'stage_current_value' => 0,
  'datetime' => 'Tue, 18 Aug 2026 20:26:52 +0000',
  'stage_value' => 524800.0,
  'resume' => 
  array (
    'offset' => NULL,
    'tar_size' => 1025.0,
  ),
  'debug' => 
  array (
    'block_performance' => 32.0,
    'additional' => NULL,
  ),
)
}------------------------------------------------------------
2026-08-18T20:26:52+00:0000602	8	TRACE	0.44Mb	1.16Mb	extract_heartbeat
waInstaller::setState
{------------------------------------------------------------
array (
  'start_time' => 1787084808,
  'start_time_float' => 1787084808.627036,
  'elapsed_time' => 0.0,
  'stage' => false,
  'stage_name' => 'extract',
  'state_heartbeat' => 0.0005869865417480469,
  'thread_id' => '8',
  'chunk_id' => 'wa-apps/shop/widgets/products',
  'stage_status' => 'heartbeat',
  'timestamp' => 1787084812,
  'timestamp_float' => 1787084812.765868,
  'stage_start_time' => 1787084812.765868,
  'stage_performance' => 0,
  'stage_current_value' => 0,
  'datetime' => 'Tue, 18 Aug 2026 20:26:52 +0000',
  'stage_value' => 0,
  'resume' => 
  array (
    'offset' => NULL,
    'tar_size' => 1025.0,
  ),
  'debug' => 
  array (
    'block_performance' => 32.0,
    'additional' => NULL,
  ),
)
}------------------------------------------------------------
2026-08-18T20:26:52+00:0000603	8	TRACE	0.44Mb	1.16Mb	extract_heartbeat
waInstaller::stageExtract
{------------------------------------------------------------
array (
  'compressed_file' => '/var/www/pharmab2b/httpdocs/wa-sources/wa-apps/shop/widgets/products.tar.gz',
  'target_path' => 'wa-data/protected/wa-installer/8/update/wa-apps/shop/widgets/products/',
  'base_path' => 'wa-apps/shop/widgets/products/',
)
}------------------------------------------------------------
2026-08-18T20:26:52+00:0000604	8	DEBUG	0.46Mb	1.16Mb	extract_heartbeat
waInstaller::setState
{------------------------------------------------------------
array (
  'start_time' => 1787084808,
  'start_time_float' => 1787084808.627036,
  'elapsed_time' => 0.0,
  'stage' => false,
  'stage_name' => 'extract',
  'state_heartbeat' => 0.0008440017700195312,
  'thread_id' => '8',
  'chunk_id' => 'wa-apps/shop/widgets/products',
  'stage_status' => 'heartbeat',
  'timestamp' => 1787084812,
  'timestamp_float' => 1787084812.76671,
  'stage_start_time' => 1787084812.76671,
  'stage_performance' => 0.0,
  'stage_current_value' => 0,
  'datetime' => 'Tue, 18 Aug 2026 20:26:52 +0000',
  'stage_value' => 524800.0,
  'resume' => 
  array (
    'offset' => NULL,
    'tar_size' => 1025.0,
  ),
  'debug' => 
  array (
    'block_performance' => 16.0,
    'additional' => NULL,
  ),
)
}------------------------------------------------------------
2026-08-18T20:26:52+00:0000605	8	DEBUG	0.46Mb	1.16Mb	extract_heartbeat
waInstaller::adjustStageChunk
{------------------------------------------------------------
array (
  'current_chunk' => 16.0,
  'calculated_chunk' => 0,
  'performance_data' => 
  array (
    'extract' => 
    array (
      0 => 0,
      1 => 0,
      2 => 0,
      3 => 0,
      4 => 0,
    ),
  ),
  'stack_length' => 5,
)
}------------------------------------------------------------
2026-08-18T20:26:52+00:0000606	8	DEBUG	0.46Mb	1.16Mb	extract_heartbeat
waInstaller::setState
{------------------------------------------------------------
array (
  'start_time' => 1787084808,
  'start_time_float' => 1787084808.627036,
  'elapsed_time' => 0.0,
  'stage' => false,
  'stage_name' => 'extract',
  'state_heartbeat' => 0.002608060836791992,
  'thread_id' => '8',
  'chunk_id' => 'wa-apps/shop/widgets/products',
  'stage_status' => 'heartbeat',
  'timestamp' => 1787084812,
  'timestamp_float' => 1787084812.769316,
  'stage_start_time' => 1787084812.769316,
  'stage_performance' => 12377993.579505946,
  'stage_current_value' => 32256.0,
  'datetime' => 'Tue, 18 Aug 2026 20:26:52 +0000',
  'stage_value' => 524800.0,
  'resume' => 
  array (
    'offset' => 63.0,
    'tar_size' => 1025.0,
  ),
  'debug' => 
  array (
    'block_performance' => 16.0,
    'additional' => NULL,
  ),
)
}------------------------------------------------------------
2026-08-18T20:26:52+00:0000607	8	DEBUG	0.46Mb	1.16Mb	extract_heartbeat
waInstaller::adjustStageChunk
{------------------------------------------------------------
array (
  'current_chunk' => 16.0,
  'calculated_chunk' => 604.4,
  'performance_data' => 
  array (
    'extract' => 
    array (
      0 => 0,
      1 => 0,
      2 => 0,
      3 => 0,
      4 => 3022,
    ),
  ),
  'stack_length' => 5,
)
}------------------------------------------------------------
2026-08-18T20:26:52+00:0000608	8	TRACE	0.44Mb	1.16Mb	extract_complete
waInstaller::setState
{------------------------------------------------------------
array (
  'start_time' => 1787084808,
  'start_time_float' => 1787084808.627036,
  'elapsed_time' => 0.0,
  'stage' => false,
  'stage_name' => 'extract',
  'state_heartbeat' => 0.0011000633239746094,
  'thread_id' => '8',
  'chunk_id' => 'wa-apps/shop/widgets/products',
  'stage_status' => 'complete',
  'timestamp' => 1787084812,
  'timestamp_float' => 1787084812.770414,
  'stage_start_time' => 1787084812.770414,
  'stage_performance' => 0,
  'stage_current_value' => 32256.0,
  'datetime' => 'Tue, 18 Aug 2026 20:26:52 +0000',
  'stage_value' => 524800.0,
  'resume' => 
  array (
    'offset' => 63.0,
    'tar_size' => 1025.0,
  ),
  'debug' => 
  array (
    'block_performance' => 16.0,
    'additional' => NULL,
  ),
)
}------------------------------------------------------------
2026-08-18T20:26:52+00:0000609	8	TRACE	0.44Mb	1.16Mb	extract_heartbeat
waInstaller::setState
{------------------------------------------------------------
array (
  'start_time' => 1787084808,
  'start_time_float' => 1787084808.627036,
  'elapsed_time' => 0.0,
  'stage' => false,
  'stage_name' => 'extract',
  'state_heartbeat' => 0.0005669593811035156,
  'thread_id' => '8',
  'chunk_id' => 'wa-apps/shop/widgets/sources',
  'stage_status' => 'heartbeat',
  'timestamp' => 1787084812,
  'timestamp_float' => 1787084812.770977,
  'stage_start_time' => 1787084812.770977,
  'stage_performance' => 0,
  'stage_current_value' => 0,
  'datetime' => 'Tue, 18 Aug 2026 20:26:52 +0000',
  'stage_value' => 0,
  'resume' => 
  array (
    'offset' => 63.0,
    'tar_size' => 1025.0,
  ),
  'debug' => 
  array (
    'block_performance' => 16.0,
    'additional' => NULL,
  ),
)
}------------------------------------------------------------
2026-08-18T20:26:52+00:0000610	8	TRACE	0.44Mb	1.16Mb	extract_heartbeat
waInstaller::stageExtract
{------------------------------------------------------------
array (
  'compressed_file' => '/var/www/pharmab2b/httpdocs/wa-sources/wa-apps/shop/widgets/sources.tar.gz',
  'target_path' => 'wa-data/protected/wa-installer/8/update/wa-apps/shop/widgets/sources/',
  'base_path' => 'wa-apps/shop/widgets/sources/',
)
}------------------------------------------------------------
2026-08-18T20:26:52+00:0000611	8	DEBUG	0.46Mb	1.16Mb	extract_heartbeat
waInstaller::setState
{------------------------------------------------------------
array (
  'start_time' => 1787084808,
  'start_time_float' => 1787084808.627036,
  'elapsed_time' => 0.0,
  'stage' => false,
  'stage_name' => 'extract',
  'state_heartbeat' => 0.0008730888366699219,
  'thread_id' => '8',
  'chunk_id' => 'wa-apps/shop/widgets/sources',
  'stage_status' => 'heartbeat',
  'timestamp' => 1787084812,
  'timestamp_float' => 1787084812.771848,
  'stage_start_time' => 1787084812.771849,
  'stage_performance' => 0.0,
  'stage_current_value' => 0,
  'datetime' => 'Tue, 18 Aug 2026 20:26:52 +0000',
  'stage_value' => 524800.0,
  'resume' => 
  array (
    'offset' => NULL,
    'tar_size' => 1025.0,
  ),
  'debug' => 
  array (
    'block_performance' => 32.0,
    'additional' => NULL,
  ),
)
}------------------------------------------------------------
2026-08-18T20:26:52+00:0000612	8	DEBUG	0.46Mb	1.16Mb	extract_heartbeat
waInstaller::adjustStageChunk
{------------------------------------------------------------
array (
  'current_chunk' => 32.0,
  'calculated_chunk' => 604.4,
  'performance_data' => 
  array (
    'extract' => 
    array (
      0 => 0,
      1 => 0,
      2 => 0,
      3 => 3022,
      4 => 0,
    ),
  ),
  'stack_length' => 5,
)
}------------------------------------------------------------
2026-08-18T20:26:52+00:0000613	8	TRACE	0.44Mb	1.16Mb	extract_complete
waInstaller::setState
{------------------------------------------------------------
array (
  'start_time' => 1787084808,
  'start_time_float' => 1787084808.627036,
  'elapsed_time' => 0.0,
  'stage' => false,
  'stage_name' => 'extract',
  'state_heartbeat' => 0.0030901432037353516,
  'thread_id' => '8',
  'chunk_id' => 'wa-apps/shop/widgets/sources',
  'stage_status' => 'complete',
  'timestamp' => 1787084812,
  'timestamp_float' => 1787084812.774936,
  'stage_start_time' => 1787084812.774936,
  'stage_performance' => 0,
  'stage_current_value' => 0,
  'datetime' => 'Tue, 18 Aug 2026 20:26:52 +0000',
  'stage_value' => 524800.0,
  'resume' => 
  array (
    'offset' => NULL,
    'tar_size' => 1025.0,
  ),
  'debug' => 
  array (
    'block_performance' => 32.0,
    'additional' => NULL,
  ),
)
}------------------------------------------------------------
2026-08-18T20:26:52+00:0000614	8	TRACE	0.44Mb	1.16Mb	replace_heartbeat
waInstaller::setState
{------------------------------------------------------------
array (
  'start_time' => 1787084808,
  'start_time_float' => 1787084808.627036,
  'elapsed_time' => 0.0,
  'stage' => false,
  'stage_name' => 'replace',
  'state_heartbeat' => 0.0006639957427978516,
  'thread_id' => '8',
  'chunk_id' => 'wa-content',
  'stage_status' => 'heartbeat',
  'timestamp' => 1787084812,
  'timestamp_float' => 1787084812.775581,
  'stage_start_time' => 1787084812.775581,
  'stage_performance' => 0,
  'stage_current_value' => 0,
  'datetime' => 'Tue, 18 Aug 2026 20:26:52 +0000',
  'stage_value' => 0,
  'resume' => 
  array (
    'offset' => NULL,
    'tar_size' => 1025.0,
  ),
  'debug' => 
  array (
    'block_performance' => 32.0,
    'additional' => NULL,
  ),
)
}------------------------------------------------------------
2026-08-18T20:26:52+00:0000615	8	TRACE	0.44Mb	1.16Mb	replace_heartbeat
waInstaller::stageReplace
{------------------------------------------------------------
array (
  'source_path' => 'wa-data/protected/wa-installer/8/update/wa-content',
  'target_path' => 'wa-content',
  'store_prev' => false,
)
}------------------------------------------------------------
2026-08-18T20:26:52+00:0000616	8	TRACE	0.44Mb	1.16Mb	replace_heartbeat
waInstaller::rename replace current version code
{------------------------------------------------------------
array (
  'oldname' => 'wa-data/protected/wa-installer/8/update/wa-content',
  'newname' => 'wa-content',
)
}------------------------------------------------------------
2026-08-18T20:26:52+00:0000617	8	TRACE	0.44Mb	1.16Mb	replace_heartbeat
waInstaller::stageReplace replace current version code
{------------------------------------------------------------
array (
  'target_path' => 'wa-content',
)
}------------------------------------------------------------
2026-08-18T20:26:52+00:0000618	8	TRACE	0.44Mb	1.16Mb	replace_complete
waInstaller::setState
{------------------------------------------------------------
array (
  'start_time' => 1787084808,
  'start_time_float' => 1787084808.627036,
  'elapsed_time' => 0.0,
  'stage' => false,
  'stage_name' => 'replace',
  'state_heartbeat' => 0.0011281967163085938,
  'thread_id' => '8',
  'chunk_id' => 'wa-content',
  'stage_status' => 'complete',
  'timestamp' => 1787084812,
  'timestamp_float' => 1787084812.776708,
  'stage_start_time' => 1787084812.776708,
  'stage_performance' => 0,
  'stage_current_value' => 0,
  'datetime' => 'Tue, 18 Aug 2026 20:26:52 +0000',
  'stage_value' => 0,
  'resume' => 
  array (
    'offset' => NULL,
    'tar_size' => 1025.0,
  ),
  'debug' => 
  array (
    'block_performance' => 32.0,
    'additional' => NULL,
  ),
)
}------------------------------------------------------------
2026-08-18T20:26:52+00:0000619	8	TRACE	0.44Mb	1.16Mb	replace_heartbeat
waInstaller::setState
{------------------------------------------------------------
array (
  'start_time' => 1787084808,
  'start_time_float' => 1787084808.627036,
  'elapsed_time' => 0.0,
  'stage' => false,
  'stage_name' => 'replace',
  'state_heartbeat' => 0.0006051063537597656,
  'thread_id' => '8',
  'chunk_id' => 'wa-system',
  'stage_status' => 'heartbeat',
  'timestamp' => 1787084812,
  'timestamp_float' => 1787084812.777309,
  'stage_start_time' => 1787084812.777309,
  'stage_performance' => 0,
  'stage_current_value' => 0,
  'datetime' => 'Tue, 18 Aug 2026 20:26:52 +0000',
  'stage_value' => 0,
  'resume' => 
  array (
    'offset' => NULL,
    'tar_size' => 1025.0,
  ),
  'debug' => 
  array (
    'block_performance' => 32.0,
    'additional' => NULL,
  ),
)
}------------------------------------------------------------
2026-08-18T20:26:52+00:0000620	8	TRACE	0.44Mb	1.16Mb	replace_heartbeat
waInstaller::stageReplace
{------------------------------------------------------------
array (
  'source_path' => 'wa-data/protected/wa-installer/8/update/wa-system',
  'target_path' => 'wa-system',
  'store_prev' => false,
)
}------------------------------------------------------------
2026-08-18T20:26:52+00:0000621	8	TRACE	0.44Mb	1.16Mb	replace_heartbeat
waInstaller::rename replace current version code
{------------------------------------------------------------
array (
  'oldname' => 'wa-data/protected/wa-installer/8/update/wa-system',
  'newname' => 'wa-system',
)
}------------------------------------------------------------
2026-08-18T20:26:52+00:0000622	8	TRACE	0.44Mb	1.16Mb	replace_heartbeat
waInstaller::stageReplace replace current version code
{------------------------------------------------------------
array (
  'target_path' => 'wa-system',
)
}------------------------------------------------------------
2026-08-18T20:26:52+00:0000623	8	TRACE	0.44Mb	1.16Mb	replace_complete
waInstaller::setState
{------------------------------------------------------------
array (
  'start_time' => 1787084808,
  'start_time_float' => 1787084808.627036,
  'elapsed_time' => 0.0,
  'stage' => false,
  'stage_name' => 'replace',
  'state_heartbeat' => 0.0006561279296875,
  'thread_id' => '8',
  'chunk_id' => 'wa-system',
  'stage_status' => 'complete',
  'timestamp' => 1787084812,
  'timestamp_float' => 1787084812.777964,
  'stage_start_time' => 1787084812.777964,
  'stage_performance' => 0,
  'stage_current_value' => 0,
  'datetime' => 'Tue, 18 Aug 2026 20:26:52 +0000',
  'stage_value' => 0,
  'resume' => 
  array (
    'offset' => NULL,
    'tar_size' => 1025.0,
  ),
  'debug' => 
  array (
    'block_performance' => 32.0,
    'additional' => NULL,
  ),
)
}------------------------------------------------------------
2026-08-18T20:26:52+00:0000624	8	TRACE	0.44Mb	1.16Mb	replace_heartbeat
waInstaller::setState
{------------------------------------------------------------
array (
  'start_time' => 1787084808,
  'start_time_float' => 1787084808.627036,
  'elapsed_time' => 0.0,
  'stage' => false,
  'stage_name' => 'replace',
  'state_heartbeat' => 0.0006268024444580078,
  'thread_id' => '8',
  'chunk_id' => 'wa-widgets/clock',
  'stage_status' => 'heartbeat',
  'timestamp' => 1787084812,
  'timestamp_float' => 1787084812.778587,
  'stage_start_time' => 1787084812.778587,
  'stage_performance' => 0,
  'stage_current_value' => 0,
  'datetime' => 'Tue, 18 Aug 2026 20:26:52 +0000',
  'stage_value' => 0,
  'resume' => 
  array (
    'offset' => NULL,
    'tar_size' => 1025.0,
  ),
  'debug' => 
  array (
    'block_performance' => 32.0,
    'additional' => NULL,
  ),
)
}------------------------------------------------------------
2026-08-18T20:26:52+00:0000625	8	TRACE	0.44Mb	1.16Mb	replace_heartbeat
waInstaller::stageReplace
{------------------------------------------------------------
array (
  'source_path' => 'wa-data/protected/wa-installer/8/update/wa-widgets/clock',
  'target_path' => 'wa-widgets/clock',
  'store_prev' => false,
)
}------------------------------------------------------------
2026-08-18T20:26:52+00:0000626	8	DEBUG	0.44Mb	1.16Mb	replace_heartbeat
waInstaller::mkdir
{------------------------------------------------------------
array (
  'pathname' => 'wa-widgets/',
  'mode' => 511,
)
}------------------------------------------------------------
2026-08-18T20:26:52+00:0000627	8	TRACE	0.44Mb	1.16Mb	replace_heartbeat
waInstaller::rename replace current version code
{------------------------------------------------------------
array (
  'oldname' => 'wa-data/protected/wa-installer/8/update/wa-widgets/clock',
  'newname' => 'wa-widgets/clock',
)
}------------------------------------------------------------
2026-08-18T20:26:52+00:0000628	8	TRACE	0.44Mb	1.16Mb	replace_heartbeat
waInstaller::stageReplace replace current version code
{------------------------------------------------------------
array (
  'target_path' => 'wa-widgets/clock',
)
}------------------------------------------------------------
2026-08-18T20:26:52+00:0000629	8	TRACE	0.44Mb	1.16Mb	replace_complete
waInstaller::setState
{------------------------------------------------------------
array (
  'start_time' => 1787084808,
  'start_time_float' => 1787084808.627036,
  'elapsed_time' => 0.0,
  'stage' => false,
  'stage_name' => 'replace',
  'state_heartbeat' => 0.0007908344268798828,
  'thread_id' => '8',
  'chunk_id' => 'wa-widgets/clock',
  'stage_status' => 'complete',
  'timestamp' => 1787084812,
  'timestamp_float' => 1787084812.779376,
  'stage_start_time' => 1787084812.779376,
  'stage_performance' => 0,
  'stage_current_value' => 0,
  'datetime' => 'Tue, 18 Aug 2026 20:26:52 +0000',
  'stage_value' => 0,
  'resume' => 
  array (
    'offset' => NULL,
    'tar_size' => 1025.0,
  ),
  'debug' => 
  array (
    'block_performance' => 32.0,
    'additional' => NULL,
  ),
)
}------------------------------------------------------------
2026-08-18T20:26:52+00:0000630	8	TRACE	0.44Mb	1.16Mb	replace_heartbeat
waInstaller::setState
{------------------------------------------------------------
array (
  'start_time' => 1787084808,
  'start_time_float' => 1787084808.627036,
  'elapsed_time' => 0.0,
  'stage' => false,
  'stage_name' => 'replace',
  'state_heartbeat' => 0.0005619525909423828,
  'thread_id' => '8',
  'chunk_id' => 'wa-widgets/currencyquotes',
  'stage_status' => 'heartbeat',
  'timestamp' => 1787084812,
  'timestamp_float' => 1787084812.779934,
  'stage_start_time' => 1787084812.779934,
  'stage_performance' => 0,
  'stage_current_value' => 0,
  'datetime' => 'Tue, 18 Aug 2026 20:26:52 +0000',
  'stage_value' => 0,
  'resume' => 
  array (
    'offset' => NULL,
    'tar_size' => 1025.0,
  ),
  'debug' => 
  array (
    'block_performance' => 32.0,
    'additional' => NULL,
  ),
)
}------------------------------------------------------------
2026-08-18T20:26:52+00:0000631	8	TRACE	0.44Mb	1.16Mb	replace_heartbeat
waInstaller::stageReplace
{------------------------------------------------------------
array (
  'source_path' => 'wa-data/protected/wa-installer/8/update/wa-widgets/currencyquotes',
  'target_path' => 'wa-widgets/currencyquotes',
  'store_prev' => false,
)
}------------------------------------------------------------
2026-08-18T20:26:52+00:0000632	8	TRACE	0.44Mb	1.16Mb	replace_heartbeat
waInstaller::rename replace current version code
{------------------------------------------------------------
array (
  'oldname' => 'wa-data/protected/wa-installer/8/update/wa-widgets/currencyquotes',
  'newname' => 'wa-widgets/currencyquotes',
)
}------------------------------------------------------------
2026-08-18T20:26:52+00:0000633	8	TRACE	0.44Mb	1.16Mb	replace_heartbeat
waInstaller::stageReplace replace current version code
{------------------------------------------------------------
array (
  'target_path' => 'wa-widgets/currencyquotes',
)
}------------------------------------------------------------
2026-08-18T20:26:52+00:0000634	8	TRACE	0.44Mb	1.16Mb	replace_complete
waInstaller::setState
{------------------------------------------------------------
array (
  'start_time' => 1787084808,
  'start_time_float' => 1787084808.627036,
  'elapsed_time' => 0.0,
  'stage' => false,
  'stage_name' => 'replace',
  'state_heartbeat' => 0.0007510185241699219,
  'thread_id' => '8',
  'chunk_id' => 'wa-widgets/currencyquotes',
  'stage_status' => 'complete',
  'timestamp' => 1787084812,
  'timestamp_float' => 1787084812.780683,
  'stage_start_time' => 1787084812.780684,
  'stage_performance' => 0,
  'stage_current_value' => 0,
  'datetime' => 'Tue, 18 Aug 2026 20:26:52 +0000',
  'stage_value' => 0,
  'resume' => 
  array (
    'offset' => NULL,
    'tar_size' => 1025.0,
  ),
  'debug' => 
  array (
    'block_performance' => 32.0,
    'additional' => NULL,
  ),
)
}------------------------------------------------------------
2026-08-18T20:26:52+00:0000635	8	TRACE	0.44Mb	1.16Mb	replace_heartbeat
waInstaller::setState
{------------------------------------------------------------
array (
  'start_time' => 1787084808,
  'start_time_float' => 1787084808.627036,
  'elapsed_time' => 0.0,
  'stage' => false,
  'stage_name' => 'replace',
  'state_heartbeat' => 0.0005779266357421875,
  'thread_id' => '8',
  'chunk_id' => 'wa-widgets/news',
  'stage_status' => 'heartbeat',
  'timestamp' => 1787084812,
  'timestamp_float' => 1787084812.781256,
  'stage_start_time' => 1787084812.781256,
  'stage_performance' => 0,
  'stage_current_value' => 0,
  'datetime' => 'Tue, 18 Aug 2026 20:26:52 +0000',
  'stage_value' => 0,
  'resume' => 
  array (
    'offset' => NULL,
    'tar_size' => 1025.0,
  ),
  'debug' => 
  array (
    'block_performance' => 32.0,
    'additional' => NULL,
  ),
)
}------------------------------------------------------------
2026-08-18T20:26:52+00:0000636	8	TRACE	0.44Mb	1.16Mb	replace_heartbeat
waInstaller::stageReplace
{------------------------------------------------------------
array (
  'source_path' => 'wa-data/protected/wa-installer/8/update/wa-widgets/news',
  'target_path' => 'wa-widgets/news',
  'store_prev' => false,
)
}------------------------------------------------------------
2026-08-18T20:26:52+00:0000637	8	TRACE	0.44Mb	1.16Mb	replace_heartbeat
waInstaller::rename replace current version code
{------------------------------------------------------------
array (
  'oldname' => 'wa-data/protected/wa-installer/8/update/wa-widgets/news',
  'newname' => 'wa-widgets/news',
)
}------------------------------------------------------------
2026-08-18T20:26:52+00:0000638	8	TRACE	0.44Mb	1.16Mb	replace_heartbeat
waInstaller::stageReplace replace current version code
{------------------------------------------------------------
array (
  'target_path' => 'wa-widgets/news',
)
}------------------------------------------------------------
2026-08-18T20:26:52+00:0000639	8	TRACE	0.44Mb	1.16Mb	replace_complete
waInstaller::setState
{------------------------------------------------------------
array (
  'start_time' => 1787084808,
  'start_time_float' => 1787084808.627036,
  'elapsed_time' => 0.0,
  'stage' => false,
  'stage_name' => 'replace',
  'state_heartbeat' => 0.0006909370422363281,
  'thread_id' => '8',
  'chunk_id' => 'wa-widgets/news',
  'stage_status' => 'complete',
  'timestamp' => 1787084812,
  'timestamp_float' => 1787084812.781946,
  'stage_start_time' => 1787084812.781946,
  'stage_performance' => 0,
  'stage_current_value' => 0,
  'datetime' => 'Tue, 18 Aug 2026 20:26:52 +0000',
  'stage_value' => 0,
  'resume' => 
  array (
    'offset' => NULL,
    'tar_size' => 1025.0,
  ),
  'debug' => 
  array (
    'block_performance' => 32.0,
    'additional' => NULL,
  ),
)
}------------------------------------------------------------
2026-08-18T20:26:52+00:0000640	8	TRACE	0.44Mb	1.16Mb	replace_heartbeat
waInstaller::setState
{------------------------------------------------------------
array (
  'start_time' => 1787084808,
  'start_time_float' => 1787084808.627036,
  'elapsed_time' => 0.0,
  'stage' => false,
  'stage_name' => 'replace',
  'state_heartbeat' => 0.0005891323089599609,
  'thread_id' => '8',
  'chunk_id' => 'wa-apps/blog',
  'stage_status' => 'heartbeat',
  'timestamp' => 1787084812,
  'timestamp_float' => 1787084812.782531,
  'stage_start_time' => 1787084812.782531,
  'stage_performance' => 0,
  'stage_current_value' => 0,
  'datetime' => 'Tue, 18 Aug 2026 20:26:52 +0000',
  'stage_value' => 0,
  'resume' => 
  array (
    'offset' => NULL,
    'tar_size' => 1025.0,
  ),
  'debug' => 
  array (
    'block_performance' => 32.0,
    'additional' => NULL,
  ),
)
}------------------------------------------------------------
2026-08-18T20:26:52+00:0000641	8	TRACE	0.44Mb	1.16Mb	replace_heartbeat
waInstaller::stageReplace
{------------------------------------------------------------
array (
  'source_path' => 'wa-data/protected/wa-installer/8/update/wa-apps/blog',
  'target_path' => 'wa-apps/blog',
  'store_prev' => false,
)
}------------------------------------------------------------
2026-08-18T20:26:52+00:0000642	8	DEBUG	0.44Mb	1.16Mb	replace_heartbeat
waInstaller::mkdir
{------------------------------------------------------------
array (
  'pathname' => 'wa-apps/',
  'mode' => 511,
)
}------------------------------------------------------------
2026-08-18T20:26:52+00:0000643	8	TRACE	0.44Mb	1.16Mb	replace_heartbeat
waInstaller::rename replace current version code
{------------------------------------------------------------
array (
  'oldname' => 'wa-data/protected/wa-installer/8/update/wa-apps/blog',
  'newname' => 'wa-apps/blog',
)
}------------------------------------------------------------
2026-08-18T20:26:52+00:0000644	8	TRACE	0.44Mb	1.16Mb	replace_heartbeat
waInstaller::stageReplace replace current version code
{------------------------------------------------------------
array (
  'target_path' => 'wa-apps/blog',
)
}------------------------------------------------------------
2026-08-18T20:26:52+00:0000645	8	TRACE	0.44Mb	1.16Mb	replace_complete
waInstaller::setState
{------------------------------------------------------------
array (
  'start_time' => 1787084808,
  'start_time_float' => 1787084808.627036,
  'elapsed_time' => 0.0,
  'stage' => false,
  'stage_name' => 'replace',
  'state_heartbeat' => 0.0008320808410644531,
  'thread_id' => '8',
  'chunk_id' => 'wa-apps/blog',
  'stage_status' => 'complete',
  'timestamp' => 1787084812,
  'timestamp_float' => 1787084812.783361,
  'stage_start_time' => 1787084812.783361,
  'stage_performance' => 0,
  'stage_current_value' => 0,
  'datetime' => 'Tue, 18 Aug 2026 20:26:52 +0000',
  'stage_value' => 0,
  'resume' => 
  array (
    'offset' => NULL,
    'tar_size' => 1025.0,
  ),
  'debug' => 
  array (
    'block_performance' => 32.0,
    'additional' => NULL,
  ),
)
}------------------------------------------------------------
2026-08-18T20:26:52+00:0000646	8	TRACE	0.44Mb	1.16Mb	replace_heartbeat
waInstaller::setState
{------------------------------------------------------------
array (
  'start_time' => 1787084808,
  'start_time_float' => 1787084808.627036,
  'elapsed_time' => 0.0,
  'stage' => false,
  'stage_name' => 'replace',
  'state_heartbeat' => 0.00055694580078125,
  'thread_id' => '8',
  'chunk_id' => 'wa-apps/crm',
  'stage_status' => 'heartbeat',
  'timestamp' => 1787084812,
  'timestamp_float' => 1787084812.783914,
  'stage_start_time' => 1787084812.783915,
  'stage_performance' => 0,
  'stage_current_value' => 0,
  'datetime' => 'Tue, 18 Aug 2026 20:26:52 +0000',
  'stage_value' => 0,
  'resume' => 
  array (
    'offset' => NULL,
    'tar_size' => 1025.0,
  ),
  'debug' => 
  array (
    'block_performance' => 32.0,
    'additional' => NULL,
  ),
)
}------------------------------------------------------------
2026-08-18T20:26:52+00:0000647	8	TRACE	0.44Mb	1.16Mb	replace_heartbeat
waInstaller::stageReplace
{------------------------------------------------------------
array (
  'source_path' => 'wa-data/protected/wa-installer/8/update/wa-apps/crm',
  'target_path' => 'wa-apps/crm',
  'store_prev' => false,
)
}------------------------------------------------------------
2026-08-18T20:26:52+00:0000648	8	TRACE	0.44Mb	1.16Mb	replace_heartbeat
waInstaller::rename replace current version code
{------------------------------------------------------------
array (
  'oldname' => 'wa-data/protected/wa-installer/8/update/wa-apps/crm',
  'newname' => 'wa-apps/crm',
)
}------------------------------------------------------------
2026-08-18T20:26:52+00:0000649	8	TRACE	0.44Mb	1.16Mb	replace_heartbeat
waInstaller::stageReplace replace current version code
{------------------------------------------------------------
array (
  'target_path' => 'wa-apps/crm',
)
}------------------------------------------------------------
2026-08-18T20:26:52+00:0000650	8	TRACE	0.44Mb	1.16Mb	replace_complete
waInstaller::setState
{------------------------------------------------------------
array (
  'start_time' => 1787084808,
  'start_time_float' => 1787084808.627036,
  'elapsed_time' => 0.0,
  'stage' => false,
  'stage_name' => 'replace',
  'state_heartbeat' => 0.0007939338684082031,
  'thread_id' => '8',
  'chunk_id' => 'wa-apps/crm',
  'stage_status' => 'complete',
  'timestamp' => 1787084812,
  'timestamp_float' => 1787084812.784706,
  'stage_start_time' => 1787084812.784707,
  'stage_performance' => 0,
  'stage_current_value' => 0,
  'datetime' => 'Tue, 18 Aug 2026 20:26:52 +0000',
  'stage_value' => 0,
  'resume' => 
  array (
    'offset' => NULL,
    'tar_size' => 1025.0,
  ),
  'debug' => 
  array (
    'block_performance' => 32.0,
    'additional' => NULL,
  ),
)
}------------------------------------------------------------
2026-08-18T20:26:52+00:0000651	8	TRACE	0.44Mb	1.16Mb	replace_heartbeat
waInstaller::setState
{------------------------------------------------------------
array (
  'start_time' => 1787084808,
  'start_time_float' => 1787084808.627036,
  'elapsed_time' => 0.0,
  'stage' => false,
  'stage_name' => 'replace',
  'state_heartbeat' => 0.0006029605865478516,
  'thread_id' => '8',
  'chunk_id' => 'wa-apps/files',
  'stage_status' => 'heartbeat',
  'timestamp' => 1787084812,
  'timestamp_float' => 1787084812.785305,
  'stage_start_time' => 1787084812.785305,
  'stage_performance' => 0,
  'stage_current_value' => 0,
  'datetime' => 'Tue, 18 Aug 2026 20:26:52 +0000',
  'stage_value' => 0,
  'resume' => 
  array (
    'offset' => NULL,
    'tar_size' => 1025.0,
  ),
  'debug' => 
  array (
    'block_performance' => 32.0,
    'additional' => NULL,
  ),
)
}------------------------------------------------------------
2026-08-18T20:26:52+00:0000652	8	TRACE	0.44Mb	1.16Mb	replace_heartbeat
waInstaller::stageReplace
{------------------------------------------------------------
array (
  'source_path' => 'wa-data/protected/wa-installer/8/update/wa-apps/files',
  'target_path' => 'wa-apps/files',
  'store_prev' => false,
)
}------------------------------------------------------------
2026-08-18T20:26:52+00:0000653	8	TRACE	0.44Mb	1.16Mb	replace_heartbeat
waInstaller::rename replace current version code
{------------------------------------------------------------
array (
  'oldname' => 'wa-data/protected/wa-installer/8/update/wa-apps/files',
  'newname' => 'wa-apps/files',
)
}------------------------------------------------------------
2026-08-18T20:26:52+00:0000654	8	TRACE	0.44Mb	1.16Mb	replace_heartbeat
waInstaller::stageReplace replace current version code
{------------------------------------------------------------
array (
  'target_path' => 'wa-apps/files',
)
}------------------------------------------------------------
2026-08-18T20:26:52+00:0000655	8	TRACE	0.44Mb	1.16Mb	replace_complete
waInstaller::setState
{------------------------------------------------------------
array (
  'start_time' => 1787084808,
  'start_time_float' => 1787084808.627036,
  'elapsed_time' => 0.0,
  'stage' => false,
  'stage_name' => 'replace',
  'state_heartbeat' => 0.0006670951843261719,
  'thread_id' => '8',
  'chunk_id' => 'wa-apps/files',
  'stage_status' => 'complete',
  'timestamp' => 1787084812,
  'timestamp_float' => 1787084812.785971,
  'stage_start_time' => 1787084812.785971,
  'stage_performance' => 0,
  'stage_current_value' => 0,
  'datetime' => 'Tue, 18 Aug 2026 20:26:52 +0000',
  'stage_value' => 0,
  'resume' => 
  array (
    'offset' => NULL,
    'tar_size' => 1025.0,
  ),
  'debug' => 
  array (
    'block_performance' => 32.0,
    'additional' => NULL,
  ),
)
}------------------------------------------------------------
2026-08-18T20:26:52+00:0000656	8	TRACE	0.44Mb	1.16Mb	replace_heartbeat
waInstaller::setState
{------------------------------------------------------------
array (
  'start_time' => 1787084808,
  'start_time_float' => 1787084808.627036,
  'elapsed_time' => 0.0,
  'stage' => false,
  'stage_name' => 'replace',
  'state_heartbeat' => 0.0010390281677246094,
  'thread_id' => '8',
  'chunk_id' => 'wa-apps/hub',
  'stage_status' => 'heartbeat',
  'timestamp' => 1787084812,
  'timestamp_float' => 1787084812.787006,
  'stage_start_time' => 1787084812.787006,
  'stage_performance' => 0,
  'stage_current_value' => 0,
  'datetime' => 'Tue, 18 Aug 2026 20:26:52 +0000',
  'stage_value' => 0,
  'resume' => 
  array (
    'offset' => NULL,
    'tar_size' => 1025.0,
  ),
  'debug' => 
  array (
    'block_performance' => 32.0,
    'additional' => NULL,
  ),
)
}------------------------------------------------------------
2026-08-18T20:26:52+00:0000657	8	TRACE	0.44Mb	1.16Mb	replace_heartbeat
waInstaller::stageReplace
{------------------------------------------------------------
array (
  'source_path' => 'wa-data/protected/wa-installer/8/update/wa-apps/hub',
  'target_path' => 'wa-apps/hub',
  'store_prev' => false,
)
}------------------------------------------------------------
2026-08-18T20:26:52+00:0000658	8	TRACE	0.44Mb	1.16Mb	replace_heartbeat
waInstaller::rename replace current version code
{------------------------------------------------------------
array (
  'oldname' => 'wa-data/protected/wa-installer/8/update/wa-apps/hub',
  'newname' => 'wa-apps/hub',
)
}------------------------------------------------------------
2026-08-18T20:26:52+00:0000659	8	TRACE	0.44Mb	1.16Mb	replace_heartbeat
waInstaller::stageReplace replace current version code
{------------------------------------------------------------
array (
  'target_path' => 'wa-apps/hub',
)
}------------------------------------------------------------
2026-08-18T20:26:52+00:0000660	8	TRACE	0.44Mb	1.16Mb	replace_complete
waInstaller::setState
{------------------------------------------------------------
array (
  'start_time' => 1787084808,
  'start_time_float' => 1787084808.627036,
  'elapsed_time' => 0.0,
  'stage' => false,
  'stage_name' => 'replace',
  'state_heartbeat' => 0.0007011890411376953,
  'thread_id' => '8',
  'chunk_id' => 'wa-apps/hub',
  'stage_status' => 'complete',
  'timestamp' => 1787084812,
  'timestamp_float' => 1787084812.787705,
  'stage_start_time' => 1787084812.787706,
  'stage_performance' => 0,
  'stage_current_value' => 0,
  'datetime' => 'Tue, 18 Aug 2026 20:26:52 +0000',
  'stage_value' => 0,
  'resume' => 
  array (
    'offset' => NULL,
    'tar_size' => 1025.0,
  ),
  'debug' => 
  array (
    'block_performance' => 32.0,
    'additional' => NULL,
  ),
)
}------------------------------------------------------------
2026-08-18T20:26:52+00:0000661	8	TRACE	0.44Mb	1.16Mb	replace_heartbeat
waInstaller::setState
{------------------------------------------------------------
array (
  'start_time' => 1787084808,
  'start_time_float' => 1787084808.627036,
  'elapsed_time' => 0.0,
  'stage' => false,
  'stage_name' => 'replace',
  'state_heartbeat' => 0.0006000995635986328,
  'thread_id' => '8',
  'chunk_id' => 'wa-apps/installer',
  'stage_status' => 'heartbeat',
  'timestamp' => 1787084812,
  'timestamp_float' => 1787084812.788301,
  'stage_start_time' => 1787084812.788301,
  'stage_performance' => 0,
  'stage_current_value' => 0,
  'datetime' => 'Tue, 18 Aug 2026 20:26:52 +0000',
  'stage_value' => 0,
  'resume' => 
  array (
    'offset' => NULL,
    'tar_size' => 1025.0,
  ),
  'debug' => 
  array (
    'block_performance' => 32.0,
    'additional' => NULL,
  ),
)
}------------------------------------------------------------
2026-08-18T20:26:52+00:0000662	8	TRACE	0.44Mb	1.16Mb	replace_heartbeat
waInstaller::stageReplace
{------------------------------------------------------------
array (
  'source_path' => 'wa-data/protected/wa-installer/8/update/wa-apps/installer',
  'target_path' => 'wa-apps/installer',
  'store_prev' => false,
)
}------------------------------------------------------------
2026-08-18T20:26:52+00:0000663	8	TRACE	0.44Mb	1.16Mb	replace_heartbeat
waInstaller::rename replace current version code
{------------------------------------------------------------
array (
  'oldname' => 'wa-data/protected/wa-installer/8/update/wa-apps/installer',
  'newname' => 'wa-apps/installer',
)
}------------------------------------------------------------
2026-08-18T20:26:52+00:0000664	8	TRACE	0.44Mb	1.16Mb	replace_heartbeat
waInstaller::stageReplace replace current version code
{------------------------------------------------------------
array (
  'target_path' => 'wa-apps/installer',
)
}------------------------------------------------------------
2026-08-18T20:26:52+00:0000665	8	TRACE	0.44Mb	1.16Mb	replace_complete
waInstaller::setState
{------------------------------------------------------------
array (
  'start_time' => 1787084808,
  'start_time_float' => 1787084808.627036,
  'elapsed_time' => 0.0,
  'stage' => false,
  'stage_name' => 'replace',
  'state_heartbeat' => 0.0006880760192871094,
  'thread_id' => '8',
  'chunk_id' => 'wa-apps/installer',
  'stage_status' => 'complete',
  'timestamp' => 1787084812,
  'timestamp_float' => 1787084812.788987,
  'stage_start_time' => 1787084812.788987,
  'stage_performance' => 0,
  'stage_current_value' => 0,
  'datetime' => 'Tue, 18 Aug 2026 20:26:52 +0000',
  'stage_value' => 0,
  'resume' => 
  array (
    'offset' => NULL,
    'tar_size' => 1025.0,
  ),
  'debug' => 
  array (
    'block_performance' => 32.0,
    'additional' => NULL,
  ),
)
}------------------------------------------------------------
2026-08-18T20:26:52+00:0000666	8	TRACE	0.44Mb	1.16Mb	replace_heartbeat
waInstaller::setState
{------------------------------------------------------------
array (
  'start_time' => 1787084808,
  'start_time_float' => 1787084808.627036,
  'elapsed_time' => 0.0,
  'stage' => false,
  'stage_name' => 'replace',
  'state_heartbeat' => 0.0005710124969482422,
  'thread_id' => '8',
  'chunk_id' => 'wa-apps/mailer',
  'stage_status' => 'heartbeat',
  'timestamp' => 1787084812,
  'timestamp_float' => 1787084812.789554,
  'stage_start_time' => 1787084812.789554,
  'stage_performance' => 0,
  'stage_current_value' => 0,
  'datetime' => 'Tue, 18 Aug 2026 20:26:52 +0000',
  'stage_value' => 0,
  'resume' => 
  array (
    'offset' => NULL,
    'tar_size' => 1025.0,
  ),
  'debug' => 
  array (
    'block_performance' => 32.0,
    'additional' => NULL,
  ),
)
}------------------------------------------------------------
2026-08-18T20:26:52+00:0000667	8	TRACE	0.44Mb	1.16Mb	replace_heartbeat
waInstaller::stageReplace
{------------------------------------------------------------
array (
  'source_path' => 'wa-data/protected/wa-installer/8/update/wa-apps/mailer',
  'target_path' => 'wa-apps/mailer',
  'store_prev' => false,
)
}------------------------------------------------------------
2026-08-18T20:26:52+00:0000668	8	TRACE	0.44Mb	1.16Mb	replace_heartbeat
waInstaller::rename replace current version code
{------------------------------------------------------------
array (
  'oldname' => 'wa-data/protected/wa-installer/8/update/wa-apps/mailer',
  'newname' => 'wa-apps/mailer',
)
}------------------------------------------------------------
2026-08-18T20:26:52+00:0000669	8	TRACE	0.44Mb	1.16Mb	replace_heartbeat
waInstaller::stageReplace replace current version code
{------------------------------------------------------------
array (
  'target_path' => 'wa-apps/mailer',
)
}------------------------------------------------------------
2026-08-18T20:26:52+00:0000670	8	TRACE	0.44Mb	1.16Mb	replace_complete
waInstaller::setState
{------------------------------------------------------------
array (
  'start_time' => 1787084808,
  'start_time_float' => 1787084808.627036,
  'elapsed_time' => 0.0,
  'stage' => false,
  'stage_name' => 'replace',
  'state_heartbeat' => 0.0007078647613525391,
  'thread_id' => '8',
  'chunk_id' => 'wa-apps/mailer',
  'stage_status' => 'complete',
  'timestamp' => 1787084812,
  'timestamp_float' => 1787084812.79026,
  'stage_start_time' => 1787084812.79026,
  'stage_performance' => 0,
  'stage_current_value' => 0,
  'datetime' => 'Tue, 18 Aug 2026 20:26:52 +0000',
  'stage_value' => 0,
  'resume' => 
  array (
    'offset' => NULL,
    'tar_size' => 1025.0,
  ),
  'debug' => 
  array (
    'block_performance' => 32.0,
    'additional' => NULL,
  ),
)
}------------------------------------------------------------
2026-08-18T20:26:52+00:0000671	8	TRACE	0.44Mb	1.16Mb	replace_heartbeat
waInstaller::setState
{------------------------------------------------------------
array (
  'start_time' => 1787084808,
  'start_time_float' => 1787084808.627036,
  'elapsed_time' => 0.0,
  'stage' => false,
  'stage_name' => 'replace',
  'state_heartbeat' => 0.0005400180816650391,
  'thread_id' => '8',
  'chunk_id' => 'wa-apps/photos',
  'stage_status' => 'heartbeat',
  'timestamp' => 1787084812,
  'timestamp_float' => 1787084812.790796,
  'stage_start_time' => 1787084812.790796,
  'stage_performance' => 0,
  'stage_current_value' => 0,
  'datetime' => 'Tue, 18 Aug 2026 20:26:52 +0000',
  'stage_value' => 0,
  'resume' => 
  array (
    'offset' => NULL,
    'tar_size' => 1025.0,
  ),
  'debug' => 
  array (
    'block_performance' => 32.0,
    'additional' => NULL,
  ),
)
}------------------------------------------------------------
2026-08-18T20:26:52+00:0000672	8	TRACE	0.44Mb	1.16Mb	replace_heartbeat
waInstaller::stageReplace
{------------------------------------------------------------
array (
  'source_path' => 'wa-data/protected/wa-installer/8/update/wa-apps/photos',
  'target_path' => 'wa-apps/photos',
  'store_prev' => false,
)
}------------------------------------------------------------
2026-08-18T20:26:52+00:0000673	8	TRACE	0.44Mb	1.16Mb	replace_heartbeat
waInstaller::rename replace current version code
{------------------------------------------------------------
array (
  'oldname' => 'wa-data/protected/wa-installer/8/update/wa-apps/photos',
  'newname' => 'wa-apps/photos',
)
}------------------------------------------------------------
2026-08-18T20:26:52+00:0000674	8	TRACE	0.44Mb	1.16Mb	replace_heartbeat
waInstaller::stageReplace replace current version code
{------------------------------------------------------------
array (
  'target_path' => 'wa-apps/photos',
)
}------------------------------------------------------------
2026-08-18T20:26:52+00:0000675	8	TRACE	0.44Mb	1.16Mb	replace_complete
waInstaller::setState
{------------------------------------------------------------
array (
  'start_time' => 1787084808,
  'start_time_float' => 1787084808.627036,
  'elapsed_time' => 0.0,
  'stage' => false,
  'stage_name' => 'replace',
  'state_heartbeat' => 0.0007140636444091797,
  'thread_id' => '8',
  'chunk_id' => 'wa-apps/photos',
  'stage_status' => 'complete',
  'timestamp' => 1787084812,
  'timestamp_float' => 1787084812.791508,
  'stage_start_time' => 1787084812.791508,
  'stage_performance' => 0,
  'stage_current_value' => 0,
  'datetime' => 'Tue, 18 Aug 2026 20:26:52 +0000',
  'stage_value' => 0,
  'resume' => 
  array (
    'offset' => NULL,
    'tar_size' => 1025.0,
  ),
  'debug' => 
  array (
    'block_performance' => 32.0,
    'additional' => NULL,
  ),
)
}------------------------------------------------------------
2026-08-18T20:26:52+00:0000676	8	TRACE	0.44Mb	1.16Mb	replace_heartbeat
waInstaller::setState
{------------------------------------------------------------
array (
  'start_time' => 1787084808,
  'start_time_float' => 1787084808.627036,
  'elapsed_time' => 0.0,
  'stage' => false,
  'stage_name' => 'replace',
  'state_heartbeat' => 0.0005941390991210938,
  'thread_id' => '8',
  'chunk_id' => 'wa-apps/shop',
  'stage_status' => 'heartbeat',
  'timestamp' => 1787084812,
  'timestamp_float' => 1787084812.792098,
  'stage_start_time' => 1787084812.792098,
  'stage_performance' => 0,
  'stage_current_value' => 0,
  'datetime' => 'Tue, 18 Aug 2026 20:26:52 +0000',
  'stage_value' => 0,
  'resume' => 
  array (
    'offset' => NULL,
    'tar_size' => 1025.0,
  ),
  'debug' => 
  array (
    'block_performance' => 32.0,
    'additional' => NULL,
  ),
)
}------------------------------------------------------------
2026-08-18T20:26:52+00:0000677	8	TRACE	0.44Mb	1.16Mb	replace_heartbeat
waInstaller::stageReplace
{------------------------------------------------------------
array (
  'source_path' => 'wa-data/protected/wa-installer/8/update/wa-apps/shop',
  'target_path' => 'wa-apps/shop',
  'store_prev' => false,
)
}------------------------------------------------------------
2026-08-18T20:26:52+00:0000678	8	TRACE	0.44Mb	1.16Mb	replace_heartbeat
waInstaller::rename replace current version code
{------------------------------------------------------------
array (
  'oldname' => 'wa-data/protected/wa-installer/8/update/wa-apps/shop',
  'newname' => 'wa-apps/shop',
)
}------------------------------------------------------------
2026-08-18T20:26:52+00:0000679	8	TRACE	0.44Mb	1.16Mb	replace_heartbeat
waInstaller::stageReplace replace current version code
{------------------------------------------------------------
array (
  'target_path' => 'wa-apps/shop',
)
}------------------------------------------------------------
2026-08-18T20:26:52+00:0000680	8	TRACE	0.44Mb	1.16Mb	replace_complete
waInstaller::setState
{------------------------------------------------------------
array (
  'start_time' => 1787084808,
  'start_time_float' => 1787084808.627036,
  'elapsed_time' => 0.0,
  'stage' => false,
  'stage_name' => 'replace',
  'state_heartbeat' => 0.0007159709930419922,
  'thread_id' => '8',
  'chunk_id' => 'wa-apps/shop',
  'stage_status' => 'complete',
  'timestamp' => 1787084812,
  'timestamp_float' => 1787084812.792812,
  'stage_start_time' => 1787084812.792812,
  'stage_performance' => 0,
  'stage_current_value' => 0,
  'datetime' => 'Tue, 18 Aug 2026 20:26:52 +0000',
  'stage_value' => 0,
  'resume' => 
  array (
    'offset' => NULL,
    'tar_size' => 1025.0,
  ),
  'debug' => 
  array (
    'block_performance' => 32.0,
    'additional' => NULL,
  ),
)
}------------------------------------------------------------
2026-08-18T20:26:52+00:0000681	8	TRACE	0.44Mb	1.16Mb	replace_heartbeat
waInstaller::setState
{------------------------------------------------------------
array (
  'start_time' => 1787084808,
  'start_time_float' => 1787084808.627036,
  'elapsed_time' => 0.0,
  'stage' => false,
  'stage_name' => 'replace',
  'state_heartbeat' => 0.0005629062652587891,
  'thread_id' => '8',
  'chunk_id' => 'wa-apps/site',
  'stage_status' => 'heartbeat',
  'timestamp' => 1787084812,
  'timestamp_float' => 1787084812.793371,
  'stage_start_time' => 1787084812.793371,
  'stage_performance' => 0,
  'stage_current_value' => 0,
  'datetime' => 'Tue, 18 Aug 2026 20:26:52 +0000',
  'stage_value' => 0,
  'resume' => 
  array (
    'offset' => NULL,
    'tar_size' => 1025.0,
  ),
  'debug' => 
  array (
    'block_performance' => 32.0,
    'additional' => NULL,
  ),
)
}------------------------------------------------------------
2026-08-18T20:26:52+00:0000682	8	TRACE	0.44Mb	1.16Mb	replace_heartbeat
waInstaller::stageReplace
{------------------------------------------------------------
array (
  'source_path' => 'wa-data/protected/wa-installer/8/update/wa-apps/site',
  'target_path' => 'wa-apps/site',
  'store_prev' => false,
)
}------------------------------------------------------------
2026-08-18T20:26:52+00:0000683	8	TRACE	0.44Mb	1.16Mb	replace_heartbeat
waInstaller::rename replace current version code
{------------------------------------------------------------
array (
  'oldname' => 'wa-data/protected/wa-installer/8/update/wa-apps/site',
  'newname' => 'wa-apps/site',
)
}------------------------------------------------------------
2026-08-18T20:26:52+00:0000684	8	TRACE	0.44Mb	1.16Mb	replace_heartbeat
waInstaller::stageReplace replace current version code
{------------------------------------------------------------
array (
  'target_path' => 'wa-apps/site',
)
}------------------------------------------------------------
2026-08-18T20:26:52+00:0000685	8	TRACE	0.44Mb	1.16Mb	replace_complete
waInstaller::setState
{------------------------------------------------------------
array (
  'start_time' => 1787084808,
  'start_time_float' => 1787084808.627036,
  'elapsed_time' => 0.0,
  'stage' => false,
  'stage_name' => 'replace',
  'state_heartbeat' => 0.0006649494171142578,
  'thread_id' => '8',
  'chunk_id' => 'wa-apps/site',
  'stage_status' => 'complete',
  'timestamp' => 1787084812,
  'timestamp_float' => 1787084812.794034,
  'stage_start_time' => 1787084812.794034,
  'stage_performance' => 0,
  'stage_current_value' => 0,
  'datetime' => 'Tue, 18 Aug 2026 20:26:52 +0000',
  'stage_value' => 0,
  'resume' => 
  array (
    'offset' => NULL,
    'tar_size' => 1025.0,
  ),
  'debug' => 
  array (
    'block_performance' => 32.0,
    'additional' => NULL,
  ),
)
}------------------------------------------------------------
2026-08-18T20:26:52+00:0000686	8	TRACE	0.44Mb	1.16Mb	replace_heartbeat
waInstaller::setState
{------------------------------------------------------------
array (
  'start_time' => 1787084808,
  'start_time_float' => 1787084808.627036,
  'elapsed_time' => 0.0,
  'stage' => false,
  'stage_name' => 'replace',
  'state_heartbeat' => 0.0006029605865478516,
  'thread_id' => '8',
  'chunk_id' => 'wa-apps/tasks',
  'stage_status' => 'heartbeat',
  'timestamp' => 1787084812,
  'timestamp_float' => 1787084812.794633,
  'stage_start_time' => 1787084812.794633,
  'stage_performance' => 0,
  'stage_current_value' => 0,
  'datetime' => 'Tue, 18 Aug 2026 20:26:52 +0000',
  'stage_value' => 0,
  'resume' => 
  array (
    'offset' => NULL,
    'tar_size' => 1025.0,
  ),
  'debug' => 
  array (
    'block_performance' => 32.0,
    'additional' => NULL,
  ),
)
}------------------------------------------------------------
2026-08-18T20:26:52+00:0000687	8	TRACE	0.44Mb	1.16Mb	replace_heartbeat
waInstaller::stageReplace
{------------------------------------------------------------
array (
  'source_path' => 'wa-data/protected/wa-installer/8/update/wa-apps/tasks',
  'target_path' => 'wa-apps/tasks',
  'store_prev' => false,
)
}------------------------------------------------------------
2026-08-18T20:26:52+00:0000688	8	TRACE	0.44Mb	1.16Mb	replace_heartbeat
waInstaller::rename replace current version code
{------------------------------------------------------------
array (
  'oldname' => 'wa-data/protected/wa-installer/8/update/wa-apps/tasks',
  'newname' => 'wa-apps/tasks',
)
}------------------------------------------------------------
2026-08-18T20:26:52+00:0000689	8	TRACE	0.44Mb	1.16Mb	replace_heartbeat
waInstaller::stageReplace replace current version code
{------------------------------------------------------------
array (
  'target_path' => 'wa-apps/tasks',
)
}------------------------------------------------------------
2026-08-18T20:26:52+00:0000690	8	TRACE	0.44Mb	1.16Mb	replace_complete
waInstaller::setState
{------------------------------------------------------------
array (
  'start_time' => 1787084808,
  'start_time_float' => 1787084808.627036,
  'elapsed_time' => 0.0,
  'stage' => false,
  'stage_name' => 'replace',
  'state_heartbeat' => 0.0007100105285644531,
  'thread_id' => '8',
  'chunk_id' => 'wa-apps/tasks',
  'stage_status' => 'complete',
  'timestamp' => 1787084812,
  'timestamp_float' => 1787084812.795341,
  'stage_start_time' => 1787084812.795341,
  'stage_performance' => 0,
  'stage_current_value' => 0,
  'datetime' => 'Tue, 18 Aug 2026 20:26:52 +0000',
  'stage_value' => 0,
  'resume' => 
  array (
    'offset' => NULL,
    'tar_size' => 1025.0,
  ),
  'debug' => 
  array (
    'block_performance' => 32.0,
    'additional' => NULL,
  ),
)
}------------------------------------------------------------
2026-08-18T20:26:52+00:0000691	8	TRACE	0.44Mb	1.16Mb	replace_heartbeat
waInstaller::setState
{------------------------------------------------------------
array (
  'start_time' => 1787084808,
  'start_time_float' => 1787084808.627036,
  'elapsed_time' => 0.0,
  'stage' => false,
  'stage_name' => 'replace',
  'state_heartbeat' => 0.0005769729614257812,
  'thread_id' => '8',
  'chunk_id' => 'wa-apps/team',
  'stage_status' => 'heartbeat',
  'timestamp' => 1787084812,
  'timestamp_float' => 1787084812.795914,
  'stage_start_time' => 1787084812.795914,
  'stage_performance' => 0,
  'stage_current_value' => 0,
  'datetime' => 'Tue, 18 Aug 2026 20:26:52 +0000',
  'stage_value' => 0,
  'resume' => 
  array (
    'offset' => NULL,
    'tar_size' => 1025.0,
  ),
  'debug' => 
  array (
    'block_performance' => 32.0,
    'additional' => NULL,
  ),
)
}------------------------------------------------------------
2026-08-18T20:26:52+00:0000692	8	TRACE	0.44Mb	1.16Mb	replace_heartbeat
waInstaller::stageReplace
{------------------------------------------------------------
array (
  'source_path' => 'wa-data/protected/wa-installer/8/update/wa-apps/team',
  'target_path' => 'wa-apps/team',
  'store_prev' => false,
)
}------------------------------------------------------------
2026-08-18T20:26:52+00:0000693	8	TRACE	0.44Mb	1.16Mb	replace_heartbeat
waInstaller::rename replace current version code
{------------------------------------------------------------
array (
  'oldname' => 'wa-data/protected/wa-installer/8/update/wa-apps/team',
  'newname' => 'wa-apps/team',
)
}------------------------------------------------------------
2026-08-18T20:26:52+00:0000694	8	TRACE	0.44Mb	1.16Mb	replace_heartbeat
waInstaller::stageReplace replace current version code
{------------------------------------------------------------
array (
  'target_path' => 'wa-apps/team',
)
}------------------------------------------------------------
2026-08-18T20:26:52+00:0000695	8	TRACE	0.44Mb	1.16Mb	replace_complete
waInstaller::setState
{------------------------------------------------------------
array (
  'start_time' => 1787084808,
  'start_time_float' => 1787084808.627036,
  'elapsed_time' => 0.0,
  'stage' => false,
  'stage_name' => 'replace',
  'state_heartbeat' => 0.0006940364837646484,
  'thread_id' => '8',
  'chunk_id' => 'wa-apps/team',
  'stage_status' => 'complete',
  'timestamp' => 1787084812,
  'timestamp_float' => 1787084812.796607,
  'stage_start_time' => 1787084812.796607,
  'stage_performance' => 0,
  'stage_current_value' => 0,
  'datetime' => 'Tue, 18 Aug 2026 20:26:52 +0000',
  'stage_value' => 0,
  'resume' => 
  array (
    'offset' => NULL,
    'tar_size' => 1025.0,
  ),
  'debug' => 
  array (
    'block_performance' => 32.0,
    'additional' => NULL,
  ),
)
}------------------------------------------------------------
2026-08-18T20:26:52+00:0000696	8	TRACE	0.44Mb	1.16Mb	replace_heartbeat
waInstaller::setState
{------------------------------------------------------------
array (
  'start_time' => 1787084808,
  'start_time_float' => 1787084808.627036,
  'elapsed_time' => 0.0,
  'stage' => false,
  'stage_name' => 'replace',
  'state_heartbeat' => 0.0005819797515869141,
  'thread_id' => '8',
  'chunk_id' => 'wa-widgets/weather',
  'stage_status' => 'heartbeat',
  'timestamp' => 1787084812,
  'timestamp_float' => 1787084812.797185,
  'stage_start_time' => 1787084812.797185,
  'stage_performance' => 0,
  'stage_current_value' => 0,
  'datetime' => 'Tue, 18 Aug 2026 20:26:52 +0000',
  'stage_value' => 0,
  'resume' => 
  array (
    'offset' => NULL,
    'tar_size' => 1025.0,
  ),
  'debug' => 
  array (
    'block_performance' => 32.0,
    'additional' => NULL,
  ),
)
}------------------------------------------------------------
2026-08-18T20:26:52+00:0000697	8	TRACE	0.44Mb	1.16Mb	replace_heartbeat
waInstaller::stageReplace
{------------------------------------------------------------
array (
  'source_path' => 'wa-data/protected/wa-installer/8/update/wa-widgets/weather',
  'target_path' => 'wa-widgets/weather',
  'store_prev' => false,
)
}------------------------------------------------------------
2026-08-18T20:26:52+00:0000698	8	TRACE	0.44Mb	1.16Mb	replace_heartbeat
waInstaller::rename replace current version code
{------------------------------------------------------------
array (
  'oldname' => 'wa-data/protected/wa-installer/8/update/wa-widgets/weather',
  'newname' => 'wa-widgets/weather',
)
}------------------------------------------------------------
2026-08-18T20:26:52+00:0000699	8	TRACE	0.44Mb	1.16Mb	replace_heartbeat
waInstaller::stageReplace replace current version code
{------------------------------------------------------------
array (
  'target_path' => 'wa-widgets/weather',
)
}------------------------------------------------------------
2026-08-18T20:26:52+00:0000700	8	TRACE	0.44Mb	1.16Mb	replace_complete
waInstaller::setState
{------------------------------------------------------------
array (
  'start_time' => 1787084808,
  'start_time_float' => 1787084808.627036,
  'elapsed_time' => 0.0,
  'stage' => false,
  'stage_name' => 'replace',
  'state_heartbeat' => 0.0006580352783203125,
  'thread_id' => '8',
  'chunk_id' => 'wa-widgets/weather',
  'stage_status' => 'complete',
  'timestamp' => 1787084812,
  'timestamp_float' => 1787084812.797842,
  'stage_start_time' => 1787084812.797842,
  'stage_performance' => 0,
  'stage_current_value' => 0,
  'datetime' => 'Tue, 18 Aug 2026 20:26:52 +0000',
  'stage_value' => 0,
  'resume' => 
  array (
    'offset' => NULL,
    'tar_size' => 1025.0,
  ),
  'debug' => 
  array (
    'block_performance' => 32.0,
    'additional' => NULL,
  ),
)
}------------------------------------------------------------
2026-08-18T20:26:52+00:0000701	8	TRACE	0.44Mb	1.16Mb	replace_heartbeat
waInstaller::setState
{------------------------------------------------------------
array (
  'start_time' => 1787084808,
  'start_time_float' => 1787084808.627036,
  'elapsed_time' => 0.0,
  'stage' => false,
  'stage_name' => 'replace',
  'state_heartbeat' => 0.0005559921264648438,
  'thread_id' => '8',
  'chunk_id' => 'wa-plugins/shipping/courier',
  'stage_status' => 'heartbeat',
  'timestamp' => 1787084812,
  'timestamp_float' => 1787084812.798394,
  'stage_start_time' => 1787084812.798394,
  'stage_performance' => 0,
  'stage_current_value' => 0,
  'datetime' => 'Tue, 18 Aug 2026 20:26:52 +0000',
  'stage_value' => 0,
  'resume' => 
  array (
    'offset' => NULL,
    'tar_size' => 1025.0,
  ),
  'debug' => 
  array (
    'block_performance' => 32.0,
    'additional' => NULL,
  ),
)
}------------------------------------------------------------
2026-08-18T20:26:52+00:0000702	8	TRACE	0.44Mb	1.16Mb	replace_heartbeat
waInstaller::stageReplace
{------------------------------------------------------------
array (
  'source_path' => 'wa-data/protected/wa-installer/8/update/wa-plugins/shipping/courier',
  'target_path' => 'wa-plugins/shipping/courier',
  'store_prev' => false,
)
}------------------------------------------------------------
2026-08-18T20:26:52+00:0000703	8	DEBUG	0.44Mb	1.16Mb	replace_heartbeat
waInstaller::mkdir
{------------------------------------------------------------
array (
  'pathname' => 'wa-plugins/shipping/',
  'mode' => 511,
)
}------------------------------------------------------------
2026-08-18T20:26:52+00:0000704	8	TRACE	0.44Mb	1.16Mb	replace_heartbeat
waInstaller::rename replace current version code
{------------------------------------------------------------
array (
  'oldname' => 'wa-data/protected/wa-installer/8/update/wa-plugins/shipping/courier',
  'newname' => 'wa-plugins/shipping/courier',
)
}------------------------------------------------------------
2026-08-18T20:26:52+00:0000705	8	TRACE	0.44Mb	1.16Mb	replace_heartbeat
waInstaller::stageReplace replace current version code
{------------------------------------------------------------
array (
  'target_path' => 'wa-plugins/shipping/courier',
)
}------------------------------------------------------------
2026-08-18T20:26:52+00:0000706	8	TRACE	0.44Mb	1.16Mb	replace_complete
waInstaller::setState
{------------------------------------------------------------
array (
  'start_time' => 1787084808,
  'start_time_float' => 1787084808.627036,
  'elapsed_time' => 0.0,
  'stage' => false,
  'stage_name' => 'replace',
  'state_heartbeat' => 0.0009770393371582031,
  'thread_id' => '8',
  'chunk_id' => 'wa-plugins/shipping/courier',
  'stage_status' => 'complete',
  'timestamp' => 1787084812,
  'timestamp_float' => 1787084812.799369,
  'stage_start_time' => 1787084812.799369,
  'stage_performance' => 0,
  'stage_current_value' => 0,
  'datetime' => 'Tue, 18 Aug 2026 20:26:52 +0000',
  'stage_value' => 0,
  'resume' => 
  array (
    'offset' => NULL,
    'tar_size' => 1025.0,
  ),
  'debug' => 
  array (
    'block_performance' => 32.0,
    'additional' => NULL,
  ),
)
}------------------------------------------------------------
2026-08-18T20:26:52+00:0000707	8	TRACE	0.44Mb	1.16Mb	replace_heartbeat
waInstaller::setState
{------------------------------------------------------------
array (
  'start_time' => 1787084808,
  'start_time_float' => 1787084808.627036,
  'elapsed_time' => 0.0,
  'stage' => false,
  'stage_name' => 'replace',
  'state_heartbeat' => 0.0008900165557861328,
  'thread_id' => '8',
  'chunk_id' => 'wa-plugins/shipping/sd',
  'stage_status' => 'heartbeat',
  'timestamp' => 1787084812,
  'timestamp_float' => 1787084812.800254,
  'stage_start_time' => 1787084812.800254,
  'stage_performance' => 0,
  'stage_current_value' => 0,
  'datetime' => 'Tue, 18 Aug 2026 20:26:52 +0000',
  'stage_value' => 0,
  'resume' => 
  array (
    'offset' => NULL,
    'tar_size' => 1025.0,
  ),
  'debug' => 
  array (
    'block_performance' => 32.0,
    'additional' => NULL,
  ),
)
}------------------------------------------------------------
2026-08-18T20:26:52+00:0000708	8	TRACE	0.44Mb	1.16Mb	replace_heartbeat
waInstaller::stageReplace
{------------------------------------------------------------
array (
  'source_path' => 'wa-data/protected/wa-installer/8/update/wa-plugins/shipping/sd',
  'target_path' => 'wa-plugins/shipping/sd',
  'store_prev' => false,
)
}------------------------------------------------------------
2026-08-18T20:26:52+00:0000709	8	TRACE	0.44Mb	1.16Mb	replace_heartbeat
waInstaller::rename replace current version code
{------------------------------------------------------------
array (
  'oldname' => 'wa-data/protected/wa-installer/8/update/wa-plugins/shipping/sd',
  'newname' => 'wa-plugins/shipping/sd',
)
}------------------------------------------------------------
2026-08-18T20:26:52+00:0000710	8	TRACE	0.44Mb	1.16Mb	replace_heartbeat
waInstaller::stageReplace replace current version code
{------------------------------------------------------------
array (
  'target_path' => 'wa-plugins/shipping/sd',
)
}------------------------------------------------------------
2026-08-18T20:26:52+00:0000711	8	TRACE	0.44Mb	1.16Mb	replace_complete
waInstaller::setState
{------------------------------------------------------------
array (
  'start_time' => 1787084808,
  'start_time_float' => 1787084808.627036,
  'elapsed_time' => 0.0,
  'stage' => false,
  'stage_name' => 'replace',
  'state_heartbeat' => 0.001024007797241211,
  'thread_id' => '8',
  'chunk_id' => 'wa-plugins/shipping/sd',
  'stage_status' => 'complete',
  'timestamp' => 1787084812,
  'timestamp_float' => 1787084812.801276,
  'stage_start_time' => 1787084812.801276,
  'stage_performance' => 0,
  'stage_current_value' => 0,
  'datetime' => 'Tue, 18 Aug 2026 20:26:52 +0000',
  'stage_value' => 0,
  'resume' => 
  array (
    'offset' => NULL,
    'tar_size' => 1025.0,
  ),
  'debug' => 
  array (
    'block_performance' => 32.0,
    'additional' => NULL,
  ),
)
}------------------------------------------------------------
2026-08-18T20:26:52+00:0000712	8	TRACE	0.44Mb	1.16Mb	replace_heartbeat
waInstaller::setState
{------------------------------------------------------------
array (
  'start_time' => 1787084808,
  'start_time_float' => 1787084808.627036,
  'elapsed_time' => 0.0,
  'stage' => false,
  'stage_name' => 'replace',
  'state_heartbeat' => 0.0009620189666748047,
  'thread_id' => '8',
  'chunk_id' => 'wa-plugins/shipping/worldwide',
  'stage_status' => 'heartbeat',
  'timestamp' => 1787084812,
  'timestamp_float' => 1787084812.802233,
  'stage_start_time' => 1787084812.802233,
  'stage_performance' => 0,
  'stage_current_value' => 0,
  'datetime' => 'Tue, 18 Aug 2026 20:26:52 +0000',
  'stage_value' => 0,
  'resume' => 
  array (
    'offset' => NULL,
    'tar_size' => 1025.0,
  ),
  'debug' => 
  array (
    'block_performance' => 32.0,
    'additional' => NULL,
  ),
)
}------------------------------------------------------------
2026-08-18T20:26:52+00:0000713	8	TRACE	0.44Mb	1.16Mb	replace_heartbeat
waInstaller::stageReplace
{------------------------------------------------------------
array (
  'source_path' => 'wa-data/protected/wa-installer/8/update/wa-plugins/shipping/worldwide',
  'target_path' => 'wa-plugins/shipping/worldwide',
  'store_prev' => false,
)
}------------------------------------------------------------
2026-08-18T20:26:52+00:0000714	8	TRACE	0.44Mb	1.16Mb	replace_heartbeat
waInstaller::rename replace current version code
{------------------------------------------------------------
array (
  'oldname' => 'wa-data/protected/wa-installer/8/update/wa-plugins/shipping/worldwide',
  'newname' => 'wa-plugins/shipping/worldwide',
)
}------------------------------------------------------------
2026-08-18T20:26:52+00:0000715	8	TRACE	0.44Mb	1.16Mb	replace_heartbeat
waInstaller::stageReplace replace current version code
{------------------------------------------------------------
array (
  'target_path' => 'wa-plugins/shipping/worldwide',
)
}------------------------------------------------------------
2026-08-18T20:26:52+00:0000716	8	TRACE	0.44Mb	1.16Mb	replace_complete
waInstaller::setState
{------------------------------------------------------------
array (
  'start_time' => 1787084808,
  'start_time_float' => 1787084808.627036,
  'elapsed_time' => 0.0,
  'stage' => false,
  'stage_name' => 'replace',
  'state_heartbeat' => 0.0010111331939697266,
  'thread_id' => '8',
  'chunk_id' => 'wa-plugins/shipping/worldwide',
  'stage_status' => 'complete',
  'timestamp' => 1787084812,
  'timestamp_float' => 1787084812.803242,
  'stage_start_time' => 1787084812.803242,
  'stage_performance' => 0,
  'stage_current_value' => 0,
  'datetime' => 'Tue, 18 Aug 2026 20:26:52 +0000',
  'stage_value' => 0,
  'resume' => 
  array (
    'offset' => NULL,
    'tar_size' => 1025.0,
  ),
  'debug' => 
  array (
    'block_performance' => 32.0,
    'additional' => NULL,
  ),
)
}------------------------------------------------------------
2026-08-18T20:26:52+00:0000717	8	TRACE	0.44Mb	1.16Mb	replace_heartbeat
waInstaller::setState
{------------------------------------------------------------
array (
  'start_time' => 1787084808,
  'start_time_float' => 1787084808.627036,
  'elapsed_time' => 0.0,
  'stage' => false,
  'stage_name' => 'replace',
  'state_heartbeat' => 0.0006830692291259766,
  'thread_id' => '8',
  'chunk_id' => 'wa-plugins/sms/webasystsms',
  'stage_status' => 'heartbeat',
  'timestamp' => 1787084812,
  'timestamp_float' => 1787084812.803921,
  'stage_start_time' => 1787084812.803921,
  'stage_performance' => 0,
  'stage_current_value' => 0,
  'datetime' => 'Tue, 18 Aug 2026 20:26:52 +0000',
  'stage_value' => 0,
  'resume' => 
  array (
    'offset' => NULL,
    'tar_size' => 1025.0,
  ),
  'debug' => 
  array (
    'block_performance' => 32.0,
    'additional' => NULL,
  ),
)
}------------------------------------------------------------
2026-08-18T20:26:52+00:0000718	8	TRACE	0.44Mb	1.16Mb	replace_heartbeat
waInstaller::stageReplace
{------------------------------------------------------------
array (
  'source_path' => 'wa-data/protected/wa-installer/8/update/wa-plugins/sms/webasystsms',
  'target_path' => 'wa-plugins/sms/webasystsms',
  'store_prev' => false,
)
}------------------------------------------------------------
2026-08-18T20:26:52+00:0000719	8	DEBUG	0.44Mb	1.16Mb	replace_heartbeat
waInstaller::mkdir
{------------------------------------------------------------
array (
  'pathname' => 'wa-plugins/sms/',
  'mode' => 511,
)
}------------------------------------------------------------
2026-08-18T20:26:52+00:0000720	8	TRACE	0.44Mb	1.16Mb	replace_heartbeat
waInstaller::rename replace current version code
{------------------------------------------------------------
array (
  'oldname' => 'wa-data/protected/wa-installer/8/update/wa-plugins/sms/webasystsms',
  'newname' => 'wa-plugins/sms/webasystsms',
)
}------------------------------------------------------------
2026-08-18T20:26:52+00:0000721	8	TRACE	0.44Mb	1.16Mb	replace_heartbeat
waInstaller::stageReplace replace current version code
{------------------------------------------------------------
array (
  'target_path' => 'wa-plugins/sms/webasystsms',
)
}------------------------------------------------------------
2026-08-18T20:26:52+00:0000722	8	TRACE	0.44Mb	1.16Mb	replace_complete
waInstaller::setState
{------------------------------------------------------------
array (
  'start_time' => 1787084808,
  'start_time_float' => 1787084808.627036,
  'elapsed_time' => 0.0,
  'stage' => false,
  'stage_name' => 'replace',
  'state_heartbeat' => 0.0010669231414794922,
  'thread_id' => '8',
  'chunk_id' => 'wa-plugins/sms/webasystsms',
  'stage_status' => 'complete',
  'timestamp' => 1787084812,
  'timestamp_float' => 1787084812.804986,
  'stage_start_time' => 1787084812.804986,
  'stage_performance' => 0,
  'stage_current_value' => 0,
  'datetime' => 'Tue, 18 Aug 2026 20:26:52 +0000',
  'stage_value' => 0,
  'resume' => 
  array (
    'offset' => NULL,
    'tar_size' => 1025.0,
  ),
  'debug' => 
  array (
    'block_performance' => 32.0,
    'additional' => NULL,
  ),
)
}------------------------------------------------------------
2026-08-18T20:26:52+00:0000723	8	TRACE	0.44Mb	1.16Mb	cleanup_heartbeat
waInstaller::setState
{------------------------------------------------------------
array (
  'start_time' => 1787084808,
  'start_time_float' => 1787084808.627036,
  'elapsed_time' => 0.0,
  'stage' => false,
  'stage_name' => 'cleanup',
  'state_heartbeat' => 0.0009069442749023438,
  'thread_id' => '8',
  'chunk_id' => 'wa-content',
  'stage_status' => 'heartbeat',
  'timestamp' => 1787084812,
  'timestamp_float' => 1787084812.805868,
  'stage_start_time' => 1787084812.805868,
  'stage_performance' => 0,
  'stage_current_value' => 0,
  'datetime' => 'Tue, 18 Aug 2026 20:26:52 +0000',
  'stage_value' => 0,
  'resume' => 
  array (
    'offset' => NULL,
    'tar_size' => 1025.0,
  ),
  'debug' => 
  array (
    'block_performance' => 32.0,
    'additional' => NULL,
  ),
)
}------------------------------------------------------------
2026-08-18T20:26:52+00:0000724	8	DEBUG	0.44Mb	1.16Mb	cleanup_heartbeat
waInstaller::setState
{------------------------------------------------------------
array (
  'start_time' => 1787084808,
  'start_time_float' => 1787084808.627036,
  'elapsed_time' => 0.0,
  'stage' => false,
  'stage_name' => 'cleanup',
  'state_heartbeat' => 0.0006392002105712891,
  'thread_id' => '8',
  'chunk_id' => 'wa-content',
  'stage_status' => 'heartbeat',
  'timestamp' => 1787084812,
  'timestamp_float' => 1787084812.806505,
  'stage_start_time' => 1787084812.806505,
  'stage_performance' => 0,
  'stage_current_value' => 0,
  'datetime' => 'Tue, 18 Aug 2026 20:26:52 +0000',
  'stage_value' => 0,
  'resume' => 
  array (
    'offset' => NULL,
    'tar_size' => 1025.0,
  ),
  'debug' => 
  array (
    'block_performance' => 32.0,
    'additional' => NULL,
  ),
)
}------------------------------------------------------------
2026-08-18T20:26:52+00:0000725	8	TRACE	0.44Mb	1.16Mb	cleanup_complete
waInstaller::setState
{------------------------------------------------------------
array (
  'start_time' => 1787084808,
  'start_time_float' => 1787084808.627036,
  'elapsed_time' => 0.0,
  'stage' => false,
  'stage_name' => 'cleanup',
  'state_heartbeat' => 0.0010499954223632812,
  'thread_id' => '8',
  'chunk_id' => 'wa-content',
  'stage_status' => 'complete',
  'timestamp' => 1787084812,
  'timestamp_float' => 1787084812.807553,
  'stage_start_time' => 1787084812.807553,
  'stage_performance' => 0,
  'stage_current_value' => 0,
  'datetime' => 'Tue, 18 Aug 2026 20:26:52 +0000',
  'stage_value' => 0,
  'resume' => 
  array (
    'offset' => NULL,
    'tar_size' => 1025.0,
  ),
  'debug' => 
  array (
    'block_performance' => 32.0,
    'additional' => NULL,
  ),
)
}------------------------------------------------------------
2026-08-18T20:26:52+00:0000726	8	TRACE	0.44Mb	1.16Mb	cleanup_heartbeat
waInstaller::setState
{------------------------------------------------------------
array (
  'start_time' => 1787084808,
  'start_time_float' => 1787084808.627036,
  'elapsed_time' => 0.0,
  'stage' => false,
  'stage_name' => 'cleanup',
  'state_heartbeat' => 0.0006170272827148438,
  'thread_id' => '8',
  'chunk_id' => 'wa-system',
  'stage_status' => 'heartbeat',
  'timestamp' => 1787084812,
  'timestamp_float' => 1787084812.808166,
  'stage_start_time' => 1787084812.808166,
  'stage_performance' => 0,
  'stage_current_value' => 0,
  'datetime' => 'Tue, 18 Aug 2026 20:26:52 +0000',
  'stage_value' => 0,
  'resume' => 
  array (
    'offset' => NULL,
    'tar_size' => 1025.0,
  ),
  'debug' => 
  array (
    'block_performance' => 32.0,
    'additional' => NULL,
  ),
)
}------------------------------------------------------------
2026-08-18T20:26:52+00:0000727	8	TRACE	0.44Mb	1.16Mb	cleanup_complete
waInstaller::setState
{------------------------------------------------------------
array (
  'start_time' => 1787084808,
  'start_time_float' => 1787084808.627036,
  'elapsed_time' => 0.0,
  'stage' => false,
  'stage_name' => 'cleanup',
  'state_heartbeat' => 0.0005800724029541016,
  'thread_id' => '8',
  'chunk_id' => 'wa-system',
  'stage_status' => 'complete',
  'timestamp' => 1787084812,
  'timestamp_float' => 1787084812.808745,
  'stage_start_time' => 1787084812.808745,
  'stage_performance' => 0,
  'stage_current_value' => 0,
  'datetime' => 'Tue, 18 Aug 2026 20:26:52 +0000',
  'stage_value' => 0,
  'resume' => 
  array (
    'offset' => NULL,
    'tar_size' => 1025.0,
  ),
  'debug' => 
  array (
    'block_performance' => 32.0,
    'additional' => NULL,
  ),
)
}------------------------------------------------------------
2026-08-18T20:26:52+00:0000728	8	TRACE	0.44Mb	1.16Mb	cleanup_heartbeat
waInstaller::setState
{------------------------------------------------------------
array (
  'start_time' => 1787084808,
  'start_time_float' => 1787084808.627036,
  'elapsed_time' => 0.0,
  'stage' => false,
  'stage_name' => 'cleanup',
  'state_heartbeat' => 0.0005671977996826172,
  'thread_id' => '8',
  'chunk_id' => 'wa-widgets/clock',
  'stage_status' => 'heartbeat',
  'timestamp' => 1787084812,
  'timestamp_float' => 1787084812.809308,
  'stage_start_time' => 1787084812.809308,
  'stage_performance' => 0,
  'stage_current_value' => 0,
  'datetime' => 'Tue, 18 Aug 2026 20:26:52 +0000',
  'stage_value' => 0,
  'resume' => 
  array (
    'offset' => NULL,
    'tar_size' => 1025.0,
  ),
  'debug' => 
  array (
    'block_performance' => 32.0,
    'additional' => NULL,
  ),
)
}------------------------------------------------------------
2026-08-18T20:26:52+00:0000729	8	TRACE	0.44Mb	1.16Mb	cleanup_complete
waInstaller::setState
{------------------------------------------------------------
array (
  'start_time' => 1787084808,
  'start_time_float' => 1787084808.627036,
  'elapsed_time' => 0.0,
  'stage' => false,
  'stage_name' => 'cleanup',
  'state_heartbeat' => 0.0005578994750976562,
  'thread_id' => '8',
  'chunk_id' => 'wa-widgets/clock',
  'stage_status' => 'complete',
  'timestamp' => 1787084812,
  'timestamp_float' => 1787084812.809865,
  'stage_start_time' => 1787084812.809865,
  'stage_performance' => 0,
  'stage_current_value' => 0,
  'datetime' => 'Tue, 18 Aug 2026 20:26:52 +0000',
  'stage_value' => 0,
  'resume' => 
  array (
    'offset' => NULL,
    'tar_size' => 1025.0,
  ),
  'debug' => 
  array (
    'block_performance' => 32.0,
    'additional' => NULL,
  ),
)
}------------------------------------------------------------
2026-08-18T20:26:52+00:0000730	8	TRACE	0.44Mb	1.16Mb	cleanup_heartbeat
waInstaller::setState
{------------------------------------------------------------
array (
  'start_time' => 1787084808,
  'start_time_float' => 1787084808.627036,
  'elapsed_time' => 0.0,
  'stage' => false,
  'stage_name' => 'cleanup',
  'state_heartbeat' => 0.0005750656127929688,
  'thread_id' => '8',
  'chunk_id' => 'wa-widgets/currencyquotes',
  'stage_status' => 'heartbeat',
  'timestamp' => 1787084812,
  'timestamp_float' => 1787084812.810436,
  'stage_start_time' => 1787084812.810436,
  'stage_performance' => 0,
  'stage_current_value' => 0,
  'datetime' => 'Tue, 18 Aug 2026 20:26:52 +0000',
  'stage_value' => 0,
  'resume' => 
  array (
    'offset' => NULL,
    'tar_size' => 1025.0,
  ),
  'debug' => 
  array (
    'block_performance' => 32.0,
    'additional' => NULL,
  ),
)
}------------------------------------------------------------
2026-08-18T20:26:52+00:0000731	8	TRACE	0.44Mb	1.16Mb	cleanup_complete
waInstaller::setState
{------------------------------------------------------------
array (
  'start_time' => 1787084808,
  'start_time_float' => 1787084808.627036,
  'elapsed_time' => 0.0,
  'stage' => false,
  'stage_name' => 'cleanup',
  'state_heartbeat' => 0.0005619525909423828,
  'thread_id' => '8',
  'chunk_id' => 'wa-widgets/currencyquotes',
  'stage_status' => 'complete',
  'timestamp' => 1787084812,
  'timestamp_float' => 1787084812.810997,
  'stage_start_time' => 1787084812.810997,
  'stage_performance' => 0,
  'stage_current_value' => 0,
  'datetime' => 'Tue, 18 Aug 2026 20:26:52 +0000',
  'stage_value' => 0,
  'resume' => 
  array (
    'offset' => NULL,
    'tar_size' => 1025.0,
  ),
  'debug' => 
  array (
    'block_performance' => 32.0,
    'additional' => NULL,
  ),
)
}------------------------------------------------------------
2026-08-18T20:26:52+00:0000732	8	TRACE	0.44Mb	1.16Mb	cleanup_heartbeat
waInstaller::setState
{------------------------------------------------------------
array (
  'start_time' => 1787084808,
  'start_time_float' => 1787084808.627036,
  'elapsed_time' => 0.0,
  'stage' => false,
  'stage_name' => 'cleanup',
  'state_heartbeat' => 0.0006120204925537109,
  'thread_id' => '8',
  'chunk_id' => 'wa-widgets/news',
  'stage_status' => 'heartbeat',
  'timestamp' => 1787084812,
  'timestamp_float' => 1787084812.811605,
  'stage_start_time' => 1787084812.811606,
  'stage_performance' => 0,
  'stage_current_value' => 0,
  'datetime' => 'Tue, 18 Aug 2026 20:26:52 +0000',
  'stage_value' => 0,
  'resume' => 
  array (
    'offset' => NULL,
    'tar_size' => 1025.0,
  ),
  'debug' => 
  array (
    'block_performance' => 32.0,
    'additional' => NULL,
  ),
)
}------------------------------------------------------------
2026-08-18T20:26:52+00:0000733	8	TRACE	0.44Mb	1.16Mb	cleanup_complete
waInstaller::setState
{------------------------------------------------------------
array (
  'start_time' => 1787084808,
  'start_time_float' => 1787084808.627036,
  'elapsed_time' => 0.0,
  'stage' => false,
  'stage_name' => 'cleanup',
  'state_heartbeat' => 0.0006220340728759766,
  'thread_id' => '8',
  'chunk_id' => 'wa-widgets/news',
  'stage_status' => 'complete',
  'timestamp' => 1787084812,
  'timestamp_float' => 1787084812.812226,
  'stage_start_time' => 1787084812.812226,
  'stage_performance' => 0,
  'stage_current_value' => 0,
  'datetime' => 'Tue, 18 Aug 2026 20:26:52 +0000',
  'stage_value' => 0,
  'resume' => 
  array (
    'offset' => NULL,
    'tar_size' => 1025.0,
  ),
  'debug' => 
  array (
    'block_performance' => 32.0,
    'additional' => NULL,
  ),
)
}------------------------------------------------------------
2026-08-18T20:26:52+00:0000734	8	TRACE	0.44Mb	1.16Mb	cleanup_heartbeat
waInstaller::setState
{------------------------------------------------------------
array (
  'start_time' => 1787084808,
  'start_time_float' => 1787084808.627036,
  'elapsed_time' => 0.0,
  'stage' => false,
  'stage_name' => 'cleanup',
  'state_heartbeat' => 0.00078582763671875,
  'thread_id' => '8',
  'chunk_id' => 'wa-apps/blog',
  'stage_status' => 'heartbeat',
  'timestamp' => 1787084812,
  'timestamp_float' => 1787084812.813008,
  'stage_start_time' => 1787084812.813008,
  'stage_performance' => 0,
  'stage_current_value' => 0,
  'datetime' => 'Tue, 18 Aug 2026 20:26:52 +0000',
  'stage_value' => 0,
  'resume' => 
  array (
    'offset' => NULL,
    'tar_size' => 1025.0,
  ),
  'debug' => 
  array (
    'block_performance' => 32.0,
    'additional' => NULL,
  ),
)
}------------------------------------------------------------
2026-08-18T20:26:52+00:0000735	8	TRACE	0.44Mb	1.16Mb	cleanup_complete
waInstaller::setState
{------------------------------------------------------------
array (
  'start_time' => 1787084808,
  'start_time_float' => 1787084808.627036,
  'elapsed_time' => 0.0,
  'stage' => false,
  'stage_name' => 'cleanup',
  'state_heartbeat' => 0.0007200241088867188,
  'thread_id' => '8',
  'chunk_id' => 'wa-apps/blog',
  'stage_status' => 'complete',
  'timestamp' => 1787084812,
  'timestamp_float' => 1787084812.813727,
  'stage_start_time' => 1787084812.813727,
  'stage_performance' => 0,
  'stage_current_value' => 0,
  'datetime' => 'Tue, 18 Aug 2026 20:26:52 +0000',
  'stage_value' => 0,
  'resume' => 
  array (
    'offset' => NULL,
    'tar_size' => 1025.0,
  ),
  'debug' => 
  array (
    'block_performance' => 32.0,
    'additional' => NULL,
  ),
)
}------------------------------------------------------------
2026-08-18T20:26:52+00:0000736	8	TRACE	0.44Mb	1.16Mb	cleanup_heartbeat
waInstaller::setState
{------------------------------------------------------------
array (
  'start_time' => 1787084808,
  'start_time_float' => 1787084808.627036,
  'elapsed_time' => 0.0,
  'stage' => false,
  'stage_name' => 'cleanup',
  'state_heartbeat' => 0.0006241798400878906,
  'thread_id' => '8',
  'chunk_id' => 'wa-apps/crm',
  'stage_status' => 'heartbeat',
  'timestamp' => 1787084812,
  'timestamp_float' => 1787084812.814347,
  'stage_start_time' => 1787084812.814347,
  'stage_performance' => 0,
  'stage_current_value' => 0,
  'datetime' => 'Tue, 18 Aug 2026 20:26:52 +0000',
  'stage_value' => 0,
  'resume' => 
  array (
    'offset' => NULL,
    'tar_size' => 1025.0,
  ),
  'debug' => 
  array (
    'block_performance' => 32.0,
    'additional' => NULL,
  ),
)
}------------------------------------------------------------
2026-08-18T20:26:52+00:0000737	8	TRACE	0.44Mb	1.16Mb	cleanup_complete
waInstaller::setState
{------------------------------------------------------------
array (
  'start_time' => 1787084808,
  'start_time_float' => 1787084808.627036,
  'elapsed_time' => 0.0,
  'stage' => false,
  'stage_name' => 'cleanup',
  'state_heartbeat' => 0.0006229877471923828,
  'thread_id' => '8',
  'chunk_id' => 'wa-apps/crm',
  'stage_status' => 'complete',
  'timestamp' => 1787084812,
  'timestamp_float' => 1787084812.814969,
  'stage_start_time' => 1787084812.814969,
  'stage_performance' => 0,
  'stage_current_value' => 0,
  'datetime' => 'Tue, 18 Aug 2026 20:26:52 +0000',
  'stage_value' => 0,
  'resume' => 
  array (
    'offset' => NULL,
    'tar_size' => 1025.0,
  ),
  'debug' => 
  array (
    'block_performance' => 32.0,
    'additional' => NULL,
  ),
)
}------------------------------------------------------------
2026-08-18T20:26:52+00:0000738	8	TRACE	0.44Mb	1.16Mb	cleanup_heartbeat
waInstaller::setState
{------------------------------------------------------------
array (
  'start_time' => 1787084808,
  'start_time_float' => 1787084808.627036,
  'elapsed_time' => 0.0,
  'stage' => false,
  'stage_name' => 'cleanup',
  'state_heartbeat' => 0.0006349086761474609,
  'thread_id' => '8',
  'chunk_id' => 'wa-apps/files',
  'stage_status' => 'heartbeat',
  'timestamp' => 1787084812,
  'timestamp_float' => 1787084812.8156,
  'stage_start_time' => 1787084812.8156,
  'stage_performance' => 0,
  'stage_current_value' => 0,
  'datetime' => 'Tue, 18 Aug 2026 20:26:52 +0000',
  'stage_value' => 0,
  'resume' => 
  array (
    'offset' => NULL,
    'tar_size' => 1025.0,
  ),
  'debug' => 
  array (
    'block_performance' => 32.0,
    'additional' => NULL,
  ),
)
}------------------------------------------------------------
2026-08-18T20:26:52+00:0000739	8	TRACE	0.44Mb	1.16Mb	cleanup_complete
waInstaller::setState
{------------------------------------------------------------
array (
  'start_time' => 1787084808,
  'start_time_float' => 1787084808.627036,
  'elapsed_time' => 0.0,
  'stage' => false,
  'stage_name' => 'cleanup',
  'state_heartbeat' => 0.0007109642028808594,
  'thread_id' => '8',
  'chunk_id' => 'wa-apps/files',
  'stage_status' => 'complete',
  'timestamp' => 1787084812,
  'timestamp_float' => 1787084812.81631,
  'stage_start_time' => 1787084812.81631,
  'stage_performance' => 0,
  'stage_current_value' => 0,
  'datetime' => 'Tue, 18 Aug 2026 20:26:52 +0000',
  'stage_value' => 0,
  'resume' => 
  array (
    'offset' => NULL,
    'tar_size' => 1025.0,
  ),
  'debug' => 
  array (
    'block_performance' => 32.0,
    'additional' => NULL,
  ),
)
}------------------------------------------------------------
2026-08-18T20:26:52+00:0000740	8	TRACE	0.44Mb	1.16Mb	cleanup_heartbeat
waInstaller::setState
{------------------------------------------------------------
array (
  'start_time' => 1787084808,
  'start_time_float' => 1787084808.627036,
  'elapsed_time' => 0.0,
  'stage' => false,
  'stage_name' => 'cleanup',
  'state_heartbeat' => 0.0005970001220703125,
  'thread_id' => '8',
  'chunk_id' => 'wa-apps/hub',
  'stage_status' => 'heartbeat',
  'timestamp' => 1787084812,
  'timestamp_float' => 1787084812.816902,
  'stage_start_time' => 1787084812.816903,
  'stage_performance' => 0,
  'stage_current_value' => 0,
  'datetime' => 'Tue, 18 Aug 2026 20:26:52 +0000',
  'stage_value' => 0,
  'resume' => 
  array (
    'offset' => NULL,
    'tar_size' => 1025.0,
  ),
  'debug' => 
  array (
    'block_performance' => 32.0,
    'additional' => NULL,
  ),
)
}------------------------------------------------------------
2026-08-18T20:26:52+00:0000741	8	TRACE	0.44Mb	1.16Mb	cleanup_complete
waInstaller::setState
{------------------------------------------------------------
array (
  'start_time' => 1787084808,
  'start_time_float' => 1787084808.627036,
  'elapsed_time' => 0.0,
  'stage' => false,
  'stage_name' => 'cleanup',
  'state_heartbeat' => 0.0006701946258544922,
  'thread_id' => '8',
  'chunk_id' => 'wa-apps/hub',
  'stage_status' => 'complete',
  'timestamp' => 1787084812,
  'timestamp_float' => 1787084812.817571,
  'stage_start_time' => 1787084812.817571,
  'stage_performance' => 0,
  'stage_current_value' => 0,
  'datetime' => 'Tue, 18 Aug 2026 20:26:52 +0000',
  'stage_value' => 0,
  'resume' => 
  array (
    'offset' => NULL,
    'tar_size' => 1025.0,
  ),
  'debug' => 
  array (
    'block_performance' => 32.0,
    'additional' => NULL,
  ),
)
}------------------------------------------------------------
2026-08-18T20:26:52+00:0000742	8	TRACE	0.44Mb	1.16Mb	cleanup_heartbeat
waInstaller::setState
{------------------------------------------------------------
array (
  'start_time' => 1787084808,
  'start_time_float' => 1787084808.627036,
  'elapsed_time' => 0.0,
  'stage' => false,
  'stage_name' => 'cleanup',
  'state_heartbeat' => 0.0005831718444824219,
  'thread_id' => '8',
  'chunk_id' => 'wa-apps/installer',
  'stage_status' => 'heartbeat',
  'timestamp' => 1787084812,
  'timestamp_float' => 1787084812.81815,
  'stage_start_time' => 1787084812.81815,
  'stage_performance' => 0,
  'stage_current_value' => 0,
  'datetime' => 'Tue, 18 Aug 2026 20:26:52 +0000',
  'stage_value' => 0,
  'resume' => 
  array (
    'offset' => NULL,
    'tar_size' => 1025.0,
  ),
  'debug' => 
  array (
    'block_performance' => 32.0,
    'additional' => NULL,
  ),
)
}------------------------------------------------------------
2026-08-18T20:26:52+00:0000743	8	TRACE	0.44Mb	1.16Mb	cleanup_complete
waInstaller::setState
{------------------------------------------------------------
array (
  'start_time' => 1787084808,
  'start_time_float' => 1787084808.627036,
  'elapsed_time' => 0.0,
  'stage' => false,
  'stage_name' => 'cleanup',
  'state_heartbeat' => 0.0006079673767089844,
  'thread_id' => '8',
  'chunk_id' => 'wa-apps/installer',
  'stage_status' => 'complete',
  'timestamp' => 1787084812,
  'timestamp_float' => 1787084812.818757,
  'stage_start_time' => 1787084812.818757,
  'stage_performance' => 0,
  'stage_current_value' => 0,
  'datetime' => 'Tue, 18 Aug 2026 20:26:52 +0000',
  'stage_value' => 0,
  'resume' => 
  array (
    'offset' => NULL,
    'tar_size' => 1025.0,
  ),
  'debug' => 
  array (
    'block_performance' => 32.0,
    'additional' => NULL,
  ),
)
}------------------------------------------------------------
2026-08-18T20:26:52+00:0000744	8	TRACE	0.44Mb	1.16Mb	cleanup_heartbeat
waInstaller::setState
{------------------------------------------------------------
array (
  'start_time' => 1787084808,
  'start_time_float' => 1787084808.627036,
  'elapsed_time' => 0.0,
  'stage' => false,
  'stage_name' => 'cleanup',
  'state_heartbeat' => 0.00061798095703125,
  'thread_id' => '8',
  'chunk_id' => 'wa-apps/mailer',
  'stage_status' => 'heartbeat',
  'timestamp' => 1787084812,
  'timestamp_float' => 1787084812.819371,
  'stage_start_time' => 1787084812.819371,
  'stage_performance' => 0,
  'stage_current_value' => 0,
  'datetime' => 'Tue, 18 Aug 2026 20:26:52 +0000',
  'stage_value' => 0,
  'resume' => 
  array (
    'offset' => NULL,
    'tar_size' => 1025.0,
  ),
  'debug' => 
  array (
    'block_performance' => 32.0,
    'additional' => NULL,
  ),
)
}------------------------------------------------------------
2026-08-18T20:26:52+00:0000745	8	TRACE	0.44Mb	1.16Mb	cleanup_complete
waInstaller::setState
{------------------------------------------------------------
array (
  'start_time' => 1787084808,
  'start_time_float' => 1787084808.627036,
  'elapsed_time' => 0.0,
  'stage' => false,
  'stage_name' => 'cleanup',
  'state_heartbeat' => 0.0005679130554199219,
  'thread_id' => '8',
  'chunk_id' => 'wa-apps/mailer',
  'stage_status' => 'complete',
  'timestamp' => 1787084812,
  'timestamp_float' => 1787084812.819938,
  'stage_start_time' => 1787084812.819938,
  'stage_performance' => 0,
  'stage_current_value' => 0,
  'datetime' => 'Tue, 18 Aug 2026 20:26:52 +0000',
  'stage_value' => 0,
  'resume' => 
  array (
    'offset' => NULL,
    'tar_size' => 1025.0,
  ),
  'debug' => 
  array (
    'block_performance' => 32.0,
    'additional' => NULL,
  ),
)
}------------------------------------------------------------
2026-08-18T20:26:52+00:0000746	8	TRACE	0.44Mb	1.16Mb	cleanup_heartbeat
waInstaller::setState
{------------------------------------------------------------
array (
  'start_time' => 1787084808,
  'start_time_float' => 1787084808.627036,
  'elapsed_time' => 0.0,
  'stage' => false,
  'stage_name' => 'cleanup',
  'state_heartbeat' => 0.0006029605865478516,
  'thread_id' => '8',
  'chunk_id' => 'wa-apps/photos',
  'stage_status' => 'heartbeat',
  'timestamp' => 1787084812,
  'timestamp_float' => 1787084812.820537,
  'stage_start_time' => 1787084812.820537,
  'stage_performance' => 0,
  'stage_current_value' => 0,
  'datetime' => 'Tue, 18 Aug 2026 20:26:52 +0000',
  'stage_value' => 0,
  'resume' => 
  array (
    'offset' => NULL,
    'tar_size' => 1025.0,
  ),
  'debug' => 
  array (
    'block_performance' => 32.0,
    'additional' => NULL,
  ),
)
}------------------------------------------------------------
2026-08-18T20:26:52+00:0000747	8	TRACE	0.44Mb	1.16Mb	cleanup_complete
waInstaller::setState
{------------------------------------------------------------
array (
  'start_time' => 1787084808,
  'start_time_float' => 1787084808.627036,
  'elapsed_time' => 0.0,
  'stage' => false,
  'stage_name' => 'cleanup',
  'state_heartbeat' => 0.0005648136138916016,
  'thread_id' => '8',
  'chunk_id' => 'wa-apps/photos',
  'stage_status' => 'complete',
  'timestamp' => 1787084812,
  'timestamp_float' => 1787084812.821101,
  'stage_start_time' => 1787084812.821101,
  'stage_performance' => 0,
  'stage_current_value' => 0,
  'datetime' => 'Tue, 18 Aug 2026 20:26:52 +0000',
  'stage_value' => 0,
  'resume' => 
  array (
    'offset' => NULL,
    'tar_size' => 1025.0,
  ),
  'debug' => 
  array (
    'block_performance' => 32.0,
    'additional' => NULL,
  ),
)
}------------------------------------------------------------
2026-08-18T20:26:52+00:0000748	8	TRACE	0.44Mb	1.16Mb	cleanup_heartbeat
waInstaller::setState
{------------------------------------------------------------
array (
  'start_time' => 1787084808,
  'start_time_float' => 1787084808.627036,
  'elapsed_time' => 0.0,
  'stage' => false,
  'stage_name' => 'cleanup',
  'state_heartbeat' => 0.0005481243133544922,
  'thread_id' => '8',
  'chunk_id' => 'wa-apps/shop',
  'stage_status' => 'heartbeat',
  'timestamp' => 1787084812,
  'timestamp_float' => 1787084812.821645,
  'stage_start_time' => 1787084812.821645,
  'stage_performance' => 0,
  'stage_current_value' => 0,
  'datetime' => 'Tue, 18 Aug 2026 20:26:52 +0000',
  'stage_value' => 0,
  'resume' => 
  array (
    'offset' => NULL,
    'tar_size' => 1025.0,
  ),
  'debug' => 
  array (
    'block_performance' => 32.0,
    'additional' => NULL,
  ),
)
}------------------------------------------------------------
2026-08-18T20:26:52+00:0000749	8	TRACE	0.44Mb	1.16Mb	cleanup_complete
waInstaller::setState
{------------------------------------------------------------
array (
  'start_time' => 1787084808,
  'start_time_float' => 1787084808.627036,
  'elapsed_time' => 0.0,
  'stage' => false,
  'stage_name' => 'cleanup',
  'state_heartbeat' => 0.0006389617919921875,
  'thread_id' => '8',
  'chunk_id' => 'wa-apps/shop',
  'stage_status' => 'complete',
  'timestamp' => 1787084812,
  'timestamp_float' => 1787084812.822282,
  'stage_start_time' => 1787084812.822282,
  'stage_performance' => 0,
  'stage_current_value' => 0,
  'datetime' => 'Tue, 18 Aug 2026 20:26:52 +0000',
  'stage_value' => 0,
  'resume' => 
  array (
    'offset' => NULL,
    'tar_size' => 1025.0,
  ),
  'debug' => 
  array (
    'block_performance' => 32.0,
    'additional' => NULL,
  ),
)
}------------------------------------------------------------
2026-08-18T20:26:52+00:0000750	8	TRACE	0.44Mb	1.16Mb	cleanup_heartbeat
waInstaller::setState
{------------------------------------------------------------
array (
  'start_time' => 1787084808,
  'start_time_float' => 1787084808.627036,
  'elapsed_time' => 0.0,
  'stage' => false,
  'stage_name' => 'cleanup',
  'state_heartbeat' => 0.0005588531494140625,
  'thread_id' => '8',
  'chunk_id' => 'wa-apps/site',
  'stage_status' => 'heartbeat',
  'timestamp' => 1787084812,
  'timestamp_float' => 1787084812.822837,
  'stage_start_time' => 1787084812.822837,
  'stage_performance' => 0,
  'stage_current_value' => 0,
  'datetime' => 'Tue, 18 Aug 2026 20:26:52 +0000',
  'stage_value' => 0,
  'resume' => 
  array (
    'offset' => NULL,
    'tar_size' => 1025.0,
  ),
  'debug' => 
  array (
    'block_performance' => 32.0,
    'additional' => NULL,
  ),
)
}------------------------------------------------------------
2026-08-18T20:26:52+00:0000751	8	TRACE	0.44Mb	1.16Mb	cleanup_complete
waInstaller::setState
{------------------------------------------------------------
array (
  'start_time' => 1787084808,
  'start_time_float' => 1787084808.627036,
  'elapsed_time' => 0.0,
  'stage' => false,
  'stage_name' => 'cleanup',
  'state_heartbeat' => 0.0005707740783691406,
  'thread_id' => '8',
  'chunk_id' => 'wa-apps/site',
  'stage_status' => 'complete',
  'timestamp' => 1787084812,
  'timestamp_float' => 1787084812.823407,
  'stage_start_time' => 1787084812.823407,
  'stage_performance' => 0,
  'stage_current_value' => 0,
  'datetime' => 'Tue, 18 Aug 2026 20:26:52 +0000',
  'stage_value' => 0,
  'resume' => 
  array (
    'offset' => NULL,
    'tar_size' => 1025.0,
  ),
  'debug' => 
  array (
    'block_performance' => 32.0,
    'additional' => NULL,
  ),
)
}------------------------------------------------------------
2026-08-18T20:26:52+00:0000752	8	TRACE	0.44Mb	1.16Mb	cleanup_heartbeat
waInstaller::setState
{------------------------------------------------------------
array (
  'start_time' => 1787084808,
  'start_time_float' => 1787084808.627036,
  'elapsed_time' => 0.0,
  'stage' => false,
  'stage_name' => 'cleanup',
  'state_heartbeat' => 0.0005400180816650391,
  'thread_id' => '8',
  'chunk_id' => 'wa-apps/tasks',
  'stage_status' => 'heartbeat',
  'timestamp' => 1787084812,
  'timestamp_float' => 1787084812.823943,
  'stage_start_time' => 1787084812.823944,
  'stage_performance' => 0,
  'stage_current_value' => 0,
  'datetime' => 'Tue, 18 Aug 2026 20:26:52 +0000',
  'stage_value' => 0,
  'resume' => 
  array (
    'offset' => NULL,
    'tar_size' => 1025.0,
  ),
  'debug' => 
  array (
    'block_performance' => 32.0,
    'additional' => NULL,
  ),
)
}------------------------------------------------------------
2026-08-18T20:26:52+00:0000753	8	TRACE	0.44Mb	1.16Mb	cleanup_complete
waInstaller::setState
{------------------------------------------------------------
array (
  'start_time' => 1787084808,
  'start_time_float' => 1787084808.627036,
  'elapsed_time' => 0.0,
  'stage' => false,
  'stage_name' => 'cleanup',
  'state_heartbeat' => 0.0005931854248046875,
  'thread_id' => '8',
  'chunk_id' => 'wa-apps/tasks',
  'stage_status' => 'complete',
  'timestamp' => 1787084812,
  'timestamp_float' => 1787084812.824535,
  'stage_start_time' => 1787084812.824535,
  'stage_performance' => 0,
  'stage_current_value' => 0,
  'datetime' => 'Tue, 18 Aug 2026 20:26:52 +0000',
  'stage_value' => 0,
  'resume' => 
  array (
    'offset' => NULL,
    'tar_size' => 1025.0,
  ),
  'debug' => 
  array (
    'block_performance' => 32.0,
    'additional' => NULL,
  ),
)
}------------------------------------------------------------
2026-08-18T20:26:52+00:0000754	8	TRACE	0.44Mb	1.16Mb	cleanup_heartbeat
waInstaller::setState
{------------------------------------------------------------
array (
  'start_time' => 1787084808,
  'start_time_float' => 1787084808.627036,
  'elapsed_time' => 0.0,
  'stage' => false,
  'stage_name' => 'cleanup',
  'state_heartbeat' => 0.0005710124969482422,
  'thread_id' => '8',
  'chunk_id' => 'wa-apps/team',
  'stage_status' => 'heartbeat',
  'timestamp' => 1787084812,
  'timestamp_float' => 1787084812.825102,
  'stage_start_time' => 1787084812.825102,
  'stage_performance' => 0,
  'stage_current_value' => 0,
  'datetime' => 'Tue, 18 Aug 2026 20:26:52 +0000',
  'stage_value' => 0,
  'resume' => 
  array (
    'offset' => NULL,
    'tar_size' => 1025.0,
  ),
  'debug' => 
  array (
    'block_performance' => 32.0,
    'additional' => NULL,
  ),
)
}------------------------------------------------------------
2026-08-18T20:26:52+00:0000755	8	TRACE	0.44Mb	1.16Mb	cleanup_complete
waInstaller::setState
{------------------------------------------------------------
array (
  'start_time' => 1787084808,
  'start_time_float' => 1787084808.627036,
  'elapsed_time' => 0.0,
  'stage' => false,
  'stage_name' => 'cleanup',
  'state_heartbeat' => 0.0005369186401367188,
  'thread_id' => '8',
  'chunk_id' => 'wa-apps/team',
  'stage_status' => 'complete',
  'timestamp' => 1787084812,
  'timestamp_float' => 1787084812.825637,
  'stage_start_time' => 1787084812.825637,
  'stage_performance' => 0,
  'stage_current_value' => 0,
  'datetime' => 'Tue, 18 Aug 2026 20:26:52 +0000',
  'stage_value' => 0,
  'resume' => 
  array (
    'offset' => NULL,
    'tar_size' => 1025.0,
  ),
  'debug' => 
  array (
    'block_performance' => 32.0,
    'additional' => NULL,
  ),
)
}------------------------------------------------------------
2026-08-18T20:26:52+00:0000756	8	TRACE	0.44Mb	1.16Mb	cleanup_heartbeat
waInstaller::setState
{------------------------------------------------------------
array (
  'start_time' => 1787084808,
  'start_time_float' => 1787084808.627036,
  'elapsed_time' => 0.0,
  'stage' => false,
  'stage_name' => 'cleanup',
  'state_heartbeat' => 0.0006008148193359375,
  'thread_id' => '8',
  'chunk_id' => 'wa-widgets/weather',
  'stage_status' => 'heartbeat',
  'timestamp' => 1787084812,
  'timestamp_float' => 1787084812.826234,
  'stage_start_time' => 1787084812.826235,
  'stage_performance' => 0,
  'stage_current_value' => 0,
  'datetime' => 'Tue, 18 Aug 2026 20:26:52 +0000',
  'stage_value' => 0,
  'resume' => 
  array (
    'offset' => NULL,
    'tar_size' => 1025.0,
  ),
  'debug' => 
  array (
    'block_performance' => 32.0,
    'additional' => NULL,
  ),
)
}------------------------------------------------------------
2026-08-18T20:26:52+00:0000757	8	TRACE	0.44Mb	1.16Mb	cleanup_complete
waInstaller::setState
{------------------------------------------------------------
array (
  'start_time' => 1787084808,
  'start_time_float' => 1787084808.627036,
  'elapsed_time' => 0.0,
  'stage' => false,
  'stage_name' => 'cleanup',
  'state_heartbeat' => 0.0005409717559814453,
  'thread_id' => '8',
  'chunk_id' => 'wa-widgets/weather',
  'stage_status' => 'complete',
  'timestamp' => 1787084812,
  'timestamp_float' => 1787084812.826773,
  'stage_start_time' => 1787084812.826773,
  'stage_performance' => 0,
  'stage_current_value' => 0,
  'datetime' => 'Tue, 18 Aug 2026 20:26:52 +0000',
  'stage_value' => 0,
  'resume' => 
  array (
    'offset' => NULL,
    'tar_size' => 1025.0,
  ),
  'debug' => 
  array (
    'block_performance' => 32.0,
    'additional' => NULL,
  ),
)
}------------------------------------------------------------
2026-08-18T20:26:52+00:0000758	8	TRACE	0.44Mb	1.16Mb	cleanup_heartbeat
waInstaller::setState
{------------------------------------------------------------
array (
  'start_time' => 1787084808,
  'start_time_float' => 1787084808.627036,
  'elapsed_time' => 0.0,
  'stage' => false,
  'stage_name' => 'cleanup',
  'state_heartbeat' => 0.0009121894836425781,
  'thread_id' => '8',
  'chunk_id' => 'wa-plugins/shipping/courier',
  'stage_status' => 'heartbeat',
  'timestamp' => 1787084812,
  'timestamp_float' => 1787084812.827681,
  'stage_start_time' => 1787084812.827681,
  'stage_performance' => 0,
  'stage_current_value' => 0,
  'datetime' => 'Tue, 18 Aug 2026 20:26:52 +0000',
  'stage_value' => 0,
  'resume' => 
  array (
    'offset' => NULL,
    'tar_size' => 1025.0,
  ),
  'debug' => 
  array (
    'block_performance' => 32.0,
    'additional' => NULL,
  ),
)
}------------------------------------------------------------
2026-08-18T20:26:52+00:0000759	8	TRACE	0.44Mb	1.16Mb	cleanup_complete
waInstaller::setState
{------------------------------------------------------------
array (
  'start_time' => 1787084808,
  'start_time_float' => 1787084808.627036,
  'elapsed_time' => 0.0,
  'stage' => false,
  'stage_name' => 'cleanup',
  'state_heartbeat' => 0.000782012939453125,
  'thread_id' => '8',
  'chunk_id' => 'wa-plugins/shipping/courier',
  'stage_status' => 'complete',
  'timestamp' => 1787084812,
  'timestamp_float' => 1787084812.828461,
  'stage_start_time' => 1787084812.828461,
  'stage_performance' => 0,
  'stage_current_value' => 0,
  'datetime' => 'Tue, 18 Aug 2026 20:26:52 +0000',
  'stage_value' => 0,
  'resume' => 
  array (
    'offset' => NULL,
    'tar_size' => 1025.0,
  ),
  'debug' => 
  array (
    'block_performance' => 32.0,
    'additional' => NULL,
  ),
)
}------------------------------------------------------------
2026-08-18T20:26:52+00:0000760	8	TRACE	0.44Mb	1.16Mb	cleanup_heartbeat
waInstaller::setState
{------------------------------------------------------------
array (
  'start_time' => 1787084808,
  'start_time_float' => 1787084808.627036,
  'elapsed_time' => 0.0,
  'stage' => false,
  'stage_name' => 'cleanup',
  'state_heartbeat' => 0.0005421638488769531,
  'thread_id' => '8',
  'chunk_id' => 'wa-plugins/shipping/sd',
  'stage_status' => 'heartbeat',
  'timestamp' => 1787084812,
  'timestamp_float' => 1787084812.828999,
  'stage_start_time' => 1787084812.828999,
  'stage_performance' => 0,
  'stage_current_value' => 0,
  'datetime' => 'Tue, 18 Aug 2026 20:26:52 +0000',
  'stage_value' => 0,
  'resume' => 
  array (
    'offset' => NULL,
    'tar_size' => 1025.0,
  ),
  'debug' => 
  array (
    'block_performance' => 32.0,
    'additional' => NULL,
  ),
)
}------------------------------------------------------------
2026-08-18T20:26:52+00:0000761	8	TRACE	0.44Mb	1.16Mb	cleanup_complete
waInstaller::setState
{------------------------------------------------------------
array (
  'start_time' => 1787084808,
  'start_time_float' => 1787084808.627036,
  'elapsed_time' => 0.0,
  'stage' => false,
  'stage_name' => 'cleanup',
  'state_heartbeat' => 0.0005710124969482422,
  'thread_id' => '8',
  'chunk_id' => 'wa-plugins/shipping/sd',
  'stage_status' => 'complete',
  'timestamp' => 1787084812,
  'timestamp_float' => 1787084812.829569,
  'stage_start_time' => 1787084812.829569,
  'stage_performance' => 0,
  'stage_current_value' => 0,
  'datetime' => 'Tue, 18 Aug 2026 20:26:52 +0000',
  'stage_value' => 0,
  'resume' => 
  array (
    'offset' => NULL,
    'tar_size' => 1025.0,
  ),
  'debug' => 
  array (
    'block_performance' => 32.0,
    'additional' => NULL,
  ),
)
}------------------------------------------------------------
2026-08-18T20:26:52+00:0000762	8	TRACE	0.44Mb	1.16Mb	cleanup_heartbeat
waInstaller::setState
{------------------------------------------------------------
array (
  'start_time' => 1787084808,
  'start_time_float' => 1787084808.627036,
  'elapsed_time' => 0.0,
  'stage' => false,
  'stage_name' => 'cleanup',
  'state_heartbeat' => 0.0005578994750976562,
  'thread_id' => '8',
  'chunk_id' => 'wa-plugins/shipping/worldwide',
  'stage_status' => 'heartbeat',
  'timestamp' => 1787084812,
  'timestamp_float' => 1787084812.830123,
  'stage_start_time' => 1787084812.830123,
  'stage_performance' => 0,
  'stage_current_value' => 0,
  'datetime' => 'Tue, 18 Aug 2026 20:26:52 +0000',
  'stage_value' => 0,
  'resume' => 
  array (
    'offset' => NULL,
    'tar_size' => 1025.0,
  ),
  'debug' => 
  array (
    'block_performance' => 32.0,
    'additional' => NULL,
  ),
)
}------------------------------------------------------------
2026-08-18T20:26:52+00:0000763	8	TRACE	0.44Mb	1.16Mb	cleanup_complete
waInstaller::setState
{------------------------------------------------------------
array (
  'start_time' => 1787084808,
  'start_time_float' => 1787084808.627036,
  'elapsed_time' => 0.0,
  'stage' => false,
  'stage_name' => 'cleanup',
  'state_heartbeat' => 0.0005300045013427734,
  'thread_id' => '8',
  'chunk_id' => 'wa-plugins/shipping/worldwide',
  'stage_status' => 'complete',
  'timestamp' => 1787084812,
  'timestamp_float' => 1787084812.830652,
  'stage_start_time' => 1787084812.830652,
  'stage_performance' => 0,
  'stage_current_value' => 0,
  'datetime' => 'Tue, 18 Aug 2026 20:26:52 +0000',
  'stage_value' => 0,
  'resume' => 
  array (
    'offset' => NULL,
    'tar_size' => 1025.0,
  ),
  'debug' => 
  array (
    'block_performance' => 32.0,
    'additional' => NULL,
  ),
)
}------------------------------------------------------------
2026-08-18T20:26:52+00:0000764	8	TRACE	0.44Mb	1.16Mb	cleanup_heartbeat
waInstaller::setState
{------------------------------------------------------------
array (
  'start_time' => 1787084808,
  'start_time_float' => 1787084808.627036,
  'elapsed_time' => 0.0,
  'stage' => false,
  'stage_name' => 'cleanup',
  'state_heartbeat' => 0.0005490779876708984,
  'thread_id' => '8',
  'chunk_id' => 'wa-plugins/sms/webasystsms',
  'stage_status' => 'heartbeat',
  'timestamp' => 1787084812,
  'timestamp_float' => 1787084812.831198,
  'stage_start_time' => 1787084812.831198,
  'stage_performance' => 0,
  'stage_current_value' => 0,
  'datetime' => 'Tue, 18 Aug 2026 20:26:52 +0000',
  'stage_value' => 0,
  'resume' => 
  array (
    'offset' => NULL,
    'tar_size' => 1025.0,
  ),
  'debug' => 
  array (
    'block_performance' => 32.0,
    'additional' => NULL,
  ),
)
}------------------------------------------------------------
2026-08-18T20:26:52+00:0000765	8	TRACE	0.44Mb	1.16Mb	cleanup_complete
waInstaller::setState
{------------------------------------------------------------
array (
  'start_time' => 1787084808,
  'start_time_float' => 1787084808.627036,
  'elapsed_time' => 0.0,
  'stage' => false,
  'stage_name' => 'cleanup',
  'state_heartbeat' => 0.0005400180816650391,
  'thread_id' => '8',
  'chunk_id' => 'wa-plugins/sms/webasystsms',
  'stage_status' => 'complete',
  'timestamp' => 1787084812,
  'timestamp_float' => 1787084812.831737,
  'stage_start_time' => 1787084812.831737,
  'stage_performance' => 0,
  'stage_current_value' => 0,
  'datetime' => 'Tue, 18 Aug 2026 20:26:52 +0000',
  'stage_value' => 0,
  'resume' => 
  array (
    'offset' => NULL,
    'tar_size' => 1025.0,
  ),
  'debug' => 
  array (
    'block_performance' => 32.0,
    'additional' => NULL,
  ),
)
}------------------------------------------------------------
2026-08-18T20:26:52+00:0000766	8	TRACE	0.44Mb	1.16Mb	cleanup_heartbeat
waInstaller::setState
{------------------------------------------------------------
array (
  'start_time' => 1787084808,
  'start_time_float' => 1787084808.627036,
  'elapsed_time' => 0.0,
  'stage' => false,
  'stage_name' => 'cleanup',
  'state_heartbeat' => 0.0005810260772705078,
  'thread_id' => '8',
  'chunk_id' => 'wa-apps/shop/plugins/migrate',
  'stage_status' => 'heartbeat',
  'timestamp' => 1787084812,
  'timestamp_float' => 1787084812.832314,
  'stage_start_time' => 1787084812.832314,
  'stage_performance' => 0,
  'stage_current_value' => 0,
  'datetime' => 'Tue, 18 Aug 2026 20:26:52 +0000',
  'stage_value' => 0,
  'resume' => 
  array (
    'offset' => NULL,
    'tar_size' => 1025.0,
  ),
  'debug' => 
  array (
    'block_performance' => 32.0,
    'additional' => NULL,
  ),
)
}------------------------------------------------------------
2026-08-18T20:26:52+00:0000767	8	TRACE	0.44Mb	1.16Mb	cleanup_complete
waInstaller::setState
{------------------------------------------------------------
array (
  'start_time' => 1787084808,
  'start_time_float' => 1787084808.627036,
  'elapsed_time' => 0.0,
  'stage' => false,
  'stage_name' => 'cleanup',
  'state_heartbeat' => 0.0005400180816650391,
  'thread_id' => '8',
  'chunk_id' => 'wa-apps/shop/plugins/migrate',
  'stage_status' => 'complete',
  'timestamp' => 1787084812,
  'timestamp_float' => 1787084812.832853,
  'stage_start_time' => 1787084812.832853,
  'stage_performance' => 0,
  'stage_current_value' => 0,
  'datetime' => 'Tue, 18 Aug 2026 20:26:52 +0000',
  'stage_value' => 0,
  'resume' => 
  array (
    'offset' => NULL,
    'tar_size' => 1025.0,
  ),
  'debug' => 
  array (
    'block_performance' => 32.0,
    'additional' => NULL,
  ),
)
}------------------------------------------------------------
2026-08-18T20:26:52+00:0000768	8	TRACE	0.44Mb	1.16Mb	cleanup_heartbeat
waInstaller::setState
{------------------------------------------------------------
array (
  'start_time' => 1787084808,
  'start_time_float' => 1787084808.627036,
  'elapsed_time' => 0.0,
  'stage' => false,
  'stage_name' => 'cleanup',
  'state_heartbeat' => 0.0005509853363037109,
  'thread_id' => '8',
  'chunk_id' => 'wa-apps/shop/plugins/redirect',
  'stage_status' => 'heartbeat',
  'timestamp' => 1787084812,
  'timestamp_float' => 1787084812.8334,
  'stage_start_time' => 1787084812.8334,
  'stage_performance' => 0,
  'stage_current_value' => 0,
  'datetime' => 'Tue, 18 Aug 2026 20:26:52 +0000',
  'stage_value' => 0,
  'resume' => 
  array (
    'offset' => NULL,
    'tar_size' => 1025.0,
  ),
  'debug' => 
  array (
    'block_performance' => 32.0,
    'additional' => NULL,
  ),
)
}------------------------------------------------------------
2026-08-18T20:26:52+00:0000769	8	TRACE	0.44Mb	1.16Mb	cleanup_complete
waInstaller::setState
{------------------------------------------------------------
array (
  'start_time' => 1787084808,
  'start_time_float' => 1787084808.627036,
  'elapsed_time' => 0.0,
  'stage' => false,
  'stage_name' => 'cleanup',
  'state_heartbeat' => 0.0005450248718261719,
  'thread_id' => '8',
  'chunk_id' => 'wa-apps/shop/plugins/redirect',
  'stage_status' => 'complete',
  'timestamp' => 1787084812,
  'timestamp_float' => 1787084812.833943,
  'stage_start_time' => 1787084812.833943,
  'stage_performance' => 0,
  'stage_current_value' => 0,
  'datetime' => 'Tue, 18 Aug 2026 20:26:52 +0000',
  'stage_value' => 0,
  'resume' => 
  array (
    'offset' => NULL,
    'tar_size' => 1025.0,
  ),
  'debug' => 
  array (
    'block_performance' => 32.0,
    'additional' => NULL,
  ),
)
}------------------------------------------------------------
2026-08-18T20:26:52+00:0000770	8	TRACE	0.44Mb	1.16Mb	cleanup_heartbeat
waInstaller::setState
{------------------------------------------------------------
array (
  'start_time' => 1787084808,
  'start_time_float' => 1787084808.627036,
  'elapsed_time' => 0.0,
  'stage' => false,
  'stage_name' => 'cleanup',
  'state_heartbeat' => 0.0007851123809814453,
  'thread_id' => '8',
  'chunk_id' => 'wa-apps/blog/widgets/comments',
  'stage_status' => 'heartbeat',
  'timestamp' => 1787084812,
  'timestamp_float' => 1787084812.834723,
  'stage_start_time' => 1787084812.834723,
  'stage_performance' => 0,
  'stage_current_value' => 0,
  'datetime' => 'Tue, 18 Aug 2026 20:26:52 +0000',
  'stage_value' => 0,
  'resume' => 
  array (
    'offset' => NULL,
    'tar_size' => 1025.0,
  ),
  'debug' => 
  array (
    'block_performance' => 32.0,
    'additional' => NULL,
  ),
)
}------------------------------------------------------------
2026-08-18T20:26:52+00:0000771	8	TRACE	0.44Mb	1.16Mb	cleanup_complete
waInstaller::setState
{------------------------------------------------------------
array (
  'start_time' => 1787084808,
  'start_time_float' => 1787084808.627036,
  'elapsed_time' => 0.0,
  'stage' => false,
  'stage_name' => 'cleanup',
  'state_heartbeat' => 0.0006060600280761719,
  'thread_id' => '8',
  'chunk_id' => 'wa-apps/blog/widgets/comments',
  'stage_status' => 'complete',
  'timestamp' => 1787084812,
  'timestamp_float' => 1787084812.835328,
  'stage_start_time' => 1787084812.835328,
  'stage_performance' => 0,
  'stage_current_value' => 0,
  'datetime' => 'Tue, 18 Aug 2026 20:26:52 +0000',
  'stage_value' => 0,
  'resume' => 
  array (
    'offset' => NULL,
    'tar_size' => 1025.0,
  ),
  'debug' => 
  array (
    'block_performance' => 32.0,
    'additional' => NULL,
  ),
)
}------------------------------------------------------------
2026-08-18T20:26:52+00:0000772	8	TRACE	0.44Mb	1.16Mb	cleanup_heartbeat
waInstaller::setState
{------------------------------------------------------------
array (
  'start_time' => 1787084808,
  'start_time_float' => 1787084808.627036,
  'elapsed_time' => 0.0,
  'stage' => false,
  'stage_name' => 'cleanup',
  'state_heartbeat' => 0.0005898475646972656,
  'thread_id' => '8',
  'chunk_id' => 'wa-apps/blog/widgets/posts',
  'stage_status' => 'heartbeat',
  'timestamp' => 1787084812,
  'timestamp_float' => 1787084812.835913,
  'stage_start_time' => 1787084812.835913,
  'stage_performance' => 0,
  'stage_current_value' => 0,
  'datetime' => 'Tue, 18 Aug 2026 20:26:52 +0000',
  'stage_value' => 0,
  'resume' => 
  array (
    'offset' => NULL,
    'tar_size' => 1025.0,
  ),
  'debug' => 
  array (
    'block_performance' => 32.0,
    'additional' => NULL,
  ),
)
}------------------------------------------------------------
2026-08-18T20:26:52+00:0000773	8	TRACE	0.44Mb	1.16Mb	cleanup_complete
waInstaller::setState
{------------------------------------------------------------
array (
  'start_time' => 1787084808,
  'start_time_float' => 1787084808.627036,
  'elapsed_time' => 0.0,
  'stage' => false,
  'stage_name' => 'cleanup',
  'state_heartbeat' => 0.0006079673767089844,
  'thread_id' => '8',
  'chunk_id' => 'wa-apps/blog/widgets/posts',
  'stage_status' => 'complete',
  'timestamp' => 1787084812,
  'timestamp_float' => 1787084812.83652,
  'stage_start_time' => 1787084812.83652,
  'stage_performance' => 0,
  'stage_current_value' => 0,
  'datetime' => 'Tue, 18 Aug 2026 20:26:52 +0000',
  'stage_value' => 0,
  'resume' => 
  array (
    'offset' => NULL,
    'tar_size' => 1025.0,
  ),
  'debug' => 
  array (
    'block_performance' => 32.0,
    'additional' => NULL,
  ),
)
}------------------------------------------------------------
2026-08-18T20:26:52+00:0000774	8	TRACE	0.44Mb	1.16Mb	cleanup_heartbeat
waInstaller::setState
{------------------------------------------------------------
array (
  'start_time' => 1787084808,
  'start_time_float' => 1787084808.627036,
  'elapsed_time' => 0.0,
  'stage' => false,
  'stage_name' => 'cleanup',
  'state_heartbeat' => 0.0005900859832763672,
  'thread_id' => '8',
  'chunk_id' => 'wa-apps/files/widgets/uploaded',
  'stage_status' => 'heartbeat',
  'timestamp' => 1787084812,
  'timestamp_float' => 1787084812.837106,
  'stage_start_time' => 1787084812.837106,
  'stage_performance' => 0,
  'stage_current_value' => 0,
  'datetime' => 'Tue, 18 Aug 2026 20:26:52 +0000',
  'stage_value' => 0,
  'resume' => 
  array (
    'offset' => NULL,
    'tar_size' => 1025.0,
  ),
  'debug' => 
  array (
    'block_performance' => 32.0,
    'additional' => NULL,
  ),
)
}------------------------------------------------------------
2026-08-18T20:26:52+00:0000775	8	TRACE	0.44Mb	1.16Mb	cleanup_complete
waInstaller::setState
{------------------------------------------------------------
array (
  'start_time' => 1787084808,
  'start_time_float' => 1787084808.627036,
  'elapsed_time' => 0.0,
  'stage' => false,
  'stage_name' => 'cleanup',
  'state_heartbeat' => 0.0005359649658203125,
  'thread_id' => '8',
  'chunk_id' => 'wa-apps/files/widgets/uploaded',
  'stage_status' => 'complete',
  'timestamp' => 1787084812,
  'timestamp_float' => 1787084812.837641,
  'stage_start_time' => 1787084812.837641,
  'stage_performance' => 0,
  'stage_current_value' => 0,
  'datetime' => 'Tue, 18 Aug 2026 20:26:52 +0000',
  'stage_value' => 0,
  'resume' => 
  array (
    'offset' => NULL,
    'tar_size' => 1025.0,
  ),
  'debug' => 
  array (
    'block_performance' => 32.0,
    'additional' => NULL,
  ),
)
}------------------------------------------------------------
2026-08-18T20:26:52+00:0000776	8	TRACE	0.44Mb	1.16Mb	cleanup_heartbeat
waInstaller::setState
{------------------------------------------------------------
array (
  'start_time' => 1787084808,
  'start_time_float' => 1787084808.627036,
  'elapsed_time' => 0.0,
  'stage' => false,
  'stage_name' => 'cleanup',
  'state_heartbeat' => 0.0005838871002197266,
  'thread_id' => '8',
  'chunk_id' => 'wa-apps/hub/widgets/comments',
  'stage_status' => 'heartbeat',
  'timestamp' => 1787084812,
  'timestamp_float' => 1787084812.838221,
  'stage_start_time' => 1787084812.838221,
  'stage_performance' => 0,
  'stage_current_value' => 0,
  'datetime' => 'Tue, 18 Aug 2026 20:26:52 +0000',
  'stage_value' => 0,
  'resume' => 
  array (
    'offset' => NULL,
    'tar_size' => 1025.0,
  ),
  'debug' => 
  array (
    'block_performance' => 32.0,
    'additional' => NULL,
  ),
)
}------------------------------------------------------------
2026-08-18T20:26:52+00:0000777	8	TRACE	0.44Mb	1.16Mb	cleanup_complete
waInstaller::setState
{------------------------------------------------------------
array (
  'start_time' => 1787084808,
  'start_time_float' => 1787084808.627036,
  'elapsed_time' => 0.0,
  'stage' => false,
  'stage_name' => 'cleanup',
  'state_heartbeat' => 0.0005550384521484375,
  'thread_id' => '8',
  'chunk_id' => 'wa-apps/hub/widgets/comments',
  'stage_status' => 'complete',
  'timestamp' => 1787084812,
  'timestamp_float' => 1787084812.838774,
  'stage_start_time' => 1787084812.838774,
  'stage_performance' => 0,
  'stage_current_value' => 0,
  'datetime' => 'Tue, 18 Aug 2026 20:26:52 +0000',
  'stage_value' => 0,
  'resume' => 
  array (
    'offset' => NULL,
    'tar_size' => 1025.0,
  ),
  'debug' => 
  array (
    'block_performance' => 32.0,
    'additional' => NULL,
  ),
)
}------------------------------------------------------------
2026-08-18T20:26:52+00:0000778	8	TRACE	0.44Mb	1.16Mb	cleanup_heartbeat
waInstaller::setState
{------------------------------------------------------------
array (
  'start_time' => 1787084808,
  'start_time_float' => 1787084808.627036,
  'elapsed_time' => 0.0,
  'stage' => false,
  'stage_name' => 'cleanup',
  'state_heartbeat' => 0.0005669593811035156,
  'thread_id' => '8',
  'chunk_id' => 'wa-apps/photos/widgets/photos',
  'stage_status' => 'heartbeat',
  'timestamp' => 1787084812,
  'timestamp_float' => 1787084812.839337,
  'stage_start_time' => 1787084812.839337,
  'stage_performance' => 0,
  'stage_current_value' => 0,
  'datetime' => 'Tue, 18 Aug 2026 20:26:52 +0000',
  'stage_value' => 0,
  'resume' => 
  array (
    'offset' => NULL,
    'tar_size' => 1025.0,
  ),
  'debug' => 
  array (
    'block_performance' => 32.0,
    'additional' => NULL,
  ),
)
}------------------------------------------------------------
2026-08-18T20:26:52+00:0000779	8	TRACE	0.44Mb	1.16Mb	cleanup_complete
waInstaller::setState
{------------------------------------------------------------
array (
  'start_time' => 1787084808,
  'start_time_float' => 1787084808.627036,
  'elapsed_time' => 0.0,
  'stage' => false,
  'stage_name' => 'cleanup',
  'state_heartbeat' => 0.0005588531494140625,
  'thread_id' => '8',
  'chunk_id' => 'wa-apps/photos/widgets/photos',
  'stage_status' => 'complete',
  'timestamp' => 1787084812,
  'timestamp_float' => 1787084812.839895,
  'stage_start_time' => 1787084812.839895,
  'stage_performance' => 0,
  'stage_current_value' => 0,
  'datetime' => 'Tue, 18 Aug 2026 20:26:52 +0000',
  'stage_value' => 0,
  'resume' => 
  array (
    'offset' => NULL,
    'tar_size' => 1025.0,
  ),
  'debug' => 
  array (
    'block_performance' => 32.0,
    'additional' => NULL,
  ),
)
}------------------------------------------------------------
2026-08-18T20:26:52+00:0000780	8	TRACE	0.44Mb	1.16Mb	cleanup_heartbeat
waInstaller::setState
{------------------------------------------------------------
array (
  'start_time' => 1787084808,
  'start_time_float' => 1787084808.627036,
  'elapsed_time' => 0.0,
  'stage' => false,
  'stage_name' => 'cleanup',
  'state_heartbeat' => 0.0005838871002197266,
  'thread_id' => '8',
  'chunk_id' => 'wa-apps/shop/widgets/customers',
  'stage_status' => 'heartbeat',
  'timestamp' => 1787084812,
  'timestamp_float' => 1787084812.840475,
  'stage_start_time' => 1787084812.840475,
  'stage_performance' => 0,
  'stage_current_value' => 0,
  'datetime' => 'Tue, 18 Aug 2026 20:26:52 +0000',
  'stage_value' => 0,
  'resume' => 
  array (
    'offset' => NULL,
    'tar_size' => 1025.0,
  ),
  'debug' => 
  array (
    'block_performance' => 32.0,
    'additional' => NULL,
  ),
)
}------------------------------------------------------------
2026-08-18T20:26:52+00:0000781	8	TRACE	0.44Mb	1.16Mb	cleanup_complete
waInstaller::setState
{------------------------------------------------------------
array (
  'start_time' => 1787084808,
  'start_time_float' => 1787084808.627036,
  'elapsed_time' => 0.0,
  'stage' => false,
  'stage_name' => 'cleanup',
  'state_heartbeat' => 0.0005488395690917969,
  'thread_id' => '8',
  'chunk_id' => 'wa-apps/shop/widgets/customers',
  'stage_status' => 'complete',
  'timestamp' => 1787084812,
  'timestamp_float' => 1787084812.841023,
  'stage_start_time' => 1787084812.841023,
  'stage_performance' => 0,
  'stage_current_value' => 0,
  'datetime' => 'Tue, 18 Aug 2026 20:26:52 +0000',
  'stage_value' => 0,
  'resume' => 
  array (
    'offset' => NULL,
    'tar_size' => 1025.0,
  ),
  'debug' => 
  array (
    'block_performance' => 32.0,
    'additional' => NULL,
  ),
)
}------------------------------------------------------------
2026-08-18T20:26:52+00:0000782	8	TRACE	0.44Mb	1.16Mb	cleanup_heartbeat
waInstaller::setState
{------------------------------------------------------------
array (
  'start_time' => 1787084808,
  'start_time_float' => 1787084808.627036,
  'elapsed_time' => 0.0,
  'stage' => false,
  'stage_name' => 'cleanup',
  'state_heartbeat' => 0.0005650520324707031,
  'thread_id' => '8',
  'chunk_id' => 'wa-apps/shop/widgets/kpi',
  'stage_status' => 'heartbeat',
  'timestamp' => 1787084812,
  'timestamp_float' => 1787084812.841584,
  'stage_start_time' => 1787084812.841584,
  'stage_performance' => 0,
  'stage_current_value' => 0,
  'datetime' => 'Tue, 18 Aug 2026 20:26:52 +0000',
  'stage_value' => 0,
  'resume' => 
  array (
    'offset' => NULL,
    'tar_size' => 1025.0,
  ),
  'debug' => 
  array (
    'block_performance' => 32.0,
    'additional' => NULL,
  ),
)
}------------------------------------------------------------
2026-08-18T20:26:52+00:0000783	8	TRACE	0.44Mb	1.16Mb	cleanup_complete
waInstaller::setState
{------------------------------------------------------------
array (
  'start_time' => 1787084808,
  'start_time_float' => 1787084808.627036,
  'elapsed_time' => 0.0,
  'stage' => false,
  'stage_name' => 'cleanup',
  'state_heartbeat' => 0.000576019287109375,
  'thread_id' => '8',
  'chunk_id' => 'wa-apps/shop/widgets/kpi',
  'stage_status' => 'complete',
  'timestamp' => 1787084812,
  'timestamp_float' => 1787084812.842159,
  'stage_start_time' => 1787084812.842159,
  'stage_performance' => 0,
  'stage_current_value' => 0,
  'datetime' => 'Tue, 18 Aug 2026 20:26:52 +0000',
  'stage_value' => 0,
  'resume' => 
  array (
    'offset' => NULL,
    'tar_size' => 1025.0,
  ),
  'debug' => 
  array (
    'block_performance' => 32.0,
    'additional' => NULL,
  ),
)
}------------------------------------------------------------
2026-08-18T20:26:52+00:0000784	8	TRACE	0.44Mb	1.16Mb	cleanup_heartbeat
waInstaller::setState
{------------------------------------------------------------
array (
  'start_time' => 1787084808,
  'start_time_float' => 1787084808.627036,
  'elapsed_time' => 0.0,
  'stage' => false,
  'stage_name' => 'cleanup',
  'state_heartbeat' => 0.0005300045013427734,
  'thread_id' => '8',
  'chunk_id' => 'wa-apps/shop/widgets/products',
  'stage_status' => 'heartbeat',
  'timestamp' => 1787084812,
  'timestamp_float' => 1787084812.842685,
  'stage_start_time' => 1787084812.842685,
  'stage_performance' => 0,
  'stage_current_value' => 0,
  'datetime' => 'Tue, 18 Aug 2026 20:26:52 +0000',
  'stage_value' => 0,
  'resume' => 
  array (
    'offset' => NULL,
    'tar_size' => 1025.0,
  ),
  'debug' => 
  array (
    'block_performance' => 32.0,
    'additional' => NULL,
  ),
)
}------------------------------------------------------------
2026-08-18T20:26:52+00:0000785	8	TRACE	0.44Mb	1.16Mb	cleanup_complete
waInstaller::setState
{------------------------------------------------------------
array (
  'start_time' => 1787084808,
  'start_time_float' => 1787084808.627036,
  'elapsed_time' => 0.0,
  'stage' => false,
  'stage_name' => 'cleanup',
  'state_heartbeat' => 0.0007929801940917969,
  'thread_id' => '8',
  'chunk_id' => 'wa-apps/shop/widgets/products',
  'stage_status' => 'complete',
  'timestamp' => 1787084812,
  'timestamp_float' => 1787084812.843476,
  'stage_start_time' => 1787084812.843476,
  'stage_performance' => 0,
  'stage_current_value' => 0,
  'datetime' => 'Tue, 18 Aug 2026 20:26:52 +0000',
  'stage_value' => 0,
  'resume' => 
  array (
    'offset' => NULL,
    'tar_size' => 1025.0,
  ),
  'debug' => 
  array (
    'block_performance' => 32.0,
    'additional' => NULL,
  ),
)
}------------------------------------------------------------
2026-08-18T20:26:52+00:0000786	8	TRACE	0.44Mb	1.16Mb	cleanup_heartbeat
waInstaller::setState
{------------------------------------------------------------
array (
  'start_time' => 1787084808,
  'start_time_float' => 1787084808.627036,
  'elapsed_time' => 0.0,
  'stage' => false,
  'stage_name' => 'cleanup',
  'state_heartbeat' => 0.0005118846893310547,
  'thread_id' => '8',
  'chunk_id' => 'wa-apps/shop/widgets/sources',
  'stage_status' => 'heartbeat',
  'timestamp' => 1787084812,
  'timestamp_float' => 1787084812.843984,
  'stage_start_time' => 1787084812.843984,
  'stage_performance' => 0,
  'stage_current_value' => 0,
  'datetime' => 'Tue, 18 Aug 2026 20:26:52 +0000',
  'stage_value' => 0,
  'resume' => 
  array (
    'offset' => NULL,
    'tar_size' => 1025.0,
  ),
  'debug' => 
  array (
    'block_performance' => 32.0,
    'additional' => NULL,
  ),
)
}------------------------------------------------------------
2026-08-18T20:26:52+00:0000787	8	TRACE	0.44Mb	1.16Mb	cleanup_complete
waInstaller::setState
{------------------------------------------------------------
array (
  'start_time' => 1787084808,
  'start_time_float' => 1787084808.627036,
  'elapsed_time' => 0.0,
  'stage' => false,
  'stage_name' => 'cleanup',
  'state_heartbeat' => 0.0006182193756103516,
  'thread_id' => '8',
  'chunk_id' => 'wa-apps/shop/widgets/sources',
  'stage_status' => 'complete',
  'timestamp' => 1787084812,
  'timestamp_float' => 1787084812.844601,
  'stage_start_time' => 1787084812.844601,
  'stage_performance' => 0,
  'stage_current_value' => 0,
  'datetime' => 'Tue, 18 Aug 2026 20:26:52 +0000',
  'stage_value' => 0,
  'resume' => 
  array (
    'offset' => NULL,
    'tar_size' => 1025.0,
  ),
  'debug' => 
  array (
    'block_performance' => 32.0,
    'additional' => NULL,
  ),
)
}------------------------------------------------------------
2026-08-18T20:26:52+00:0000788	8	TRACE	0.44Mb	1.16Mb	update_heartbeat
waInstaller::setState
{------------------------------------------------------------
array (
  'start_time' => 1787084808,
  'start_time_float' => 1787084808.627036,
  'elapsed_time' => 0.0,
  'stage' => false,
  'stage_name' => 'update',
  'state_heartbeat' => 0.0006151199340820312,
  'thread_id' => '8',
  'chunk_id' => 'wa-content',
  'stage_status' => 'heartbeat',
  'timestamp' => 1787084812,
  'timestamp_float' => 1787084812.845193,
  'stage_start_time' => 1787084812.845193,
  'stage_performance' => 0,
  'stage_current_value' => 0,
  'datetime' => 'Tue, 18 Aug 2026 20:26:52 +0000',
  'stage_value' => 0,
  'resume' => 
  array (
    'offset' => NULL,
    'tar_size' => 1025.0,
  ),
  'debug' => 
  array (
    'block_performance' => 32.0,
    'additional' => NULL,
  ),
)
}------------------------------------------------------------
2026-08-18T20:26:52+00:0000789	8	TRACE	0.44Mb	1.16Mb	update_complete
waInstaller::setState
{------------------------------------------------------------
array (
  'start_time' => 1787084808,
  'start_time_float' => 1787084808.627036,
  'elapsed_time' => 0.0,
  'stage' => false,
  'stage_name' => 'update',
  'state_heartbeat' => 0.0006539821624755859,
  'thread_id' => '8',
  'chunk_id' => 'wa-content',
  'stage_status' => 'complete',
  'timestamp' => 1787084812,
  'timestamp_float' => 1787084812.845845,
  'stage_start_time' => 1787084812.845845,
  'stage_performance' => 0,
  'stage_current_value' => 0,
  'datetime' => 'Tue, 18 Aug 2026 20:26:52 +0000',
  'stage_value' => 0,
  'resume' => 
  array (
    'offset' => NULL,
    'tar_size' => 1025.0,
  ),
  'debug' => 
  array (
    'block_performance' => 32.0,
    'additional' => NULL,
  ),
)
}------------------------------------------------------------
2026-08-18T20:26:52+00:0000790	8	TRACE	0.44Mb	1.16Mb	update_heartbeat
waInstaller::setState
{------------------------------------------------------------
array (
  'start_time' => 1787084808,
  'start_time_float' => 1787084808.627036,
  'elapsed_time' => 0.0,
  'stage' => false,
  'stage_name' => 'update',
  'state_heartbeat' => 0.0005619525909423828,
  'thread_id' => '8',
  'chunk_id' => 'wa-system',
  'stage_status' => 'heartbeat',
  'timestamp' => 1787084812,
  'timestamp_float' => 1787084812.846403,
  'stage_start_time' => 1787084812.846403,
  'stage_performance' => 0,
  'stage_current_value' => 0,
  'datetime' => 'Tue, 18 Aug 2026 20:26:52 +0000',
  'stage_value' => 0,
  'resume' => 
  array (
    'offset' => NULL,
    'tar_size' => 1025.0,
  ),
  'debug' => 
  array (
    'block_performance' => 32.0,
    'additional' => NULL,
  ),
)
}------------------------------------------------------------
2026-08-18T20:26:52+00:0000791	8	TRACE	0.44Mb	1.16Mb	update_complete
waInstaller::setState
{------------------------------------------------------------
array (
  'start_time' => 1787084808,
  'start_time_float' => 1787084808.627036,
  'elapsed_time' => 0.0,
  'stage' => false,
  'stage_name' => 'update',
  'state_heartbeat' => 0.0005211830139160156,
  'thread_id' => '8',
  'chunk_id' => 'wa-system',
  'stage_status' => 'complete',
  'timestamp' => 1787084812,
  'timestamp_float' => 1787084812.846922,
  'stage_start_time' => 1787084812.846923,
  'stage_performance' => 0,
  'stage_current_value' => 0,
  'datetime' => 'Tue, 18 Aug 2026 20:26:52 +0000',
  'stage_value' => 0,
  'resume' => 
  array (
    'offset' => NULL,
    'tar_size' => 1025.0,
  ),
  'debug' => 
  array (
    'block_performance' => 32.0,
    'additional' => NULL,
  ),
)
}------------------------------------------------------------
2026-08-18T20:26:52+00:0000792	8	TRACE	0.44Mb	1.16Mb	update_heartbeat
waInstaller::setState
{------------------------------------------------------------
array (
  'start_time' => 1787084808,
  'start_time_float' => 1787084808.627036,
  'elapsed_time' => 0.0,
  'stage' => false,
  'stage_name' => 'update',
  'state_heartbeat' => 0.0005421638488769531,
  'thread_id' => '8',
  'chunk_id' => 'wa-widgets/clock',
  'stage_status' => 'heartbeat',
  'timestamp' => 1787084812,
  'timestamp_float' => 1787084812.84746,
  'stage_start_time' => 1787084812.84746,
  'stage_performance' => 0,
  'stage_current_value' => 0,
  'datetime' => 'Tue, 18 Aug 2026 20:26:52 +0000',
  'stage_value' => 0,
  'resume' => 
  array (
    'offset' => NULL,
    'tar_size' => 1025.0,
  ),
  'debug' => 
  array (
    'block_performance' => 32.0,
    'additional' => NULL,
  ),
)
}------------------------------------------------------------
2026-08-18T20:26:52+00:0000793	8	TRACE	0.44Mb	1.16Mb	update_complete
waInstaller::setState
{------------------------------------------------------------
array (
  'start_time' => 1787084808,
  'start_time_float' => 1787084808.627036,
  'elapsed_time' => 0.0,
  'stage' => false,
  'stage_name' => 'update',
  'state_heartbeat' => 0.0006909370422363281,
  'thread_id' => '8',
  'chunk_id' => 'wa-widgets/clock',
  'stage_status' => 'complete',
  'timestamp' => 1787084812,
  'timestamp_float' => 1787084812.848149,
  'stage_start_time' => 1787084812.848149,
  'stage_performance' => 0,
  'stage_current_value' => 0,
  'datetime' => 'Tue, 18 Aug 2026 20:26:52 +0000',
  'stage_value' => 0,
  'resume' => 
  array (
    'offset' => NULL,
    'tar_size' => 1025.0,
  ),
  'debug' => 
  array (
    'block_performance' => 32.0,
    'additional' => NULL,
  ),
)
}------------------------------------------------------------
2026-08-18T20:26:52+00:0000794	8	TRACE	0.44Mb	1.16Mb	update_heartbeat
waInstaller::setState
{------------------------------------------------------------
array (
  'start_time' => 1787084808,
  'start_time_float' => 1787084808.627036,
  'elapsed_time' => 0.0,
  'stage' => false,
  'stage_name' => 'update',
  'state_heartbeat' => 0.0005910396575927734,
  'thread_id' => '8',
  'chunk_id' => 'wa-widgets/currencyquotes',
  'stage_status' => 'heartbeat',
  'timestamp' => 1787084812,
  'timestamp_float' => 1787084812.848735,
  'stage_start_time' => 1787084812.848735,
  'stage_performance' => 0,
  'stage_current_value' => 0,
  'datetime' => 'Tue, 18 Aug 2026 20:26:52 +0000',
  'stage_value' => 0,
  'resume' => 
  array (
    'offset' => NULL,
    'tar_size' => 1025.0,
  ),
  'debug' => 
  array (
    'block_performance' => 32.0,
    'additional' => NULL,
  ),
)
}------------------------------------------------------------
2026-08-18T20:26:52+00:0000795	8	TRACE	0.44Mb	1.16Mb	update_complete
waInstaller::setState
{------------------------------------------------------------
array (
  'start_time' => 1787084808,
  'start_time_float' => 1787084808.627036,
  'elapsed_time' => 0.0,
  'stage' => false,
  'stage_name' => 'update',
  'state_heartbeat' => 0.0005939006805419922,
  'thread_id' => '8',
  'chunk_id' => 'wa-widgets/currencyquotes',
  'stage_status' => 'complete',
  'timestamp' => 1787084812,
  'timestamp_float' => 1787084812.849327,
  'stage_start_time' => 1787084812.849327,
  'stage_performance' => 0,
  'stage_current_value' => 0,
  'datetime' => 'Tue, 18 Aug 2026 20:26:52 +0000',
  'stage_value' => 0,
  'resume' => 
  array (
    'offset' => NULL,
    'tar_size' => 1025.0,
  ),
  'debug' => 
  array (
    'block_performance' => 32.0,
    'additional' => NULL,
  ),
)
}------------------------------------------------------------
2026-08-18T20:26:52+00:0000796	8	TRACE	0.44Mb	1.16Mb	update_heartbeat
waInstaller::setState
{------------------------------------------------------------
array (
  'start_time' => 1787084808,
  'start_time_float' => 1787084808.627036,
  'elapsed_time' => 0.0,
  'stage' => false,
  'stage_name' => 'update',
  'state_heartbeat' => 0.0005469322204589844,
  'thread_id' => '8',
  'chunk_id' => 'wa-widgets/news',
  'stage_status' => 'heartbeat',
  'timestamp' => 1787084812,
  'timestamp_float' => 1787084812.84987,
  'stage_start_time' => 1787084812.84987,
  'stage_performance' => 0,
  'stage_current_value' => 0,
  'datetime' => 'Tue, 18 Aug 2026 20:26:52 +0000',
  'stage_value' => 0,
  'resume' => 
  array (
    'offset' => NULL,
    'tar_size' => 1025.0,
  ),
  'debug' => 
  array (
    'block_performance' => 32.0,
    'additional' => NULL,
  ),
)
}------------------------------------------------------------
2026-08-18T20:26:52+00:0000797	8	TRACE	0.44Mb	1.16Mb	update_complete
waInstaller::setState
{------------------------------------------------------------
array (
  'start_time' => 1787084808,
  'start_time_float' => 1787084808.627036,
  'elapsed_time' => 0.0,
  'stage' => false,
  'stage_name' => 'update',
  'state_heartbeat' => 0.0005559921264648438,
  'thread_id' => '8',
  'chunk_id' => 'wa-widgets/news',
  'stage_status' => 'complete',
  'timestamp' => 1787084812,
  'timestamp_float' => 1787084812.850425,
  'stage_start_time' => 1787084812.850425,
  'stage_performance' => 0,
  'stage_current_value' => 0,
  'datetime' => 'Tue, 18 Aug 2026 20:26:52 +0000',
  'stage_value' => 0,
  'resume' => 
  array (
    'offset' => NULL,
    'tar_size' => 1025.0,
  ),
  'debug' => 
  array (
    'block_performance' => 32.0,
    'additional' => NULL,
  ),
)
}------------------------------------------------------------
2026-08-18T20:26:52+00:0000798	8	TRACE	0.44Mb	1.16Mb	update_heartbeat
waInstaller::setState
{------------------------------------------------------------
array (
  'start_time' => 1787084808,
  'start_time_float' => 1787084808.627036,
  'elapsed_time' => 0.0,
  'stage' => false,
  'stage_name' => 'update',
  'state_heartbeat' => 0.0005450248718261719,
  'thread_id' => '8',
  'chunk_id' => 'wa-apps/blog',
  'stage_status' => 'heartbeat',
  'timestamp' => 1787084812,
  'timestamp_float' => 1787084812.850966,
  'stage_start_time' => 1787084812.850967,
  'stage_performance' => 0,
  'stage_current_value' => 0,
  'datetime' => 'Tue, 18 Aug 2026 20:26:52 +0000',
  'stage_value' => 0,
  'resume' => 
  array (
    'offset' => NULL,
    'tar_size' => 1025.0,
  ),
  'debug' => 
  array (
    'block_performance' => 32.0,
    'additional' => NULL,
  ),
)
}------------------------------------------------------------
2026-08-18T20:26:52+00:0000799	8	TRACE	0.44Mb	1.16Mb	update_complete
waInstaller::setState
{------------------------------------------------------------
array (
  'start_time' => 1787084808,
  'start_time_float' => 1787084808.627036,
  'elapsed_time' => 0.0,
  'stage' => false,
  'stage_name' => 'update',
  'state_heartbeat' => 0.0005619525909423828,
  'thread_id' => '8',
  'chunk_id' => 'wa-apps/blog',
  'stage_status' => 'complete',
  'timestamp' => 1787084812,
  'timestamp_float' => 1787084812.851526,
  'stage_start_time' => 1787084812.851527,
  'stage_performance' => 0,
  'stage_current_value' => 0,
  'datetime' => 'Tue, 18 Aug 2026 20:26:52 +0000',
  'stage_value' => 0,
  'resume' => 
  array (
    'offset' => NULL,
    'tar_size' => 1025.0,
  ),
  'debug' => 
  array (
    'block_performance' => 32.0,
    'additional' => NULL,
  ),
)
}------------------------------------------------------------
2026-08-18T20:26:52+00:0000800	8	TRACE	0.44Mb	1.16Mb	update_heartbeat
waInstaller::setState
{------------------------------------------------------------
array (
  'start_time' => 1787084808,
  'start_time_float' => 1787084808.627036,
  'elapsed_time' => 0.0,
  'stage' => false,
  'stage_name' => 'update',
  'state_heartbeat' => 0.0006070137023925781,
  'thread_id' => '8',
  'chunk_id' => 'wa-apps/crm',
  'stage_status' => 'heartbeat',
  'timestamp' => 1787084812,
  'timestamp_float' => 1787084812.852129,
  'stage_start_time' => 1787084812.852129,
  'stage_performance' => 0,
  'stage_current_value' => 0,
  'datetime' => 'Tue, 18 Aug 2026 20:26:52 +0000',
  'stage_value' => 0,
  'resume' => 
  array (
    'offset' => NULL,
    'tar_size' => 1025.0,
  ),
  'debug' => 
  array (
    'block_performance' => 32.0,
    'additional' => NULL,
  ),
)
}------------------------------------------------------------
2026-08-18T20:26:52+00:0000801	8	TRACE	0.44Mb	1.16Mb	update_complete
waInstaller::setState
{------------------------------------------------------------
array (
  'start_time' => 1787084808,
  'start_time_float' => 1787084808.627036,
  'elapsed_time' => 0.0,
  'stage' => false,
  'stage_name' => 'update',
  'state_heartbeat' => 0.0005578994750976562,
  'thread_id' => '8',
  'chunk_id' => 'wa-apps/crm',
  'stage_status' => 'complete',
  'timestamp' => 1787084812,
  'timestamp_float' => 1787084812.852686,
  'stage_start_time' => 1787084812.852686,
  'stage_performance' => 0,
  'stage_current_value' => 0,
  'datetime' => 'Tue, 18 Aug 2026 20:26:52 +0000',
  'stage_value' => 0,
  'resume' => 
  array (
    'offset' => NULL,
    'tar_size' => 1025.0,
  ),
  'debug' => 
  array (
    'block_performance' => 32.0,
    'additional' => NULL,
  ),
)
}------------------------------------------------------------
2026-08-18T20:26:52+00:0000802	8	TRACE	0.44Mb	1.16Mb	update_heartbeat
waInstaller::setState
{------------------------------------------------------------
array (
  'start_time' => 1787084808,
  'start_time_float' => 1787084808.627036,
  'elapsed_time' => 0.0,
  'stage' => false,
  'stage_name' => 'update',
  'state_heartbeat' => 0.0005700588226318359,
  'thread_id' => '8',
  'chunk_id' => 'wa-apps/files',
  'stage_status' => 'heartbeat',
  'timestamp' => 1787084812,
  'timestamp_float' => 1787084812.853252,
  'stage_start_time' => 1787084812.853253,
  'stage_performance' => 0,
  'stage_current_value' => 0,
  'datetime' => 'Tue, 18 Aug 2026 20:26:52 +0000',
  'stage_value' => 0,
  'resume' => 
  array (
    'offset' => NULL,
    'tar_size' => 1025.0,
  ),
  'debug' => 
  array (
    'block_performance' => 32.0,
    'additional' => NULL,
  ),
)
}------------------------------------------------------------
2026-08-18T20:26:52+00:0000803	8	TRACE	0.44Mb	1.16Mb	update_complete
waInstaller::setState
{------------------------------------------------------------
array (
  'start_time' => 1787084808,
  'start_time_float' => 1787084808.627036,
  'elapsed_time' => 0.0,
  'stage' => false,
  'stage_name' => 'update',
  'state_heartbeat' => 0.0005240440368652344,
  'thread_id' => '8',
  'chunk_id' => 'wa-apps/files',
  'stage_status' => 'complete',
  'timestamp' => 1787084812,
  'timestamp_float' => 1787084812.853775,
  'stage_start_time' => 1787084812.853775,
  'stage_performance' => 0,
  'stage_current_value' => 0,
  'datetime' => 'Tue, 18 Aug 2026 20:26:52 +0000',
  'stage_value' => 0,
  'resume' => 
  array (
    'offset' => NULL,
    'tar_size' => 1025.0,
  ),
  'debug' => 
  array (
    'block_performance' => 32.0,
    'additional' => NULL,
  ),
)
}------------------------------------------------------------
2026-08-18T20:26:52+00:0000804	8	TRACE	0.44Mb	1.16Mb	update_heartbeat
waInstaller::setState
{------------------------------------------------------------
array (
  'start_time' => 1787084808,
  'start_time_float' => 1787084808.627036,
  'elapsed_time' => 0.0,
  'stage' => false,
  'stage_name' => 'update',
  'state_heartbeat' => 0.00055694580078125,
  'thread_id' => '8',
  'chunk_id' => 'wa-apps/hub',
  'stage_status' => 'heartbeat',
  'timestamp' => 1787084812,
  'timestamp_float' => 1787084812.854328,
  'stage_start_time' => 1787084812.854328,
  'stage_performance' => 0,
  'stage_current_value' => 0,
  'datetime' => 'Tue, 18 Aug 2026 20:26:52 +0000',
  'stage_value' => 0,
  'resume' => 
  array (
    'offset' => NULL,
    'tar_size' => 1025.0,
  ),
  'debug' => 
  array (
    'block_performance' => 32.0,
    'additional' => NULL,
  ),
)
}------------------------------------------------------------
2026-08-18T20:26:52+00:0000805	8	TRACE	0.44Mb	1.16Mb	update_complete
waInstaller::setState
{------------------------------------------------------------
array (
  'start_time' => 1787084808,
  'start_time_float' => 1787084808.627036,
  'elapsed_time' => 0.0,
  'stage' => false,
  'stage_name' => 'update',
  'state_heartbeat' => 0.0005199909210205078,
  'thread_id' => '8',
  'chunk_id' => 'wa-apps/hub',
  'stage_status' => 'complete',
  'timestamp' => 1787084812,
  'timestamp_float' => 1787084812.854847,
  'stage_start_time' => 1787084812.854847,
  'stage_performance' => 0,
  'stage_current_value' => 0,
  'datetime' => 'Tue, 18 Aug 2026 20:26:52 +0000',
  'stage_value' => 0,
  'resume' => 
  array (
    'offset' => NULL,
    'tar_size' => 1025.0,
  ),
  'debug' => 
  array (
    'block_performance' => 32.0,
    'additional' => NULL,
  ),
)
}------------------------------------------------------------
2026-08-18T20:26:52+00:0000806	8	TRACE	0.44Mb	1.16Mb	update_heartbeat
waInstaller::setState
{------------------------------------------------------------
array (
  'start_time' => 1787084808,
  'start_time_float' => 1787084808.627036,
  'elapsed_time' => 0.0,
  'stage' => false,
  'stage_name' => 'update',
  'state_heartbeat' => 0.0005860328674316406,
  'thread_id' => '8',
  'chunk_id' => 'wa-apps/installer',
  'stage_status' => 'heartbeat',
  'timestamp' => 1787084812,
  'timestamp_float' => 1787084812.855429,
  'stage_start_time' => 1787084812.855429,
  'stage_performance' => 0,
  'stage_current_value' => 0,
  'datetime' => 'Tue, 18 Aug 2026 20:26:52 +0000',
  'stage_value' => 0,
  'resume' => 
  array (
    'offset' => NULL,
    'tar_size' => 1025.0,
  ),
  'debug' => 
  array (
    'block_performance' => 32.0,
    'additional' => NULL,
  ),
)
}------------------------------------------------------------
2026-08-18T20:26:52+00:0000807	8	TRACE	0.44Mb	1.16Mb	update_complete
waInstaller::setState
{------------------------------------------------------------
array (
  'start_time' => 1787084808,
  'start_time_float' => 1787084808.627036,
  'elapsed_time' => 0.0,
  'stage' => false,
  'stage_name' => 'update',
  'state_heartbeat' => 0.0005371570587158203,
  'thread_id' => '8',
  'chunk_id' => 'wa-apps/installer',
  'stage_status' => 'complete',
  'timestamp' => 1787084812,
  'timestamp_float' => 1787084812.855965,
  'stage_start_time' => 1787084812.855965,
  'stage_performance' => 0,
  'stage_current_value' => 0,
  'datetime' => 'Tue, 18 Aug 2026 20:26:52 +0000',
  'stage_value' => 0,
  'resume' => 
  array (
    'offset' => NULL,
    'tar_size' => 1025.0,
  ),
  'debug' => 
  array (
    'block_performance' => 32.0,
    'additional' => NULL,
  ),
)
}------------------------------------------------------------
2026-08-18T20:26:52+00:0000808	8	TRACE	0.44Mb	1.16Mb	update_heartbeat
waInstaller::setState
{------------------------------------------------------------
array (
  'start_time' => 1787084808,
  'start_time_float' => 1787084808.627036,
  'elapsed_time' => 0.0,
  'stage' => false,
  'stage_name' => 'update',
  'state_heartbeat' => 0.0005822181701660156,
  'thread_id' => '8',
  'chunk_id' => 'wa-apps/mailer',
  'stage_status' => 'heartbeat',
  'timestamp' => 1787084812,
  'timestamp_float' => 1787084812.856543,
  'stage_start_time' => 1787084812.856543,
  'stage_performance' => 0,
  'stage_current_value' => 0,
  'datetime' => 'Tue, 18 Aug 2026 20:26:52 +0000',
  'stage_value' => 0,
  'resume' => 
  array (
    'offset' => NULL,
    'tar_size' => 1025.0,
  ),
  'debug' => 
  array (
    'block_performance' => 32.0,
    'additional' => NULL,
  ),
)
}------------------------------------------------------------
2026-08-18T20:26:52+00:0000809	8	TRACE	0.44Mb	1.16Mb	update_complete
waInstaller::setState
{------------------------------------------------------------
array (
  'start_time' => 1787084808,
  'start_time_float' => 1787084808.627036,
  'elapsed_time' => 0.0,
  'stage' => false,
  'stage_name' => 'update',
  'state_heartbeat' => 0.0005438327789306641,
  'thread_id' => '8',
  'chunk_id' => 'wa-apps/mailer',
  'stage_status' => 'complete',
  'timestamp' => 1787084812,
  'timestamp_float' => 1787084812.857086,
  'stage_start_time' => 1787084812.857086,
  'stage_performance' => 0,
  'stage_current_value' => 0,
  'datetime' => 'Tue, 18 Aug 2026 20:26:52 +0000',
  'stage_value' => 0,
  'resume' => 
  array (
    'offset' => NULL,
    'tar_size' => 1025.0,
  ),
  'debug' => 
  array (
    'block_performance' => 32.0,
    'additional' => NULL,
  ),
)
}------------------------------------------------------------
2026-08-18T20:26:52+00:0000810	8	TRACE	0.44Mb	1.16Mb	update_heartbeat
waInstaller::setState
{------------------------------------------------------------
array (
  'start_time' => 1787084808,
  'start_time_float' => 1787084808.627036,
  'elapsed_time' => 0.0,
  'stage' => false,
  'stage_name' => 'update',
  'state_heartbeat' => 0.0005290508270263672,
  'thread_id' => '8',
  'chunk_id' => 'wa-apps/photos',
  'stage_status' => 'heartbeat',
  'timestamp' => 1787084812,
  'timestamp_float' => 1787084812.857611,
  'stage_start_time' => 1787084812.857611,
  'stage_performance' => 0,
  'stage_current_value' => 0,
  'datetime' => 'Tue, 18 Aug 2026 20:26:52 +0000',
  'stage_value' => 0,
  'resume' => 
  array (
    'offset' => NULL,
    'tar_size' => 1025.0,
  ),
  'debug' => 
  array (
    'block_performance' => 32.0,
    'additional' => NULL,
  ),
)
}------------------------------------------------------------
2026-08-18T20:26:52+00:0000811	8	TRACE	0.44Mb	1.16Mb	update_complete
waInstaller::setState
{------------------------------------------------------------
array (
  'start_time' => 1787084808,
  'start_time_float' => 1787084808.627036,
  'elapsed_time' => 0.0,
  'stage' => false,
  'stage_name' => 'update',
  'state_heartbeat' => 0.0005559921264648438,
  'thread_id' => '8',
  'chunk_id' => 'wa-apps/photos',
  'stage_status' => 'complete',
  'timestamp' => 1787084812,
  'timestamp_float' => 1787084812.858165,
  'stage_start_time' => 1787084812.858165,
  'stage_performance' => 0,
  'stage_current_value' => 0,
  'datetime' => 'Tue, 18 Aug 2026 20:26:52 +0000',
  'stage_value' => 0,
  'resume' => 
  array (
    'offset' => NULL,
    'tar_size' => 1025.0,
  ),
  'debug' => 
  array (
    'block_performance' => 32.0,
    'additional' => NULL,
  ),
)
}------------------------------------------------------------
2026-08-18T20:26:52+00:0000812	8	TRACE	0.44Mb	1.16Mb	update_heartbeat
waInstaller::setState
{------------------------------------------------------------
array (
  'start_time' => 1787084808,
  'start_time_float' => 1787084808.627036,
  'elapsed_time' => 0.0,
  'stage' => false,
  'stage_name' => 'update',
  'state_heartbeat' => 0.0005190372467041016,
  'thread_id' => '8',
  'chunk_id' => 'wa-apps/shop',
  'stage_status' => 'heartbeat',
  'timestamp' => 1787084812,
  'timestamp_float' => 1787084812.858681,
  'stage_start_time' => 1787084812.858681,
  'stage_performance' => 0,
  'stage_current_value' => 0,
  'datetime' => 'Tue, 18 Aug 2026 20:26:52 +0000',
  'stage_value' => 0,
  'resume' => 
  array (
    'offset' => NULL,
    'tar_size' => 1025.0,
  ),
  'debug' => 
  array (
    'block_performance' => 32.0,
    'additional' => NULL,
  ),
)
}------------------------------------------------------------
2026-08-18T20:26:52+00:0000813	8	TRACE	0.44Mb	1.16Mb	update_complete
waInstaller::setState
{------------------------------------------------------------
array (
  'start_time' => 1787084808,
  'start_time_float' => 1787084808.627036,
  'elapsed_time' => 0.0,
  'stage' => false,
  'stage_name' => 'update',
  'state_heartbeat' => 0.0005469322204589844,
  'thread_id' => '8',
  'chunk_id' => 'wa-apps/shop',
  'stage_status' => 'complete',
  'timestamp' => 1787084812,
  'timestamp_float' => 1787084812.859226,
  'stage_start_time' => 1787084812.859227,
  'stage_performance' => 0,
  'stage_current_value' => 0,
  'datetime' => 'Tue, 18 Aug 2026 20:26:52 +0000',
  'stage_value' => 0,
  'resume' => 
  array (
    'offset' => NULL,
    'tar_size' => 1025.0,
  ),
  'debug' => 
  array (
    'block_performance' => 32.0,
    'additional' => NULL,
  ),
)
}------------------------------------------------------------
2026-08-18T20:26:52+00:0000814	8	TRACE	0.44Mb	1.16Mb	update_heartbeat
waInstaller::setState
{------------------------------------------------------------
array (
  'start_time' => 1787084808,
  'start_time_float' => 1787084808.627036,
  'elapsed_time' => 0.0,
  'stage' => false,
  'stage_name' => 'update',
  'state_heartbeat' => 0.0005180835723876953,
  'thread_id' => '8',
  'chunk_id' => 'wa-apps/site',
  'stage_status' => 'heartbeat',
  'timestamp' => 1787084812,
  'timestamp_float' => 1787084812.85974,
  'stage_start_time' => 1787084812.85974,
  'stage_performance' => 0,
  'stage_current_value' => 0,
  'datetime' => 'Tue, 18 Aug 2026 20:26:52 +0000',
  'stage_value' => 0,
  'resume' => 
  array (
    'offset' => NULL,
    'tar_size' => 1025.0,
  ),
  'debug' => 
  array (
    'block_performance' => 32.0,
    'additional' => NULL,
  ),
)
}------------------------------------------------------------
2026-08-18T20:26:52+00:0000815	8	TRACE	0.44Mb	1.16Mb	update_complete
waInstaller::setState
{------------------------------------------------------------
array (
  'start_time' => 1787084808,
  'start_time_float' => 1787084808.627036,
  'elapsed_time' => 0.0,
  'stage' => false,
  'stage_name' => 'update',
  'state_heartbeat' => 0.0005629062652587891,
  'thread_id' => '8',
  'chunk_id' => 'wa-apps/site',
  'stage_status' => 'complete',
  'timestamp' => 1787084812,
  'timestamp_float' => 1787084812.860301,
  'stage_start_time' => 1787084812.860301,
  'stage_performance' => 0,
  'stage_current_value' => 0,
  'datetime' => 'Tue, 18 Aug 2026 20:26:52 +0000',
  'stage_value' => 0,
  'resume' => 
  array (
    'offset' => NULL,
    'tar_size' => 1025.0,
  ),
  'debug' => 
  array (
    'block_performance' => 32.0,
    'additional' => NULL,
  ),
)
}------------------------------------------------------------
2026-08-18T20:26:52+00:0000816	8	TRACE	0.44Mb	1.16Mb	update_heartbeat
waInstaller::setState
{------------------------------------------------------------
array (
  'start_time' => 1787084808,
  'start_time_float' => 1787084808.627036,
  'elapsed_time' => 0.0,
  'stage' => false,
  'stage_name' => 'update',
  'state_heartbeat' => 0.0005168914794921875,
  'thread_id' => '8',
  'chunk_id' => 'wa-apps/tasks',
  'stage_status' => 'heartbeat',
  'timestamp' => 1787084812,
  'timestamp_float' => 1787084812.860814,
  'stage_start_time' => 1787084812.860814,
  'stage_performance' => 0,
  'stage_current_value' => 0,
  'datetime' => 'Tue, 18 Aug 2026 20:26:52 +0000',
  'stage_value' => 0,
  'resume' => 
  array (
    'offset' => NULL,
    'tar_size' => 1025.0,
  ),
  'debug' => 
  array (
    'block_performance' => 32.0,
    'additional' => NULL,
  ),
)
}------------------------------------------------------------
2026-08-18T20:26:52+00:0000817	8	TRACE	0.44Mb	1.16Mb	update_complete
waInstaller::setState
{------------------------------------------------------------
array (
  'start_time' => 1787084808,
  'start_time_float' => 1787084808.627036,
  'elapsed_time' => 0.0,
  'stage' => false,
  'stage_name' => 'update',
  'state_heartbeat' => 0.0005459785461425781,
  'thread_id' => '8',
  'chunk_id' => 'wa-apps/tasks',
  'stage_status' => 'complete',
  'timestamp' => 1787084812,
  'timestamp_float' => 1787084812.861359,
  'stage_start_time' => 1787084812.861359,
  'stage_performance' => 0,
  'stage_current_value' => 0,
  'datetime' => 'Tue, 18 Aug 2026 20:26:52 +0000',
  'stage_value' => 0,
  'resume' => 
  array (
    'offset' => NULL,
    'tar_size' => 1025.0,
  ),
  'debug' => 
  array (
    'block_performance' => 32.0,
    'additional' => NULL,
  ),
)
}------------------------------------------------------------
2026-08-18T20:26:52+00:0000818	8	TRACE	0.44Mb	1.16Mb	update_heartbeat
waInstaller::setState
{------------------------------------------------------------
array (
  'start_time' => 1787084808,
  'start_time_float' => 1787084808.627036,
  'elapsed_time' => 0.0,
  'stage' => false,
  'stage_name' => 'update',
  'state_heartbeat' => 0.0005161762237548828,
  'thread_id' => '8',
  'chunk_id' => 'wa-apps/team',
  'stage_status' => 'heartbeat',
  'timestamp' => 1787084812,
  'timestamp_float' => 1787084812.861871,
  'stage_start_time' => 1787084812.861872,
  'stage_performance' => 0,
  'stage_current_value' => 0,
  'datetime' => 'Tue, 18 Aug 2026 20:26:52 +0000',
  'stage_value' => 0,
  'resume' => 
  array (
    'offset' => NULL,
    'tar_size' => 1025.0,
  ),
  'debug' => 
  array (
    'block_performance' => 32.0,
    'additional' => NULL,
  ),
)
}------------------------------------------------------------
2026-08-18T20:26:52+00:0000819	8	TRACE	0.44Mb	1.16Mb	update_complete
waInstaller::setState
{------------------------------------------------------------
array (
  'start_time' => 1787084808,
  'start_time_float' => 1787084808.627036,
  'elapsed_time' => 0.0,
  'stage' => false,
  'stage_name' => 'update',
  'state_heartbeat' => 0.0005550384521484375,
  'thread_id' => '8',
  'chunk_id' => 'wa-apps/team',
  'stage_status' => 'complete',
  'timestamp' => 1787084812,
  'timestamp_float' => 1787084812.862425,
  'stage_start_time' => 1787084812.862425,
  'stage_performance' => 0,
  'stage_current_value' => 0,
  'datetime' => 'Tue, 18 Aug 2026 20:26:52 +0000',
  'stage_value' => 0,
  'resume' => 
  array (
    'offset' => NULL,
    'tar_size' => 1025.0,
  ),
  'debug' => 
  array (
    'block_performance' => 32.0,
    'additional' => NULL,
  ),
)
}------------------------------------------------------------
2026-08-18T20:26:52+00:0000820	8	TRACE	0.44Mb	1.16Mb	update_heartbeat
waInstaller::setState
{------------------------------------------------------------
array (
  'start_time' => 1787084808,
  'start_time_float' => 1787084808.627036,
  'elapsed_time' => 0.0,
  'stage' => false,
  'stage_name' => 'update',
  'state_heartbeat' => 0.0005199909210205078,
  'thread_id' => '8',
  'chunk_id' => 'wa-widgets/weather',
  'stage_status' => 'heartbeat',
  'timestamp' => 1787084812,
  'timestamp_float' => 1787084812.862942,
  'stage_start_time' => 1787084812.862942,
  'stage_performance' => 0,
  'stage_current_value' => 0,
  'datetime' => 'Tue, 18 Aug 2026 20:26:52 +0000',
  'stage_value' => 0,
  'resume' => 
  array (
    'offset' => NULL,
    'tar_size' => 1025.0,
  ),
  'debug' => 
  array (
    'block_performance' => 32.0,
    'additional' => NULL,
  ),
)
}------------------------------------------------------------
2026-08-18T20:26:52+00:0000821	8	TRACE	0.44Mb	1.16Mb	update_complete
waInstaller::setState
{------------------------------------------------------------
array (
  'start_time' => 1787084808,
  'start_time_float' => 1787084808.627036,
  'elapsed_time' => 0.0,
  'stage' => false,
  'stage_name' => 'update',
  'state_heartbeat' => 0.0006170272827148438,
  'thread_id' => '8',
  'chunk_id' => 'wa-widgets/weather',
  'stage_status' => 'complete',
  'timestamp' => 1787084812,
  'timestamp_float' => 1787084812.863558,
  'stage_start_time' => 1787084812.863558,
  'stage_performance' => 0,
  'stage_current_value' => 0,
  'datetime' => 'Tue, 18 Aug 2026 20:26:52 +0000',
  'stage_value' => 0,
  'resume' => 
  array (
    'offset' => NULL,
    'tar_size' => 1025.0,
  ),
  'debug' => 
  array (
    'block_performance' => 32.0,
    'additional' => NULL,
  ),
)
}------------------------------------------------------------
2026-08-18T20:26:52+00:0000822	8	TRACE	0.44Mb	1.16Mb	update_heartbeat
waInstaller::setState
{------------------------------------------------------------
array (
  'start_time' => 1787084808,
  'start_time_float' => 1787084808.627036,
  'elapsed_time' => 0.0,
  'stage' => false,
  'stage_name' => 'update',
  'state_heartbeat' => 0.004647016525268555,
  'thread_id' => '8',
  'chunk_id' => 'wa-plugins/shipping/courier',
  'stage_status' => 'heartbeat',
  'timestamp' => 1787084812,
  'timestamp_float' => 1787084812.868199,
  'stage_start_time' => 1787084812.868199,
  'stage_performance' => 0,
  'stage_current_value' => 0,
  'datetime' => 'Tue, 18 Aug 2026 20:26:52 +0000',
  'stage_value' => 0,
  'resume' => 
  array (
    'offset' => NULL,
    'tar_size' => 1025.0,
  ),
  'debug' => 
  array (
    'block_performance' => 32.0,
    'additional' => NULL,
  ),
)
}------------------------------------------------------------
2026-08-18T20:26:52+00:0000823	8	TRACE	0.44Mb	1.16Mb	update_complete
waInstaller::setState
{------------------------------------------------------------
array (
  'start_time' => 1787084808,
  'start_time_float' => 1787084808.627036,
  'elapsed_time' => 0.0,
  'stage' => false,
  'stage_name' => 'update',
  'state_heartbeat' => 0.0019309520721435547,
  'thread_id' => '8',
  'chunk_id' => 'wa-plugins/shipping/courier',
  'stage_status' => 'complete',
  'timestamp' => 1787084812,
  'timestamp_float' => 1787084812.870128,
  'stage_start_time' => 1787084812.870129,
  'stage_performance' => 0,
  'stage_current_value' => 0,
  'datetime' => 'Tue, 18 Aug 2026 20:26:52 +0000',
  'stage_value' => 0,
  'resume' => 
  array (
    'offset' => NULL,
    'tar_size' => 1025.0,
  ),
  'debug' => 
  array (
    'block_performance' => 32.0,
    'additional' => NULL,
  ),
)
}------------------------------------------------------------
2026-08-18T20:26:52+00:0000824	8	TRACE	0.44Mb	1.16Mb	update_heartbeat
waInstaller::setState
{------------------------------------------------------------
array (
  'start_time' => 1787084808,
  'start_time_float' => 1787084808.627036,
  'elapsed_time' => 0.0,
  'stage' => false,
  'stage_name' => 'update',
  'state_heartbeat' => 0.0014791488647460938,
  'thread_id' => '8',
  'chunk_id' => 'wa-plugins/shipping/sd',
  'stage_status' => 'heartbeat',
  'timestamp' => 1787084812,
  'timestamp_float' => 1787084812.871602,
  'stage_start_time' => 1787084812.871602,
  'stage_performance' => 0,
  'stage_current_value' => 0,
  'datetime' => 'Tue, 18 Aug 2026 20:26:52 +0000',
  'stage_value' => 0,
  'resume' => 
  array (
    'offset' => NULL,
    'tar_size' => 1025.0,
  ),
  'debug' => 
  array (
    'block_performance' => 32.0,
    'additional' => NULL,
  ),
)
}------------------------------------------------------------
2026-08-18T20:26:52+00:0000825	8	TRACE	0.44Mb	1.16Mb	update_complete
waInstaller::setState
{------------------------------------------------------------
array (
  'start_time' => 1787084808,
  'start_time_float' => 1787084808.627036,
  'elapsed_time' => 0.0,
  'stage' => false,
  'stage_name' => 'update',
  'state_heartbeat' => 0.0006129741668701172,
  'thread_id' => '8',
  'chunk_id' => 'wa-plugins/shipping/sd',
  'stage_status' => 'complete',
  'timestamp' => 1787084812,
  'timestamp_float' => 1787084812.872214,
  'stage_start_time' => 1787084812.872214,
  'stage_performance' => 0,
  'stage_current_value' => 0,
  'datetime' => 'Tue, 18 Aug 2026 20:26:52 +0000',
  'stage_value' => 0,
  'resume' => 
  array (
    'offset' => NULL,
    'tar_size' => 1025.0,
  ),
  'debug' => 
  array (
    'block_performance' => 32.0,
    'additional' => NULL,
  ),
)
}------------------------------------------------------------
2026-08-18T20:26:52+00:0000826	8	TRACE	0.44Mb	1.16Mb	update_heartbeat
waInstaller::setState
{------------------------------------------------------------
array (
  'start_time' => 1787084808,
  'start_time_float' => 1787084808.627036,
  'elapsed_time' => 0.0,
  'stage' => false,
  'stage_name' => 'update',
  'state_heartbeat' => 0.0005428791046142578,
  'thread_id' => '8',
  'chunk_id' => 'wa-plugins/shipping/worldwide',
  'stage_status' => 'heartbeat',
  'timestamp' => 1787084812,
  'timestamp_float' => 1787084812.872754,
  'stage_start_time' => 1787084812.872754,
  'stage_performance' => 0,
  'stage_current_value' => 0,
  'datetime' => 'Tue, 18 Aug 2026 20:26:52 +0000',
  'stage_value' => 0,
  'resume' => 
  array (
    'offset' => NULL,
    'tar_size' => 1025.0,
  ),
  'debug' => 
  array (
    'block_performance' => 32.0,
    'additional' => NULL,
  ),
)
}------------------------------------------------------------
2026-08-18T20:26:52+00:0000827	8	TRACE	0.44Mb	1.16Mb	update_complete
waInstaller::setState
{------------------------------------------------------------
array (
  'start_time' => 1787084808,
  'start_time_float' => 1787084808.627036,
  'elapsed_time' => 0.0,
  'stage' => false,
  'stage_name' => 'update',
  'state_heartbeat' => 0.0005419254302978516,
  'thread_id' => '8',
  'chunk_id' => 'wa-plugins/shipping/worldwide',
  'stage_status' => 'complete',
  'timestamp' => 1787084812,
  'timestamp_float' => 1787084812.873294,
  'stage_start_time' => 1787084812.873295,
  'stage_performance' => 0,
  'stage_current_value' => 0,
  'datetime' => 'Tue, 18 Aug 2026 20:26:52 +0000',
  'stage_value' => 0,
  'resume' => 
  array (
    'offset' => NULL,
    'tar_size' => 1025.0,
  ),
  'debug' => 
  array (
    'block_performance' => 32.0,
    'additional' => NULL,
  ),
)
}------------------------------------------------------------
2026-08-18T20:26:52+00:0000828	8	TRACE	0.44Mb	1.16Mb	update_heartbeat
waInstaller::setState
{------------------------------------------------------------
array (
  'start_time' => 1787084808,
  'start_time_float' => 1787084808.627036,
  'elapsed_time' => 0.0,
  'stage' => false,
  'stage_name' => 'update',
  'state_heartbeat' => 0.0005228519439697266,
  'thread_id' => '8',
  'chunk_id' => 'wa-plugins/sms/webasystsms',
  'stage_status' => 'heartbeat',
  'timestamp' => 1787084812,
  'timestamp_float' => 1787084812.873813,
  'stage_start_time' => 1787084812.873813,
  'stage_performance' => 0,
  'stage_current_value' => 0,
  'datetime' => 'Tue, 18 Aug 2026 20:26:52 +0000',
  'stage_value' => 0,
  'resume' => 
  array (
    'offset' => NULL,
    'tar_size' => 1025.0,
  ),
  'debug' => 
  array (
    'block_performance' => 32.0,
    'additional' => NULL,
  ),
)
}------------------------------------------------------------
2026-08-18T20:26:52+00:0000829	8	TRACE	0.44Mb	1.16Mb	update_complete
waInstaller::setState
{------------------------------------------------------------
array (
  'start_time' => 1787084808,
  'start_time_float' => 1787084808.627036,
  'elapsed_time' => 0.0,
  'stage' => false,
  'stage_name' => 'update',
  'state_heartbeat' => 0.0027229785919189453,
  'thread_id' => '8',
  'chunk_id' => 'wa-plugins/sms/webasystsms',
  'stage_status' => 'complete',
  'timestamp' => 1787084812,
  'timestamp_float' => 1787084812.876535,
  'stage_start_time' => 1787084812.876535,
  'stage_performance' => 0,
  'stage_current_value' => 0,
  'datetime' => 'Tue, 18 Aug 2026 20:26:52 +0000',
  'stage_value' => 0,
  'resume' => 
  array (
    'offset' => NULL,
    'tar_size' => 1025.0,
  ),
  'debug' => 
  array (
    'block_performance' => 32.0,
    'additional' => NULL,
  ),
)
}------------------------------------------------------------
2026-08-18T20:26:52+00:0000830	8	TRACE	0.44Mb	1.16Mb	update_heartbeat
waInstaller::setState
{------------------------------------------------------------
array (
  'start_time' => 1787084808,
  'start_time_float' => 1787084808.627036,
  'elapsed_time' => 0.0,
  'stage' => false,
  'stage_name' => 'update',
  'state_heartbeat' => 0.0005681514739990234,
  'thread_id' => '8',
  'chunk_id' => 'wa-apps/shop/plugins/migrate',
  'stage_status' => 'heartbeat',
  'timestamp' => 1787084812,
  'timestamp_float' => 1787084812.877099,
  'stage_start_time' => 1787084812.8771,
  'stage_performance' => 0,
  'stage_current_value' => 0,
  'datetime' => 'Tue, 18 Aug 2026 20:26:52 +0000',
  'stage_value' => 0,
  'resume' => 
  array (
    'offset' => NULL,
    'tar_size' => 1025.0,
  ),
  'debug' => 
  array (
    'block_performance' => 32.0,
    'additional' => NULL,
  ),
)
}------------------------------------------------------------
2026-08-18T20:26:52+00:0000831	8	TRACE	0.44Mb	1.16Mb	update_complete
waInstaller::setState
{------------------------------------------------------------
array (
  'start_time' => 1787084808,
  'start_time_float' => 1787084808.627036,
  'elapsed_time' => 0.0,
  'stage' => false,
  'stage_name' => 'update',
  'state_heartbeat' => 0.0005910396575927734,
  'thread_id' => '8',
  'chunk_id' => 'wa-apps/shop/plugins/migrate',
  'stage_status' => 'complete',
  'timestamp' => 1787084812,
  'timestamp_float' => 1787084812.877689,
  'stage_start_time' => 1787084812.877689,
  'stage_performance' => 0,
  'stage_current_value' => 0,
  'datetime' => 'Tue, 18 Aug 2026 20:26:52 +0000',
  'stage_value' => 0,
  'resume' => 
  array (
    'offset' => NULL,
    'tar_size' => 1025.0,
  ),
  'debug' => 
  array (
    'block_performance' => 32.0,
    'additional' => NULL,
  ),
)
}------------------------------------------------------------
2026-08-18T20:26:52+00:0000832	8	TRACE	0.44Mb	1.16Mb	update_heartbeat
waInstaller::setState
{------------------------------------------------------------
array (
  'start_time' => 1787084808,
  'start_time_float' => 1787084808.627036,
  'elapsed_time' => 0.0,
  'stage' => false,
  'stage_name' => 'update',
  'state_heartbeat' => 0.0005590915679931641,
  'thread_id' => '8',
  'chunk_id' => 'wa-apps/shop/plugins/redirect',
  'stage_status' => 'heartbeat',
  'timestamp' => 1787084812,
  'timestamp_float' => 1787084812.878245,
  'stage_start_time' => 1787084812.878245,
  'stage_performance' => 0,
  'stage_current_value' => 0,
  'datetime' => 'Tue, 18 Aug 2026 20:26:52 +0000',
  'stage_value' => 0,
  'resume' => 
  array (
    'offset' => NULL,
    'tar_size' => 1025.0,
  ),
  'debug' => 
  array (
    'block_performance' => 32.0,
    'additional' => NULL,
  ),
)
}------------------------------------------------------------
2026-08-18T20:26:52+00:0000833	8	TRACE	0.44Mb	1.16Mb	update_complete
waInstaller::setState
{------------------------------------------------------------
array (
  'start_time' => 1787084808,
  'start_time_float' => 1787084808.627036,
  'elapsed_time' => 0.0,
  'stage' => false,
  'stage_name' => 'update',
  'state_heartbeat' => 0.002295970916748047,
  'thread_id' => '8',
  'chunk_id' => 'wa-apps/shop/plugins/redirect',
  'stage_status' => 'complete',
  'timestamp' => 1787084812,
  'timestamp_float' => 1787084812.88054,
  'stage_start_time' => 1787084812.88054,
  'stage_performance' => 0,
  'stage_current_value' => 0,
  'datetime' => 'Tue, 18 Aug 2026 20:26:52 +0000',
  'stage_value' => 0,
  'resume' => 
  array (
    'offset' => NULL,
    'tar_size' => 1025.0,
  ),
  'debug' => 
  array (
    'block_performance' => 32.0,
    'additional' => NULL,
  ),
)
}------------------------------------------------------------
2026-08-18T20:26:52+00:0000834	8	TRACE	0.44Mb	1.16Mb	update_heartbeat
waInstaller::setState
{------------------------------------------------------------
array (
  'start_time' => 1787084808,
  'start_time_float' => 1787084808.627036,
  'elapsed_time' => 0.0,
  'stage' => false,
  'stage_name' => 'update',
  'state_heartbeat' => 0.0005650520324707031,
  'thread_id' => '8',
  'chunk_id' => 'wa-apps/blog/widgets/comments',
  'stage_status' => 'heartbeat',
  'timestamp' => 1787084812,
  'timestamp_float' => 1787084812.881101,
  'stage_start_time' => 1787084812.881101,
  'stage_performance' => 0,
  'stage_current_value' => 0,
  'datetime' => 'Tue, 18 Aug 2026 20:26:52 +0000',
  'stage_value' => 0,
  'resume' => 
  array (
    'offset' => NULL,
    'tar_size' => 1025.0,
  ),
  'debug' => 
  array (
    'block_performance' => 32.0,
    'additional' => NULL,
  ),
)
}------------------------------------------------------------
2026-08-18T20:26:52+00:0000835	8	TRACE	0.44Mb	1.16Mb	update_complete
waInstaller::setState
{------------------------------------------------------------
array (
  'start_time' => 1787084808,
  'start_time_float' => 1787084808.627036,
  'elapsed_time' => 0.0,
  'stage' => false,
  'stage_name' => 'update',
  'state_heartbeat' => 0.0005872249603271484,
  'thread_id' => '8',
  'chunk_id' => 'wa-apps/blog/widgets/comments',
  'stage_status' => 'complete',
  'timestamp' => 1787084812,
  'timestamp_float' => 1787084812.881687,
  'stage_start_time' => 1787084812.881687,
  'stage_performance' => 0,
  'stage_current_value' => 0,
  'datetime' => 'Tue, 18 Aug 2026 20:26:52 +0000',
  'stage_value' => 0,
  'resume' => 
  array (
    'offset' => NULL,
    'tar_size' => 1025.0,
  ),
  'debug' => 
  array (
    'block_performance' => 32.0,
    'additional' => NULL,
  ),
)
}------------------------------------------------------------
2026-08-18T20:26:52+00:0000836	8	TRACE	0.44Mb	1.16Mb	update_heartbeat
waInstaller::setState
{------------------------------------------------------------
array (
  'start_time' => 1787084808,
  'start_time_float' => 1787084808.627036,
  'elapsed_time' => 0.0,
  'stage' => false,
  'stage_name' => 'update',
  'state_heartbeat' => 0.0018031597137451172,
  'thread_id' => '8',
  'chunk_id' => 'wa-apps/blog/widgets/posts',
  'stage_status' => 'heartbeat',
  'timestamp' => 1787084812,
  'timestamp_float' => 1787084812.883485,
  'stage_start_time' => 1787084812.883485,
  'stage_performance' => 0,
  'stage_current_value' => 0,
  'datetime' => 'Tue, 18 Aug 2026 20:26:52 +0000',
  'stage_value' => 0,
  'resume' => 
  array (
    'offset' => NULL,
    'tar_size' => 1025.0,
  ),
  'debug' => 
  array (
    'block_performance' => 32.0,
    'additional' => NULL,
  ),
)
}------------------------------------------------------------
2026-08-18T20:26:52+00:0000837	8	TRACE	0.44Mb	1.16Mb	update_complete
waInstaller::setState
{------------------------------------------------------------
array (
  'start_time' => 1787084808,
  'start_time_float' => 1787084808.627036,
  'elapsed_time' => 0.0,
  'stage' => false,
  'stage_name' => 'update',
  'state_heartbeat' => 0.0005910396575927734,
  'thread_id' => '8',
  'chunk_id' => 'wa-apps/blog/widgets/posts',
  'stage_status' => 'complete',
  'timestamp' => 1787084812,
  'timestamp_float' => 1787084812.884075,
  'stage_start_time' => 1787084812.884075,
  'stage_performance' => 0,
  'stage_current_value' => 0,
  'datetime' => 'Tue, 18 Aug 2026 20:26:52 +0000',
  'stage_value' => 0,
  'resume' => 
  array (
    'offset' => NULL,
    'tar_size' => 1025.0,
  ),
  'debug' => 
  array (
    'block_performance' => 32.0,
    'additional' => NULL,
  ),
)
}------------------------------------------------------------
2026-08-18T20:26:52+00:0000838	8	TRACE	0.44Mb	1.16Mb	update_heartbeat
waInstaller::setState
{------------------------------------------------------------
array (
  'start_time' => 1787084808,
  'start_time_float' => 1787084808.627036,
  'elapsed_time' => 0.0,
  'stage' => false,
  'stage_name' => 'update',
  'state_heartbeat' => 0.0005841255187988281,
  'thread_id' => '8',
  'chunk_id' => 'wa-apps/files/widgets/uploaded',
  'stage_status' => 'heartbeat',
  'timestamp' => 1787084812,
  'timestamp_float' => 1787084812.884653,
  'stage_start_time' => 1787084812.884653,
  'stage_performance' => 0,
  'stage_current_value' => 0,
  'datetime' => 'Tue, 18 Aug 2026 20:26:52 +0000',
  'stage_value' => 0,
  'resume' => 
  array (
    'offset' => NULL,
    'tar_size' => 1025.0,
  ),
  'debug' => 
  array (
    'block_performance' => 32.0,
    'additional' => NULL,
  ),
)
}------------------------------------------------------------
2026-08-18T20:26:52+00:0000839	8	TRACE	0.44Mb	1.16Mb	update_complete
waInstaller::setState
{------------------------------------------------------------
array (
  'start_time' => 1787084808,
  'start_time_float' => 1787084808.627036,
  'elapsed_time' => 0.0,
  'stage' => false,
  'stage_name' => 'update',
  'state_heartbeat' => 0.0005598068237304688,
  'thread_id' => '8',
  'chunk_id' => 'wa-apps/files/widgets/uploaded',
  'stage_status' => 'complete',
  'timestamp' => 1787084812,
  'timestamp_float' => 1787084812.885212,
  'stage_start_time' => 1787084812.885212,
  'stage_performance' => 0,
  'stage_current_value' => 0,
  'datetime' => 'Tue, 18 Aug 2026 20:26:52 +0000',
  'stage_value' => 0,
  'resume' => 
  array (
    'offset' => NULL,
    'tar_size' => 1025.0,
  ),
  'debug' => 
  array (
    'block_performance' => 32.0,
    'additional' => NULL,
  ),
)
}------------------------------------------------------------
2026-08-18T20:26:52+00:0000840	8	TRACE	0.44Mb	1.16Mb	update_heartbeat
waInstaller::setState
{------------------------------------------------------------
array (
  'start_time' => 1787084808,
  'start_time_float' => 1787084808.627036,
  'elapsed_time' => 0.0,
  'stage' => false,
  'stage_name' => 'update',
  'state_heartbeat' => 0.0005631446838378906,
  'thread_id' => '8',
  'chunk_id' => 'wa-apps/hub/widgets/comments',
  'stage_status' => 'heartbeat',
  'timestamp' => 1787084812,
  'timestamp_float' => 1787084812.885771,
  'stage_start_time' => 1787084812.885771,
  'stage_performance' => 0,
  'stage_current_value' => 0,
  'datetime' => 'Tue, 18 Aug 2026 20:26:52 +0000',
  'stage_value' => 0,
  'resume' => 
  array (
    'offset' => NULL,
    'tar_size' => 1025.0,
  ),
  'debug' => 
  array (
    'block_performance' => 32.0,
    'additional' => NULL,
  ),
)
}------------------------------------------------------------
2026-08-18T20:26:52+00:0000841	8	TRACE	0.44Mb	1.16Mb	update_complete
waInstaller::setState
{------------------------------------------------------------
array (
  'start_time' => 1787084808,
  'start_time_float' => 1787084808.627036,
  'elapsed_time' => 0.0,
  'stage' => false,
  'stage_name' => 'update',
  'state_heartbeat' => 0.0005788803100585938,
  'thread_id' => '8',
  'chunk_id' => 'wa-apps/hub/widgets/comments',
  'stage_status' => 'complete',
  'timestamp' => 1787084812,
  'timestamp_float' => 1787084812.886349,
  'stage_start_time' => 1787084812.886349,
  'stage_performance' => 0,
  'stage_current_value' => 0,
  'datetime' => 'Tue, 18 Aug 2026 20:26:52 +0000',
  'stage_value' => 0,
  'resume' => 
  array (
    'offset' => NULL,
    'tar_size' => 1025.0,
  ),
  'debug' => 
  array (
    'block_performance' => 32.0,
    'additional' => NULL,
  ),
)
}------------------------------------------------------------
2026-08-18T20:26:52+00:0000842	8	TRACE	0.44Mb	1.16Mb	update_heartbeat
waInstaller::setState
{------------------------------------------------------------
array (
  'start_time' => 1787084808,
  'start_time_float' => 1787084808.627036,
  'elapsed_time' => 0.0,
  'stage' => false,
  'stage_name' => 'update',
  'state_heartbeat' => 0.0005660057067871094,
  'thread_id' => '8',
  'chunk_id' => 'wa-apps/photos/widgets/photos',
  'stage_status' => 'heartbeat',
  'timestamp' => 1787084812,
  'timestamp_float' => 1787084812.88691,
  'stage_start_time' => 1787084812.886911,
  'stage_performance' => 0,
  'stage_current_value' => 0,
  'datetime' => 'Tue, 18 Aug 2026 20:26:52 +0000',
  'stage_value' => 0,
  'resume' => 
  array (
    'offset' => NULL,
    'tar_size' => 1025.0,
  ),
  'debug' => 
  array (
    'block_performance' => 32.0,
    'additional' => NULL,
  ),
)
}------------------------------------------------------------
2026-08-18T20:26:52+00:0000843	8	TRACE	0.44Mb	1.16Mb	update_complete
waInstaller::setState
{------------------------------------------------------------
array (
  'start_time' => 1787084808,
  'start_time_float' => 1787084808.627036,
  'elapsed_time' => 0.0,
  'stage' => false,
  'stage_name' => 'update',
  'state_heartbeat' => 0.0008029937744140625,
  'thread_id' => '8',
  'chunk_id' => 'wa-apps/photos/widgets/photos',
  'stage_status' => 'complete',
  'timestamp' => 1787084812,
  'timestamp_float' => 1787084812.887712,
  'stage_start_time' => 1787084812.887712,
  'stage_performance' => 0,
  'stage_current_value' => 0,
  'datetime' => 'Tue, 18 Aug 2026 20:26:52 +0000',
  'stage_value' => 0,
  'resume' => 
  array (
    'offset' => NULL,
    'tar_size' => 1025.0,
  ),
  'debug' => 
  array (
    'block_performance' => 32.0,
    'additional' => NULL,
  ),
)
}------------------------------------------------------------
2026-08-18T20:26:52+00:0000844	8	TRACE	0.44Mb	1.16Mb	update_heartbeat
waInstaller::setState
{------------------------------------------------------------
array (
  'start_time' => 1787084808,
  'start_time_float' => 1787084808.627036,
  'elapsed_time' => 0.0,
  'stage' => false,
  'stage_name' => 'update',
  'state_heartbeat' => 0.0005919933319091797,
  'thread_id' => '8',
  'chunk_id' => 'wa-apps/shop/widgets/customers',
  'stage_status' => 'heartbeat',
  'timestamp' => 1787084812,
  'timestamp_float' => 1787084812.8883,
  'stage_start_time' => 1787084812.8883,
  'stage_performance' => 0,
  'stage_current_value' => 0,
  'datetime' => 'Tue, 18 Aug 2026 20:26:52 +0000',
  'stage_value' => 0,
  'resume' => 
  array (
    'offset' => NULL,
    'tar_size' => 1025.0,
  ),
  'debug' => 
  array (
    'block_performance' => 32.0,
    'additional' => NULL,
  ),
)
}------------------------------------------------------------
2026-08-18T20:26:52+00:0000845	8	TRACE	0.44Mb	1.16Mb	update_complete
waInstaller::setState
{------------------------------------------------------------
array (
  'start_time' => 1787084808,
  'start_time_float' => 1787084808.627036,
  'elapsed_time' => 0.0,
  'stage' => false,
  'stage_name' => 'update',
  'state_heartbeat' => 0.0005381107330322266,
  'thread_id' => '8',
  'chunk_id' => 'wa-apps/shop/widgets/customers',
  'stage_status' => 'complete',
  'timestamp' => 1787084812,
  'timestamp_float' => 1787084812.888837,
  'stage_start_time' => 1787084812.888837,
  'stage_performance' => 0,
  'stage_current_value' => 0,
  'datetime' => 'Tue, 18 Aug 2026 20:26:52 +0000',
  'stage_value' => 0,
  'resume' => 
  array (
    'offset' => NULL,
    'tar_size' => 1025.0,
  ),
  'debug' => 
  array (
    'block_performance' => 32.0,
    'additional' => NULL,
  ),
)
}------------------------------------------------------------
2026-08-18T20:26:52+00:0000846	8	TRACE	0.44Mb	1.16Mb	update_heartbeat
waInstaller::setState
{------------------------------------------------------------
array (
  'start_time' => 1787084808,
  'start_time_float' => 1787084808.627036,
  'elapsed_time' => 0.0,
  'stage' => false,
  'stage_name' => 'update',
  'state_heartbeat' => 0.0005488395690917969,
  'thread_id' => '8',
  'chunk_id' => 'wa-apps/shop/widgets/kpi',
  'stage_status' => 'heartbeat',
  'timestamp' => 1787084812,
  'timestamp_float' => 1787084812.889382,
  'stage_start_time' => 1787084812.889382,
  'stage_performance' => 0,
  'stage_current_value' => 0,
  'datetime' => 'Tue, 18 Aug 2026 20:26:52 +0000',
  'stage_value' => 0,
  'resume' => 
  array (
    'offset' => NULL,
    'tar_size' => 1025.0,
  ),
  'debug' => 
  array (
    'block_performance' => 32.0,
    'additional' => NULL,
  ),
)
}------------------------------------------------------------
2026-08-18T20:26:52+00:0000847	8	TRACE	0.44Mb	1.16Mb	update_complete
waInstaller::setState
{------------------------------------------------------------
array (
  'start_time' => 1787084808,
  'start_time_float' => 1787084808.627036,
  'elapsed_time' => 0.0,
  'stage' => false,
  'stage_name' => 'update',
  'state_heartbeat' => 0.0005781650543212891,
  'thread_id' => '8',
  'chunk_id' => 'wa-apps/shop/widgets/kpi',
  'stage_status' => 'complete',
  'timestamp' => 1787084812,
  'timestamp_float' => 1787084812.889958,
  'stage_start_time' => 1787084812.889958,
  'stage_performance' => 0,
  'stage_current_value' => 0,
  'datetime' => 'Tue, 18 Aug 2026 20:26:52 +0000',
  'stage_value' => 0,
  'resume' => 
  array (
    'offset' => NULL,
    'tar_size' => 1025.0,
  ),
  'debug' => 
  array (
    'block_performance' => 32.0,
    'additional' => NULL,
  ),
)
}------------------------------------------------------------
2026-08-18T20:26:52+00:0000848	8	TRACE	0.44Mb	1.16Mb	update_heartbeat
waInstaller::setState
{------------------------------------------------------------
array (
  'start_time' => 1787084808,
  'start_time_float' => 1787084808.627036,
  'elapsed_time' => 0.0,
  'stage' => false,
  'stage_name' => 'update',
  'state_heartbeat' => 0.0005919933319091797,
  'thread_id' => '8',
  'chunk_id' => 'wa-apps/shop/widgets/products',
  'stage_status' => 'heartbeat',
  'timestamp' => 1787084812,
  'timestamp_float' => 1787084812.890546,
  'stage_start_time' => 1787084812.890546,
  'stage_performance' => 0,
  'stage_current_value' => 0,
  'datetime' => 'Tue, 18 Aug 2026 20:26:52 +0000',
  'stage_value' => 0,
  'resume' => 
  array (
    'offset' => NULL,
    'tar_size' => 1025.0,
  ),
  'debug' => 
  array (
    'block_performance' => 32.0,
    'additional' => NULL,
  ),
)
}------------------------------------------------------------
2026-08-18T20:26:52+00:0000849	8	TRACE	0.44Mb	1.16Mb	update_complete
waInstaller::setState
{------------------------------------------------------------
array (
  'start_time' => 1787084808,
  'start_time_float' => 1787084808.627036,
  'elapsed_time' => 0.0,
  'stage' => false,
  'stage_name' => 'update',
  'state_heartbeat' => 0.0006070137023925781,
  'thread_id' => '8',
  'chunk_id' => 'wa-apps/shop/widgets/products',
  'stage_status' => 'complete',
  'timestamp' => 1787084812,
  'timestamp_float' => 1787084812.891151,
  'stage_start_time' => 1787084812.891151,
  'stage_performance' => 0,
  'stage_current_value' => 0,
  'datetime' => 'Tue, 18 Aug 2026 20:26:52 +0000',
  'stage_value' => 0,
  'resume' => 
  array (
    'offset' => NULL,
    'tar_size' => 1025.0,
  ),
  'debug' => 
  array (
    'block_performance' => 32.0,
    'additional' => NULL,
  ),
)
}------------------------------------------------------------
2026-08-18T20:26:52+00:0000850	8	TRACE	0.44Mb	1.16Mb	update_heartbeat
waInstaller::setState
{------------------------------------------------------------
array (
  'start_time' => 1787084808,
  'start_time_float' => 1787084808.627036,
  'elapsed_time' => 0.0,
  'stage' => false,
  'stage_name' => 'update',
  'state_heartbeat' => 0.0005280971527099609,
  'thread_id' => '8',
  'chunk_id' => 'wa-apps/shop/widgets/sources',
  'stage_status' => 'heartbeat',
  'timestamp' => 1787084812,
  'timestamp_float' => 1787084812.891675,
  'stage_start_time' => 1787084812.891675,
  'stage_performance' => 0,
  'stage_current_value' => 0,
  'datetime' => 'Tue, 18 Aug 2026 20:26:52 +0000',
  'stage_value' => 0,
  'resume' => 
  array (
    'offset' => NULL,
    'tar_size' => 1025.0,
  ),
  'debug' => 
  array (
    'block_performance' => 32.0,
    'additional' => NULL,
  ),
)
}------------------------------------------------------------
2026-08-18T20:26:52+00:0000851	8	TRACE	0.44Mb	1.16Mb	update_complete
waInstaller::setState
{------------------------------------------------------------
array (
  'start_time' => 1787084808,
  'start_time_float' => 1787084808.627036,
  'elapsed_time' => 0.0,
  'stage' => false,
  'stage_name' => 'update',
  'state_heartbeat' => 0.0005679130554199219,
  'thread_id' => '8',
  'chunk_id' => 'wa-apps/shop/widgets/sources',
  'stage_status' => 'complete',
  'timestamp' => 1787084812,
  'timestamp_float' => 1787084812.892242,
  'stage_start_time' => 1787084812.892242,
  'stage_performance' => 0,
  'stage_current_value' => 0,
  'datetime' => 'Tue, 18 Aug 2026 20:26:52 +0000',
  'stage_value' => 0,
  'resume' => 
  array (
    'offset' => NULL,
    'tar_size' => 1025.0,
  ),
  'debug' => 
  array (
    'block_performance' => 32.0,
    'additional' => NULL,
  ),
)
}------------------------------------------------------------
2026-08-18T20:26:52+00:0000852	8	DEBUG	0.44Mb	1.16Mb	update_complete
waInstaller::update
{------------------------------------------------------------
array (
  'update_list' => 
  array (
    0 => 
    array (
      'source' => '/var/www/pharmab2b/httpdocs/wa-sources/wa-content.tar.gz',
      'target' => 'wa-content/',
      'slug' => 'wa-content',
      'extract_path' => 'wa-data/protected/wa-installer/8/update/wa-content/',
      'pass' => false,
      'skipped' => false,
      'dependent' => false,
      'current_size' => 0,
      'archive' => '/var/www/pharmab2b/httpdocs/wa-sources/wa-content.tar.gz',
      'backup' => false,
      'info' => NULL,
    ),
    1 => 
    array (
      'source' => '/var/www/pharmab2b/httpdocs/wa-sources/wa-system.tar.gz',
      'target' => 'wa-system/',
      'slug' => 'wa-system',
      'extract_path' => 'wa-data/protected/wa-installer/8/update/wa-system/',
      'pass' => false,
      'skipped' => false,
      'dependent' => false,
      'current_size' => 0,
      'archive' => '/var/www/pharmab2b/httpdocs/wa-sources/wa-system.tar.gz',
      'backup' => false,
      'info' => NULL,
    ),
    13 => 
    array (
      'source' => '/var/www/pharmab2b/httpdocs/wa-sources/wa-widgets/clock.tar.gz',
      'target' => 'wa-widgets/clock/',
      'slug' => 'wa-widgets/clock',
      'extract_path' => 'wa-data/protected/wa-installer/8/update/wa-widgets/clock/',
      'pass' => false,
      'skipped' => false,
      'dependent' => false,
      'current_size' => 0,
      'archive' => '/var/www/pharmab2b/httpdocs/wa-sources/wa-widgets/clock.tar.gz',
      'backup' => false,
      'info' => NULL,
    ),
    14 => 
    array (
      'source' => '/var/www/pharmab2b/httpdocs/wa-sources/wa-widgets/currencyquotes.tar.gz',
      'target' => 'wa-widgets/currencyquotes/',
      'slug' => 'wa-widgets/currencyquotes',
      'extract_path' => 'wa-data/protected/wa-installer/8/update/wa-widgets/currencyquotes/',
      'pass' => false,
      'skipped' => false,
      'dependent' => false,
      'current_size' => 0,
      'archive' => '/var/www/pharmab2b/httpdocs/wa-sources/wa-widgets/currencyquotes.tar.gz',
      'backup' => false,
      'info' => NULL,
    ),
    15 => 
    array (
      'source' => '/var/www/pharmab2b/httpdocs/wa-sources/wa-widgets/news.tar.gz',
      'target' => 'wa-widgets/news/',
      'slug' => 'wa-widgets/news',
      'extract_path' => 'wa-data/protected/wa-installer/8/update/wa-widgets/news/',
      'pass' => false,
      'skipped' => false,
      'dependent' => false,
      'current_size' => 0,
      'archive' => '/var/www/pharmab2b/httpdocs/wa-sources/wa-widgets/news.tar.gz',
      'backup' => false,
      'info' => NULL,
    ),
    2 => 
    array (
      'source' => '/var/www/pharmab2b/httpdocs/wa-sources/wa-apps/blog.tar.gz',
      'target' => 'wa-apps/blog/',
      'slug' => 'wa-apps/blog',
      'extract_path' => 'wa-data/protected/wa-installer/8/update/wa-apps/blog/',
      'pass' => false,
      'skipped' => false,
      'dependent' => false,
      'current_size' => 0,
      'archive' => '/var/www/pharmab2b/httpdocs/wa-sources/wa-apps/blog.tar.gz',
      'backup' => false,
      'info' => NULL,
    ),
    3 => 
    array (
      'source' => '/var/www/pharmab2b/httpdocs/wa-sources/wa-apps/crm.tar.gz',
      'target' => 'wa-apps/crm/',
      'slug' => 'wa-apps/crm',
      'extract_path' => 'wa-data/protected/wa-installer/8/update/wa-apps/crm/',
      'pass' => false,
      'skipped' => false,
      'dependent' => false,
      'current_size' => 0,
      'archive' => '/var/www/pharmab2b/httpdocs/wa-sources/wa-apps/crm.tar.gz',
      'backup' => false,
      'info' => NULL,
    ),
    4 => 
    array (
      'source' => '/var/www/pharmab2b/httpdocs/wa-sources/wa-apps/files.tar.gz',
      'target' => 'wa-apps/files/',
      'slug' => 'wa-apps/files',
      'extract_path' => 'wa-data/protected/wa-installer/8/update/wa-apps/files/',
      'pass' => false,
      'skipped' => false,
      'dependent' => false,
      'current_size' => 0,
      'archive' => '/var/www/pharmab2b/httpdocs/wa-sources/wa-apps/files.tar.gz',
      'backup' => false,
      'info' => NULL,
    ),
    5 => 
    array (
      'source' => '/var/www/pharmab2b/httpdocs/wa-sources/wa-apps/hub.tar.gz',
      'target' => 'wa-apps/hub/',
      'slug' => 'wa-apps/hub',
      'extract_path' => 'wa-data/protected/wa-installer/8/update/wa-apps/hub/',
      'pass' => false,
      'skipped' => false,
      'dependent' => false,
      'current_size' => 0,
      'archive' => '/var/www/pharmab2b/httpdocs/wa-sources/wa-apps/hub.tar.gz',
      'backup' => false,
      'info' => NULL,
    ),
    6 => 
    array (
      'source' => '/var/www/pharmab2b/httpdocs/wa-sources/wa-apps/installer.tar.gz',
      'target' => 'wa-apps/installer/',
      'slug' => 'wa-apps/installer',
      'extract_path' => 'wa-data/protected/wa-installer/8/update/wa-apps/installer/',
      'pass' => false,
      'skipped' => false,
      'dependent' => false,
      'current_size' => 0,
      'archive' => '/var/www/pharmab2b/httpdocs/wa-sources/wa-apps/installer.tar.gz',
      'backup' => false,
      'info' => NULL,
    ),
    7 => 
    array (
      'source' => '/var/www/pharmab2b/httpdocs/wa-sources/wa-apps/mailer.tar.gz',
      'target' => 'wa-apps/mailer/',
      'slug' => 'wa-apps/mailer',
      'extract_path' => 'wa-data/protected/wa-installer/8/update/wa-apps/mailer/',
      'pass' => false,
      'skipped' => false,
      'dependent' => false,
      'current_size' => 0,
      'archive' => '/var/www/pharmab2b/httpdocs/wa-sources/wa-apps/mailer.tar.gz',
      'backup' => false,
      'info' => NULL,
    ),
    8 => 
    array (
      'source' => '/var/www/pharmab2b/httpdocs/wa-sources/wa-apps/photos.tar.gz',
      'target' => 'wa-apps/photos/',
      'slug' => 'wa-apps/photos',
      'extract_path' => 'wa-data/protected/wa-installer/8/update/wa-apps/photos/',
      'pass' => false,
      'skipped' => false,
      'dependent' => false,
      'current_size' => 0,
      'archive' => '/var/www/pharmab2b/httpdocs/wa-sources/wa-apps/photos.tar.gz',
      'backup' => false,
      'info' => NULL,
    ),
    9 => 
    array (
      'source' => '/var/www/pharmab2b/httpdocs/wa-sources/wa-apps/shop.tar.gz',
      'target' => 'wa-apps/shop/',
      'slug' => 'wa-apps/shop',
      'extract_path' => 'wa-data/protected/wa-installer/8/update/wa-apps/shop/',
      'pass' => false,
      'skipped' => false,
      'dependent' => false,
      'current_size' => 0,
      'archive' => '/var/www/pharmab2b/httpdocs/wa-sources/wa-apps/shop.tar.gz',
      'backup' => false,
      'info' => NULL,
    ),
    10 => 
    array (
      'source' => '/var/www/pharmab2b/httpdocs/wa-sources/wa-apps/site.tar.gz',
      'target' => 'wa-apps/site/',
      'slug' => 'wa-apps/site',
      'extract_path' => 'wa-data/protected/wa-installer/8/update/wa-apps/site/',
      'pass' => false,
      'skipped' => false,
      'dependent' => false,
      'current_size' => 0,
      'archive' => '/var/www/pharmab2b/httpdocs/wa-sources/wa-apps/site.tar.gz',
      'backup' => false,
      'info' => NULL,
    ),
    11 => 
    array (
      'source' => '/var/www/pharmab2b/httpdocs/wa-sources/wa-apps/tasks.tar.gz',
      'target' => 'wa-apps/tasks/',
      'slug' => 'wa-apps/tasks',
      'extract_path' => 'wa-data/protected/wa-installer/8/update/wa-apps/tasks/',
      'pass' => false,
      'skipped' => false,
      'dependent' => false,
      'current_size' => 0,
      'archive' => '/var/www/pharmab2b/httpdocs/wa-sources/wa-apps/tasks.tar.gz',
      'backup' => false,
      'info' => NULL,
    ),
    12 => 
    array (
      'source' => '/var/www/pharmab2b/httpdocs/wa-sources/wa-apps/team.tar.gz',
      'target' => 'wa-apps/team/',
      'slug' => 'wa-apps/team',
      'extract_path' => 'wa-data/protected/wa-installer/8/update/wa-apps/team/',
      'pass' => false,
      'skipped' => false,
      'dependent' => false,
      'current_size' => 0,
      'archive' => '/var/www/pharmab2b/httpdocs/wa-sources/wa-apps/team.tar.gz',
      'backup' => false,
      'info' => NULL,
    ),
    16 => 
    array (
      'source' => '/var/www/pharmab2b/httpdocs/wa-sources/wa-widgets/weather.tar.gz',
      'target' => 'wa-widgets/weather/',
      'slug' => 'wa-widgets/weather',
      'extract_path' => 'wa-data/protected/wa-installer/8/update/wa-widgets/weather/',
      'pass' => false,
      'skipped' => false,
      'dependent' => false,
      'current_size' => 0,
      'archive' => '/var/www/pharmab2b/httpdocs/wa-sources/wa-widgets/weather.tar.gz',
      'backup' => false,
      'info' => NULL,
    ),
    28 => 
    array (
      'source' => '/var/www/pharmab2b/httpdocs/wa-sources/wa-plugins/shipping/courier.tar.gz',
      'target' => 'wa-plugins/shipping/courier/',
      'slug' => 'wa-plugins/shipping/courier',
      'extract_path' => 'wa-data/protected/wa-installer/8/update/wa-plugins/shipping/courier/',
      'pass' => false,
      'skipped' => false,
      'dependent' => false,
      'current_size' => 0,
      'archive' => '/var/www/pharmab2b/httpdocs/wa-sources/wa-plugins/shipping/courier.tar.gz',
      'backup' => false,
      'info' => NULL,
    ),
    29 => 
    array (
      'source' => '/var/www/pharmab2b/httpdocs/wa-sources/wa-plugins/shipping/sd.tar.gz',
      'target' => 'wa-plugins/shipping/sd/',
      'slug' => 'wa-plugins/shipping/sd',
      'extract_path' => 'wa-data/protected/wa-installer/8/update/wa-plugins/shipping/sd/',
      'pass' => false,
      'skipped' => false,
      'dependent' => false,
      'current_size' => 0,
      'archive' => '/var/www/pharmab2b/httpdocs/wa-sources/wa-plugins/shipping/sd.tar.gz',
      'backup' => false,
      'info' => NULL,
    ),
    30 => 
    array (
      'source' => '/var/www/pharmab2b/httpdocs/wa-sources/wa-plugins/shipping/worldwide.tar.gz',
      'target' => 'wa-plugins/shipping/worldwide/',
      'slug' => 'wa-plugins/shipping/worldwide',
      'extract_path' => 'wa-data/protected/wa-installer/8/update/wa-plugins/shipping/worldwide/',
      'pass' => false,
      'skipped' => false,
      'dependent' => false,
      'current_size' => 0,
      'archive' => '/var/www/pharmab2b/httpdocs/wa-sources/wa-plugins/shipping/worldwide.tar.gz',
      'backup' => false,
      'info' => NULL,
    ),
    31 => 
    array (
      'source' => '/var/www/pharmab2b/httpdocs/wa-sources/wa-plugins/sms/webasystsms.tar.gz',
      'target' => 'wa-plugins/sms/webasystsms/',
      'slug' => 'wa-plugins/sms/webasystsms',
      'extract_path' => 'wa-data/protected/wa-installer/8/update/wa-plugins/sms/webasystsms/',
      'pass' => false,
      'skipped' => false,
      'dependent' => false,
      'current_size' => 0,
      'archive' => '/var/www/pharmab2b/httpdocs/wa-sources/wa-plugins/sms/webasystsms.tar.gz',
      'backup' => false,
      'info' => NULL,
    ),
    17 => 
    array (
      'source' => '/var/www/pharmab2b/httpdocs/wa-sources/wa-apps/shop/plugins/migrate.tar.gz',
      'target' => 'wa-apps/shop/plugins/migrate/',
      'slug' => 'wa-apps/shop/plugins/migrate',
      'extract_path' => 'wa-data/protected/wa-installer/8/update/wa-apps/shop/plugins/migrate/',
      'pass' => false,
      'skipped' => false,
      'dependent' => true,
      'current_size' => false,
      'archive' => '/var/www/pharmab2b/httpdocs/wa-sources/wa-apps/shop/plugins/migrate.tar.gz',
      'info' => NULL,
    ),
    18 => 
    array (
      'source' => '/var/www/pharmab2b/httpdocs/wa-sources/wa-apps/shop/plugins/redirect.tar.gz',
      'target' => 'wa-apps/shop/plugins/redirect/',
      'slug' => 'wa-apps/shop/plugins/redirect',
      'extract_path' => 'wa-data/protected/wa-installer/8/update/wa-apps/shop/plugins/redirect/',
      'pass' => false,
      'skipped' => false,
      'dependent' => true,
      'current_size' => false,
      'archive' => '/var/www/pharmab2b/httpdocs/wa-sources/wa-apps/shop/plugins/redirect.tar.gz',
      'info' => NULL,
    ),
    19 => 
    array (
      'source' => '/var/www/pharmab2b/httpdocs/wa-sources/wa-apps/blog/widgets/comments.tar.gz',
      'target' => 'wa-apps/blog/widgets/comments/',
      'slug' => 'wa-apps/blog/widgets/comments',
      'extract_path' => 'wa-data/protected/wa-installer/8/update/wa-apps/blog/widgets/comments/',
      'pass' => false,
      'skipped' => false,
      'dependent' => true,
      'current_size' => false,
      'archive' => '/var/www/pharmab2b/httpdocs/wa-sources/wa-apps/blog/widgets/comments.tar.gz',
      'info' => NULL,
    ),
    20 => 
    array (
      'source' => '/var/www/pharmab2b/httpdocs/wa-sources/wa-apps/blog/widgets/posts.tar.gz',
      'target' => 'wa-apps/blog/widgets/posts/',
      'slug' => 'wa-apps/blog/widgets/posts',
      'extract_path' => 'wa-data/protected/wa-installer/8/update/wa-apps/blog/widgets/posts/',
      'pass' => false,
      'skipped' => false,
      'dependent' => true,
      'current_size' => false,
      'archive' => '/var/www/pharmab2b/httpdocs/wa-sources/wa-apps/blog/widgets/posts.tar.gz',
      'info' => NULL,
    ),
    21 => 
    array (
      'source' => '/var/www/pharmab2b/httpdocs/wa-sources/wa-apps/files/widgets/uploaded.tar.gz',
      'target' => 'wa-apps/files/widgets/uploaded/',
      'slug' => 'wa-apps/files/widgets/uploaded',
      'extract_path' => 'wa-data/protected/wa-installer/8/update/wa-apps/files/widgets/uploaded/',
      'pass' => false,
      'skipped' => false,
      'dependent' => true,
      'current_size' => false,
      'archive' => '/var/www/pharmab2b/httpdocs/wa-sources/wa-apps/files/widgets/uploaded.tar.gz',
      'info' => NULL,
    ),
    22 => 
    array (
      'source' => '/var/www/pharmab2b/httpdocs/wa-sources/wa-apps/hub/widgets/comments.tar.gz',
      'target' => 'wa-apps/hub/widgets/comments/',
      'slug' => 'wa-apps/hub/widgets/comments',
      'extract_path' => 'wa-data/protected/wa-installer/8/update/wa-apps/hub/widgets/comments/',
      'pass' => false,
      'skipped' => false,
      'dependent' => true,
      'current_size' => false,
      'archive' => '/var/www/pharmab2b/httpdocs/wa-sources/wa-apps/hub/widgets/comments.tar.gz',
      'info' => NULL,
    ),
    23 => 
    array (
      'source' => '/var/www/pharmab2b/httpdocs/wa-sources/wa-apps/photos/widgets/photos.tar.gz',
      'target' => 'wa-apps/photos/widgets/photos/',
      'slug' => 'wa-apps/photos/widgets/photos',
      'extract_path' => 'wa-data/protected/wa-installer/8/update/wa-apps/photos/widgets/photos/',
      'pass' => false,
      'skipped' => false,
      'dependent' => true,
      'current_size' => false,
      'archive' => '/var/www/pharmab2b/httpdocs/wa-sources/wa-apps/photos/widgets/photos.tar.gz',
      'info' => NULL,
    ),
    24 => 
    array (
      'source' => '/var/www/pharmab2b/httpdocs/wa-sources/wa-apps/shop/widgets/customers.tar.gz',
      'target' => 'wa-apps/shop/widgets/customers/',
      'slug' => 'wa-apps/shop/widgets/customers',
      'extract_path' => 'wa-data/protected/wa-installer/8/update/wa-apps/shop/widgets/customers/',
      'pass' => false,
      'skipped' => false,
      'dependent' => true,
      'current_size' => false,
      'archive' => '/var/www/pharmab2b/httpdocs/wa-sources/wa-apps/shop/widgets/customers.tar.gz',
      'info' => NULL,
    ),
    25 => 
    array (
      'source' => '/var/www/pharmab2b/httpdocs/wa-sources/wa-apps/shop/widgets/kpi.tar.gz',
      'target' => 'wa-apps/shop/widgets/kpi/',
      'slug' => 'wa-apps/shop/widgets/kpi',
      'extract_path' => 'wa-data/protected/wa-installer/8/update/wa-apps/shop/widgets/kpi/',
      'pass' => false,
      'skipped' => false,
      'dependent' => true,
      'current_size' => false,
      'archive' => '/var/www/pharmab2b/httpdocs/wa-sources/wa-apps/shop/widgets/kpi.tar.gz',
      'info' => NULL,
    ),
    26 => 
    array (
      'source' => '/var/www/pharmab2b/httpdocs/wa-sources/wa-apps/shop/widgets/products.tar.gz',
      'target' => 'wa-apps/shop/widgets/products/',
      'slug' => 'wa-apps/shop/widgets/products',
      'extract_path' => 'wa-data/protected/wa-installer/8/update/wa-apps/shop/widgets/products/',
      'pass' => false,
      'skipped' => false,
      'dependent' => true,
      'current_size' => false,
      'archive' => '/var/www/pharmab2b/httpdocs/wa-sources/wa-apps/shop/widgets/products.tar.gz',
      'info' => NULL,
    ),
    27 => 
    array (
      'source' => '/var/www/pharmab2b/httpdocs/wa-sources/wa-apps/shop/widgets/sources.tar.gz',
      'target' => 'wa-apps/shop/widgets/sources/',
      'slug' => 'wa-apps/shop/widgets/sources',
      'extract_path' => 'wa-data/protected/wa-installer/8/update/wa-apps/shop/widgets/sources/',
      'pass' => false,
      'skipped' => false,
      'dependent' => true,
      'current_size' => false,
      'archive' => '/var/www/pharmab2b/httpdocs/wa-sources/wa-apps/shop/widgets/sources.tar.gz',
      'info' => NULL,
    ),
  ),
)
}------------------------------------------------------------
2026-08-18T20:26:52+00:0000853	8	TRACE	0.57Mb	1.16Mb	update_complete
waInstaller::__destruct called



